{
    "queries": [
        "Must Visit cities for your bucket list"
    ],
    "iteration": 0,
    "retrieved_lists": [
        [
            "392",
            "497",
            "320",
            "400",
            "180",
            "251",
            "543",
            "199",
            "343",
            "204"
        ]
    ],
    "all_sim_scores": [
        [
            0.4165574908256531,
            0.4001889228820801,
            0.39825576543807983,
            0.3972376585006714,
            0.3907688856124878,
            0.38687774538993835,
            0.3825492262840271,
            0.37966209650039673,
            0.37836048007011414,
            0.376104474067688
        ]
    ],
    "last_action_method": "return_last_retrieved_list",
    "curr_top_k_docIDs": [
        "392",
        "497",
        "320",
        "400",
        "180",
        "251",
        "543",
        "199",
        "343",
        "204"
    ],
    "terminate": true,
    "state_history": [
        {
            "queries": [
                "Must Visit cities for your bucket list"
            ],
            "iteration": 0
        },
        {
            "queries": [
                "Must Visit cities for your bucket list"
            ],
            "iteration": 0,
            "retrieved_lists": [
                [
                    "392",
                    "497",
                    "320",
                    "400",
                    "180",
                    "251",
                    "543",
                    "199",
                    "343",
                    "204"
                ]
            ],
            "all_sim_scores": [
                [
                    0.4165574908256531,
                    0.4001889228820801,
                    0.39825576543807983,
                    0.3972376585006714,
                    0.3907688856124878,
                    0.38687774538993835,
                    0.3825492262840271,
                    0.37966209650039673,
                    0.37836048007011414,
                    0.376104474067688
                ]
            ],
            "last_action_method": "rank"
        },
        {
            "queries": [
                "Must Visit cities for your bucket list"
            ],
            "iteration": 0,
            "retrieved_lists": [
                [
                    "392",
                    "497",
                    "320",
                    "400",
                    "180",
                    "251",
                    "543",
                    "199",
                    "343",
                    "204"
                ]
            ],
            "all_sim_scores": [
                [
                    0.4165574908256531,
                    0.4001889228820801,
                    0.39825576543807983,
                    0.3972376585006714,
                    0.3907688856124878,
                    0.38687774538993835,
                    0.3825492262840271,
                    0.37966209650039673,
                    0.37836048007011414,
                    0.376104474067688
                ]
            ],
            "last_action_method": "return_last_retrieved_list",
            "curr_top_k_docIDs": [
                "392",
                "497",
                "320",
                "400",
                "180",
                "251",
                "543",
                "199",
                "343",
                "204"
            ],
            "terminate": true
        }
    ]
}