{
    "queries": [
        "when did the anti smacking law come in nz"
    ],
    "iteration": 0,
    "retrieved_lists": [
        [
            "doc38339",
            "doc1432820",
            "doc1287737",
            "doc33860",
            "doc815697",
            "doc684825",
            "doc1138940",
            "doc2306095",
            "doc393357",
            "doc2335505",
            "doc1857746",
            "doc994323",
            "doc2083770",
            "doc2038289",
            "doc283453",
            "doc2679792",
            "doc578879",
            "doc666129",
            "doc2109142",
            "doc1751692",
            "doc2175757",
            "doc981576",
            "doc2345859",
            "doc2306113",
            "doc256834",
            "doc463939",
            "doc2122995",
            "doc2123335",
            "doc1810491",
            "doc2646015",
            "doc1960512",
            "doc1076421",
            "doc1138799",
            "doc791044",
            "doc1138909",
            "doc901624",
            "doc172130",
            "doc418486",
            "doc221",
            "doc1163249",
            "doc1144383",
            "doc564196",
            "doc2328702",
            "doc1288462",
            "doc1380763",
            "doc1580168",
            "doc2263895",
            "doc1342085",
            "doc1065069",
            "doc1983779",
            "doc1523859",
            "doc2452892",
            "doc1459569",
            "doc1361153",
            "doc1793854",
            "doc400204",
            "doc1103399",
            "doc2083768",
            "doc1022080",
            "doc1423129"
        ]
    ],
    "all_sim_scores": [
        [
            0.713828444480896,
            0.4584920406341553,
            0.4062868356704712,
            0.40517425537109375,
            0.36995962262153625,
            0.3596149682998657,
            0.34965166449546814,
            0.34856143593788147,
            0.34827160835266113,
            0.345883309841156,
            0.34123027324676514,
            0.3263932764530182,
            0.3236696124076843,
            0.31610217690467834,
            0.31153762340545654,
            0.3072361350059509,
            0.30577918887138367,
            0.3053957223892212,
            0.3027344346046448,
            0.3001859784126282,
            0.2995151877403259,
            0.2987329363822937,
            0.2944026589393616,
            0.2938522696495056,
            0.2924003601074219,
            0.2918042540550232,
            0.2899180054664612,
            0.2872377336025238,
            0.2867622971534729,
            0.2862994074821472,
            0.28446269035339355,
            0.28403323888778687,
            0.2829332649707794,
            0.2810617983341217,
            0.28102171421051025,
            0.28098708391189575,
            0.27485111355781555,
            0.27355992794036865,
            0.2732093334197998,
            0.27171507477760315,
            0.2716139554977417,
            0.2706772983074188,
            0.27058666944503784,
            0.27054810523986816,
            0.27032482624053955,
            0.27027565240859985,
            0.2700081467628479,
            0.2695794403553009,
            0.269230455160141,
            0.2664634883403778,
            0.26633089780807495,
            0.26516807079315186,
            0.26187726855278015,
            0.2616303861141205,
            0.2608885169029236,
            0.2596904933452606,
            0.25927749276161194,
            0.2589443624019623,
            0.25768041610717773,
            0.2574109435081482
        ]
    ],
    "last_action_method": "return_last_retrieved_list",
    "curr_top_k_docIDs": [
        "doc38339",
        "doc1432820",
        "doc1287737",
        "doc33860",
        "doc815697",
        "doc684825",
        "doc1138940",
        "doc2306095",
        "doc393357",
        "doc2335505",
        "doc1857746",
        "doc994323",
        "doc2083770",
        "doc2038289",
        "doc283453",
        "doc2679792",
        "doc578879",
        "doc666129",
        "doc2109142",
        "doc1751692",
        "doc2175757",
        "doc981576",
        "doc2345859",
        "doc2306113",
        "doc256834",
        "doc463939",
        "doc2122995",
        "doc2123335",
        "doc1810491",
        "doc2646015",
        "doc1960512",
        "doc1076421",
        "doc1138799",
        "doc791044",
        "doc1138909",
        "doc901624",
        "doc172130",
        "doc418486",
        "doc221",
        "doc1163249",
        "doc1144383",
        "doc564196",
        "doc2328702",
        "doc1288462",
        "doc1380763",
        "doc1580168",
        "doc2263895",
        "doc1342085",
        "doc1065069",
        "doc1983779",
        "doc1523859",
        "doc2452892",
        "doc1459569",
        "doc1361153",
        "doc1793854",
        "doc400204",
        "doc1103399",
        "doc2083768",
        "doc1022080",
        "doc1423129"
    ],
    "terminate": true,
    "state_history": [
        {
            "queries": [
                "when did the anti smacking law come in nz"
            ],
            "iteration": 0
        },
        {
            "queries": [
                "when did the anti smacking law come in nz"
            ],
            "iteration": 0,
            "retrieved_lists": [
                [
                    "doc38339",
                    "doc1432820",
                    "doc1287737",
                    "doc33860",
                    "doc815697",
                    "doc684825",
                    "doc1138940",
                    "doc2306095",
                    "doc393357",
                    "doc2335505",
                    "doc1857746",
                    "doc994323",
                    "doc2083770",
                    "doc2038289",
                    "doc283453",
                    "doc2679792",
                    "doc578879",
                    "doc666129",
                    "doc2109142",
                    "doc1751692",
                    "doc2175757",
                    "doc981576",
                    "doc2345859",
                    "doc2306113",
                    "doc256834",
                    "doc463939",
                    "doc2122995",
                    "doc2123335",
                    "doc1810491",
                    "doc2646015",
                    "doc1960512",
                    "doc1076421",
                    "doc1138799",
                    "doc791044",
                    "doc1138909",
                    "doc901624",
                    "doc172130",
                    "doc418486",
                    "doc221",
                    "doc1163249",
                    "doc1144383",
                    "doc564196",
                    "doc2328702",
                    "doc1288462",
                    "doc1380763",
                    "doc1580168",
                    "doc2263895",
                    "doc1342085",
                    "doc1065069",
                    "doc1983779",
                    "doc1523859",
                    "doc2452892",
                    "doc1459569",
                    "doc1361153",
                    "doc1793854",
                    "doc400204",
                    "doc1103399",
                    "doc2083768",
                    "doc1022080",
                    "doc1423129"
                ]
            ],