{
    "queries": [
        "whats the difference between tomato paste and tomato puree"
    ],
    "iteration": 0,
    "retrieved_lists": [
        [
            "doc61686",
            "doc2503196",
            "doc1284349",
            "doc1231405",
            "doc1931647",
            "doc2091221",
            "doc1473919",
            "doc1315440",
            "doc1075667",
            "doc279228",
            "doc1250881",
            "doc2436275",
            "doc2416754",
            "doc513171",
            "doc2091218",
            "doc149720",
            "doc243563",
            "doc1986787",
            "doc1747327",
            "doc2042298",
            "doc1012169",
            "doc1513583",
            "doc1700934",
            "doc1119333",
            "doc970605",
            "doc1236491",
            "doc255230",
            "doc1523061",
            "doc1978115",
            "doc1998121",
            "doc279286",
            "doc902129",
            "doc1354524",
            "doc1596535",
            "doc1088218",
            "doc1129367",
            "doc466523",
            "doc1897544",
            "doc2420086",
            "doc567175",
            "doc1483873",
            "doc1989188",
            "doc951396",
            "doc936041",
            "doc2416235",
            "doc1473913",
            "doc1629894",
            "doc2579199",
            "doc2351408",
            "doc847467",
            "doc2258515",
            "doc634860",
            "doc427581",
            "doc279224",
            "doc2600892",
            "doc2049063",
            "doc2442325",
            "doc947122",
            "doc2120562",
            "doc2495441"
        ]
    ],
    "all_sim_scores": [
        [
            0.801155686378479,
            0.4215114414691925,
            0.40404486656188965,
            0.39568614959716797,
            0.3908952474594116,
            0.36793792247772217,
            0.36317282915115356,
            0.3631519079208374,
            0.3623098134994507,
            0.3576607406139374,
            0.3528812527656555,
            0.3491266071796417,
            0.34811264276504517,
            0.3450494110584259,
            0.3387504816055298,
            0.3371480703353882,
            0.329857736825943,
            0.3273243308067322,
            0.3214617967605591,
            0.3197747468948364,
            0.3187045454978943,
            0.31730934977531433,
            0.3131147623062134,
            0.3111798167228699,
            0.31004828214645386,
            0.30491507053375244,
            0.2998242974281311,
            0.29860490560531616,
            0.29703378677368164,
            0.29691949486732483,
            0.29567497968673706,
            0.29518449306488037,
            0.29510852694511414,
            0.2947012484073639,
            0.2942313551902771,
            0.29358941316604614,
            0.2920238971710205,
            0.29170912504196167,
            0.2909371852874756,
            0.2883625030517578,
            0.2879987359046936,
            0.2873441278934479,
            0.28732651472091675,
            0.28638195991516113,
            0.2861900329589844,
            0.28539323806762695,
            0.28523313999176025,
            0.28508299589157104,
            0.2849677801132202,
            0.28447914123535156,
            0.28390082716941833,
            0.2834591567516327,
            0.2816687524318695,
            0.28093019127845764,
            0.28060367703437805,
            0.2805671691894531,
            0.2804330587387085,
            0.2803822457790375,
            0.2798890471458435,
            0.2796243727207184
        ]
    ],
    "last_action_method": "return_last_retrieved_list",
    "curr_top_k_docIDs": [
        "doc61686",
        "doc2503196",
        "doc1284349",
        "doc1231405",
        "doc1931647",
        "doc2091221",
        "doc1473919",
        "doc1315440",
        "doc1075667",
        "doc279228",
        "doc1250881",
        "doc2436275",
        "doc2416754",
        "doc513171",
        "doc2091218",
        "doc149720",
        "doc243563",
        "doc1986787",
        "doc1747327",
        "doc2042298",
        "doc1012169",
        "doc1513583",
        "doc1700934",
        "doc1119333",
        "doc970605",
        "doc1236491",
        "doc255230",
        "doc1523061",
        "doc1978115",
        "doc1998121",
        "doc279286",
        "doc902129",
        "doc1354524",
        "doc1596535",
        "doc1088218",
        "doc1129367",
        "doc466523",
        "doc1897544",
        "doc2420086",
        "doc567175",
        "doc1483873",
        "doc1989188",
        "doc951396",
        "doc936041",
        "doc2416235",
        "doc1473913",
        "doc1629894",
        "doc2579199",
        "doc2351408",
        "doc847467",
        "doc2258515",
        "doc634860",
        "doc427581",
        "doc279224",
        "doc2600892",
        "doc2049063",
        "doc2442325",
        "doc947122",
        "doc2120562",
        "doc2495441"
    ],
    "terminate": true,
    "state_history": [
        {
            "queries": [
                "whats the difference between tomato paste and tomato puree"
            ],
            "iteration": 0
        },
        {
            "queries": [
                "whats the difference between tomato paste and tomato puree"
            ],
            "iteration": 0,
            "retrieved_lists": [
                [
                    "doc61686",
                    "doc2503196",
                    "doc1284349",
                    "doc1231405",
                    "doc1931647",
                    "doc2091221",
                    "doc1473919",
                    "doc1315440",
                    "doc1075667",
                    "doc279228",
                    "doc1250881",
                    "doc2436275",
                    "doc2416754",
                    "doc513171",
                    "doc2091218",
                    "doc149720",
                    "doc243563",
                    "doc1986787",
                    "doc1747327",
                    "doc2042298",
                    "doc1012169",
                    "doc1513583",
                    "doc1700934",
                    "doc1119333",
                    "doc970605",
                    "doc1236491",
                    "doc255230",
                    "doc1523061",
                    "doc1978115",
                    "doc1998121",
                    "doc279286",
                    "doc902129",
                    "doc1354524",
                    "doc1596535",
                    "doc1088218",
                    "doc1129367",
                    "doc466523",
                    "doc1897544",
                    "doc2420086",
                    "doc567175",
                    "doc1483873",
                    "doc1989188",
                    "doc951396",
                    "doc936041",
                    "doc2416235",
                    "doc1473913",
                    "doc1629894",
                    "doc2579199",
                    "doc2351408",
                    "doc847467",
                    "doc2258515",
                    "doc634860",
                    "doc427581",
                    "doc279224",
                    "doc2600892",
                    "doc2049063",
                    "doc2442325",
                    "doc947122",
                    "doc2120562",
                    "doc2495441"
                ]
            ],