{
    "queries": [
        "Ideal cities for a digital detox"
    ],
    "iteration": 0,
    "retrieved_lists": [
        [
            "251",
            "400",
            "320",
            "237",
            "399",
            "201",
            "516",
            "52",
            "141",
            "105",
            "120",
            "352",
            "111",
            "168",
            "520",
            "283",
            "492",
            "43",
            "408",
            "92",
            "308",
            "222",
            "8",
            "457",
            "560",
            "53",
            "71",
            "125",
            "61",
            "552",
            "432",
            "77",
            "385",
            "425",
            "154",
            "284",
            "121",
            "423",
            "392",
            "22",
            "109",
            "124",
            "81",
            "82",
            "401",
            "119",
            "375",
            "380",
            "44",
            "63",
            "265",
            "123",
            "280",
            "296",
            "115",
            "539",
            "83",
            "349",
            "299",
            "378"
        ]
    ],
    "all_sim_scores": [
        [
            0.634662389755249,
            0.632840096950531,
            0.6255843043327332,
            0.6216465830802917,
            0.6202018857002258,
            0.6180746555328369,
            0.6173474192619324,
            0.6172776222229004,
            0.6165895462036133,
            0.6124680042266846,
            0.6122879981994629,
            0.6110230088233948,
            0.6108697652816772,
            0.610417902469635,
            0.6078341007232666,
            0.6053006649017334,
            0.6044236421585083,
            0.6033625602722168,
            0.602925717830658,
            0.601572573184967,
            0.6004889607429504,
            0.5994451642036438,
            0.5994195938110352,
            0.5979526042938232,
            0.5960471630096436,
            0.5960158705711365,
            0.59555584192276,
            0.5948048830032349,
            0.5947867631912231,
            0.5942068099975586,
            0.592998743057251,
            0.5925928354263306,
            0.592512845993042,
            0.59248948097229,
            0.5923788547515869,
            0.592059850692749,
            0.5917273163795471,
            0.5902184247970581,
            0.5896148085594177,
            0.5889036655426025,
            0.588591456413269,
            0.5869144201278687,
            0.5860968232154846,
            0.5858592987060547,
            0.5853891968727112,
            0.5850552320480347,
            0.5849094390869141,
            0.5839551091194153,
            0.5836889743804932,
            0.5835678577423096,
            0.5833938717842102,
            0.5833213925361633,
            0.5831466913223267,
            0.5829875469207764,
            0.5829862356185913,
            0.5821107029914856,
            0.5819210410118103,
            0.5810482501983643,
            0.5801770091056824,
            0.5800681114196777
        ]
    ],
    "last_action_method": "return_last_retrieved_list",
    "curr_top_k_docIDs": [
        "251",
        "400",
        "320",
        "237",
        "399",
        "201",
        "516",
        "52",
        "141",
        "105",
        "120",
        "352",
        "111",
        "168",
        "520",
        "283",
        "492",
        "43",
        "408",
        "92",
        "308",
        "222",
        "8",
        "457",
        "560",
        "53",
        "71",
        "125",
        "61",
        "552",
        "432",
        "77",
        "385",
        "425",
        "154",
        "284",
        "121",
        "423",
        "392",
        "22",
        "109",
        "124",
        "81",
        "82",
        "401",
        "119",
        "375",
        "380",
        "44",
        "63",
        "265",
        "123",
        "280",
        "296",
        "115",
        "539",
        "83",
        "349",
        "299",
        "378"
    ],
    "terminate": true,
    "state_history": [
        {
            "queries": [
                "Ideal cities for a digital detox"
            ],
            "iteration": 0
        },
        {
            "queries": [
                "Ideal cities for a digital detox"
            ],
            "iteration": 0,
            "retrieved_lists": [
                [
                    "251",
                    "400",
                    "320",
                    "237",
                    "399",
                    "201",
                    "516",
                    "52",
                    "141",
                    "105",
                    "120",
                    "352",
                    "111",
                    "168",
                    "520",
                    "283",
                    "492",
                    "43",
                    "408",
                    "92",
                    "308",
                    "222",
                    "8",
                    "457",
                    "560",
                    "53",
                    "71",
                    "125",
                    "61",
                    "552",
                    "432",
                    "77",
                    "385",
                    "425",
                    "154",
                    "284",
                    "121",
                    "423",
                    "392",
                    "22",
                    "109",
                    "124",
                    "81",
                    "82",
                    "401",
                    "119",
                    "375",
                    "380",
                    "44",
                    "63",
                    "265",
                    "123",
                    "280",
                    "296",
                    "115",
                    "539",
                    "83",
                    "349",
                    "299",
                    "378"
                ]
            ],