{
    "queries": [
        "Top cities for adventure seekers"
    ],
    "iteration": 0,
    "retrieved_lists": [
        [
            "497",
            "199",
            "347",
            "226",
            "369",
            "107",
            "188",
            "320",
            "237",
            "92"
        ]
    ],
    "all_sim_scores": [
        [
            0.5004771947860718,
            0.4210832417011261,
            0.4154006540775299,
            0.4029231071472168,
            0.40226802229881287,
            0.3817533254623413,
            0.38110169768333435,
            0.3804467022418976,
            0.37645232677459717,
            0.3754720091819763
        ]
    ],
    "last_action_method": "return_last_retrieved_list",
    "curr_top_k_docIDs": [
        "497",
        "199",
        "347",
        "226",
        "369",
        "107",
        "188",
        "320",
        "237",
        "92"
    ],
    "terminate": true,
    "state_history": [
        {
            "queries": [
                "Top cities for adventure seekers"
            ],
            "iteration": 0
        },
        {
            "queries": [
                "Top cities for adventure seekers"
            ],
            "iteration": 0,
            "retrieved_lists": [
                [
                    "497",
                    "199",
                    "347",
                    "226",
                    "369",
                    "107",
                    "188",
                    "320",
                    "237",
                    "92"
                ]
            ],
            "all_sim_scores": [
                [
                    0.5004771947860718,
                    0.4210832417011261,
                    0.4154006540775299,
                    0.4029231071472168,
                    0.40226802229881287,
                    0.3817533254623413,
                    0.38110169768333435,
                    0.3804467022418976,
                    0.37645232677459717,
                    0.3754720091819763
                ]
            ],
            "last_action_method": "rank"
        },
        {
            "queries": [
                "Top cities for adventure seekers"
            ],
            "iteration": 0,
            "retrieved_lists": [
                [
                    "497",
                    "199",
                    "347",
                    "226",
                    "369",
                    "107",
                    "188",
                    "320",
                    "237",
                    "92"
                ]
            ],
            "all_sim_scores": [
                [
                    0.5004771947860718,
                    0.4210832417011261,
                    0.4154006540775299,
                    0.4029231071472168,
                    0.40226802229881287,
                    0.3817533254623413,
                    0.38110169768333435,
                    0.3804467022418976,
                    0.37645232677459717,
                    0.3754720091819763
                ]
            ],
            "last_action_method": "return_last_retrieved_list",
            "curr_top_k_docIDs": [
                "497",
                "199",
                "347",
                "226",
                "369",
                "107",
                "188",
                "320",
                "237",
                "92"
            ],
            "terminate": true
        }
    ]
}