{
    "queries": [
        "who played cory's older brother on boy meets world"
    ],
    "iteration": 0,
    "retrieved_lists": [
        [
            "doc2233776",
            "doc81007",
            "doc2474575",
            "doc1665154",
            "doc2442846",
            "doc1665148",
            "doc2462678",
            "doc2442859",
            "doc1665146",
            "doc81042",
            "doc2474571",
            "doc2462662",
            "doc2282324",
            "doc81051",
            "doc2233738",
            "doc71508",
            "doc81035",
            "doc2233736",
            "doc2174564",
            "doc2442864",
            "doc71505",
            "doc1440217",
            "doc2233761",
            "doc1669957",
            "doc1107070",
            "doc2429305",
            "doc1610049",
            "doc2482159",
            "doc1669886",
            "doc2462685",
            "doc1520410",
            "doc107870",
            "doc2248396",
            "doc1669887",
            "doc2462966",
            "doc58462",
            "doc2626603",
            "doc1179151",
            "doc120764",
            "doc781880",
            "doc2594762",
            "doc71522",
            "doc1669952",
            "doc1592992",
            "doc1669959",
            "doc1289950",
            "doc1352973",
            "doc1309719",
            "doc758828",
            "doc2003190",
            "doc964384",
            "doc806762",
            "doc866385",
            "doc1472871",
            "doc1080944",
            "doc106241",
            "doc2484556",
            "doc1413596",
            "doc705145",
            "doc729219"
        ]
    ],
    "all_sim_scores": [
        [
            0.736210823059082,
            0.719928503036499,
            0.7052003145217896,
            0.6902797222137451,
            0.6697067022323608,
            0.6668234467506409,
            0.6393753290176392,
            0.5950198173522949,
            0.5641046762466431,
            0.5632539987564087,
            0.5562247633934021,
            0.528555691242218,
            0.5207193493843079,
            0.5194047689437866,
            0.5156041383743286,
            0.5124205946922302,
            0.5069717764854431,
            0.5008680820465088,
            0.4865681827068329,
            0.47777700424194336,
            0.4542614817619324,
            0.45175930857658386,
            0.44400590658187866,
            0.4384770691394806,
            0.4322647750377655,
            0.4264352321624756,
            0.41855624318122864,
            0.41074198484420776,
            0.4074857532978058,
            0.4067314863204956,
            0.40628597140312195,
            0.4057784378528595,
            0.40004676580429077,
            0.3988687992095947,
            0.397550106048584,
            0.38982468843460083,
            0.38783884048461914,
            0.3878170847892761,
            0.3860774040222168,
            0.3852007985115051,
            0.38486170768737793,
            0.38135772943496704,
            0.3786326050758362,
            0.37511661648750305,
            0.37499648332595825,
            0.37273770570755005,
            0.3651326298713684,
            0.3622746765613556,
            0.35948407649993896,
            0.3586839437484741,
            0.356832891702652,
            0.35595688223838806,
            0.355435311794281,
            0.3549830913543701,
            0.35366368293762207,
            0.3530723452568054,
            0.3529757261276245,
            0.352752685546875,
            0.3524630665779114,
            0.35210782289505005
        ]
    ],
    "last_action_method": "return_last_retrieved_list",
    "curr_top_k_docIDs": [
        "doc2233776",
        "doc81007",
        "doc2474575",
        "doc1665154",
        "doc2442846",
        "doc1665148",
        "doc2462678",
        "doc2442859",
        "doc1665146",
        "doc81042",
        "doc2474571",
        "doc2462662",
        "doc2282324",
        "doc81051",
        "doc2233738",
        "doc71508",
        "doc81035",
        "doc2233736",
        "doc2174564",
        "doc2442864",
        "doc71505",
        "doc1440217",
        "doc2233761",
        "doc1669957",
        "doc1107070",
        "doc2429305",
        "doc1610049",
        "doc2482159",
        "doc1669886",
        "doc2462685",
        "doc1520410",
        "doc107870",
        "doc2248396",
        "doc1669887",
        "doc2462966",
        "doc58462",
        "doc2626603",
        "doc1179151",
        "doc120764",
        "doc781880",
        "doc2594762",
        "doc71522",
        "doc1669952",
        "doc1592992",
        "doc1669959",
        "doc1289950",
        "doc1352973",
        "doc1309719",
        "doc758828",
        "doc2003190",
        "doc964384",
        "doc806762",
        "doc866385",
        "doc1472871",
        "doc1080944",
        "doc106241",
        "doc2484556",
        "doc1413596",
        "doc705145",
        "doc729219"
    ],
    "terminate": true,
    "state_history": [
        {
            "queries": [
                "who played cory's older brother on boy meets world"
            ],
            "iteration": 0
        },
        {
            "queries": [
                "who played cory's older brother on boy meets world"
            ],
            "iteration": 0,
            "retrieved_lists": [
                [
                    "doc2233776",
                    "doc81007",
                    "doc2474575",
                    "doc1665154",
                    "doc2442846",
                    "doc1665148",
                    "doc2462678",
                    "doc2442859",
                    "doc1665146",
                    "doc81042",
                    "doc2474571",
                    "doc2462662",
                    "doc2282324",
                    "doc81051",
                    "doc2233738",
                    "doc71508",
                    "doc81035",
                    "doc2233736",
                    "doc2174564",
                    "doc2442864",
                    "doc71505",
                    "doc1440217",
                    "doc2233761",
                    "doc1669957",
                    "doc1107070",
                    "doc2429305",
                    "doc1610049",
                    "doc2482159",
                    "doc1669886",
                    "doc2462685",
                    "doc1520410",
                    "doc107870",
                    "doc2248396",
                    "doc1669887",
                    "doc2462966",
                    "doc58462",
                    "doc2626603",
                    "doc1179151",
                    "doc120764",
                    "doc781880",
                    "doc2594762",
                    "doc71522",
                    "doc1669952",
                    "doc1592992",
                    "doc1669959",
                    "doc1289950",
                    "doc1352973",
                    "doc1309719",
                    "doc758828",
                    "doc2003190",
                    "doc964384",
                    "doc806762",
                    "doc866385",
                    "doc1472871",
                    "doc1080944",
                    "doc106241",
                    "doc2484556",
                    "doc1413596",
                    "doc705145",
                    "doc729219"
                ]
            ],