{
    "queries": [
        "what are the value of style guides and style sheet"
    ],
    "iteration": 0,
    "retrieved_lists": [
        [
            "doc73129",
            "doc2594606",
            "doc988053",
            "doc194262",
            "doc1704973",
            "doc1731368",
            "doc595586",
            "doc2267943",
            "doc492620",
            "doc570444",
            "doc2102426",
            "doc2138637",
            "doc1171969",
            "doc621484",
            "doc2116691",
            "doc2267946",
            "doc1346786",
            "doc1944169",
            "doc1394396",
            "doc1785389",
            "doc626220",
            "doc431660",
            "doc1441015",
            "doc1500596",
            "doc2340208",
            "doc2426481",
            "doc844439",
            "doc140412",
            "doc20927",
            "doc1181269",
            "doc2051310",
            "doc2540321",
            "doc392007",
            "doc552426",
            "doc843906",
            "doc2160575",
            "doc592264",
            "doc2397169",
            "doc1249294",
            "doc959045",
            "doc1077582",
            "doc1418318",
            "doc1541879",
            "doc2224051",
            "doc1010039",
            "doc1473715",
            "doc1570399",
            "doc246843",
            "doc1054501",
            "doc695496",
            "doc1215711",
            "doc2559485",
            "doc46848",
            "doc2428422",
            "doc1023444",
            "doc637762",
            "doc1730819",
            "doc1707086",
            "doc266389",
            "doc402387"
        ]
    ],
    "all_sim_scores": [
        [
            0.6655515432357788,
            0.4157073497772217,
            0.334101140499115,
            0.3206057548522949,
            0.31580036878585815,
            0.314142644405365,
            0.31030431389808655,
            0.305426687002182,
            0.2902170717716217,
            0.28901946544647217,
            0.28768089413642883,
            0.28697049617767334,
            0.2776089608669281,
            0.2767679989337921,
            0.27487456798553467,
            0.27444392442703247,
            0.2737189829349518,
            0.2714424431324005,
            0.26869869232177734,
            0.2641967535018921,
            0.26301366090774536,
            0.2628043293952942,
            0.2622700333595276,
            0.26099705696105957,
            0.26053833961486816,
            0.2590956687927246,
            0.25778982043266296,
            0.25760138034820557,
            0.2571529150009155,
            0.25495532155036926,
            0.2546209692955017,
            0.25369903445243835,
            0.25361400842666626,
            0.252872109413147,
            0.2507235109806061,
            0.2486811876296997,
            0.24795925617218018,
            0.24785283207893372,
            0.24459391832351685,
            0.2445671260356903,
            0.24455362558364868,
            0.2408633977174759,
            0.24085281789302826,
            0.23964425921440125,
            0.23948782682418823,
            0.23645053803920746,
            0.23633086681365967,
            0.23542654514312744,
            0.23452498018741608,
            0.23345085978507996,
            0.23328270018100739,
            0.2331829071044922,
            0.2323671132326126,
            0.23108859360218048,
            0.23103713989257812,
            0.23103056848049164,
            0.22763565182685852,
            0.22656597197055817,
            0.22580862045288086,
            0.22541403770446777
        ]
    ],
    "last_action_method": "return_last_retrieved_list",
    "curr_top_k_docIDs": [
        "doc73129",
        "doc2594606",
        "doc988053",
        "doc194262",
        "doc1704973",
        "doc1731368",
        "doc595586",
        "doc2267943",
        "doc492620",
        "doc570444",
        "doc2102426",
        "doc2138637",
        "doc1171969",
        "doc621484",
        "doc2116691",
        "doc2267946",
        "doc1346786",
        "doc1944169",
        "doc1394396",
        "doc1785389",
        "doc626220",
        "doc431660",
        "doc1441015",
        "doc1500596",
        "doc2340208",
        "doc2426481",
        "doc844439",
        "doc140412",
        "doc20927",
        "doc1181269",
        "doc2051310",
        "doc2540321",
        "doc392007",
        "doc552426",
        "doc843906",
        "doc2160575",
        "doc592264",
        "doc2397169",
        "doc1249294",
        "doc959045",
        "doc1077582",
        "doc1418318",
        "doc1541879",
        "doc2224051",
        "doc1010039",
        "doc1473715",
        "doc1570399",
        "doc246843",
        "doc1054501",
        "doc695496",
        "doc1215711",
        "doc2559485",
        "doc46848",
        "doc2428422",
        "doc1023444",
        "doc637762",
        "doc1730819",
        "doc1707086",
        "doc266389",
        "doc402387"
    ],
    "terminate": true,
    "state_history": [
        {
            "queries": [
                "what are the value of style guides and style sheet"
            ],
            "iteration": 0
        },
        {
            "queries": [
                "what are the value of style guides and style sheet"
            ],
            "iteration": 0,
            "retrieved_lists": [
                [
                    "doc73129",
                    "doc2594606",
                    "doc988053",
                    "doc194262",
                    "doc1704973",
                    "doc1731368",
                    "doc595586",
                    "doc2267943",
                    "doc492620",
                    "doc570444",
                    "doc2102426",
                    "doc2138637",
                    "doc1171969",
                    "doc621484",
                    "doc2116691",
                    "doc2267946",
                    "doc1346786",
                    "doc1944169",
                    "doc1394396",
                    "doc1785389",
                    "doc626220",
                    "doc431660",
                    "doc1441015",
                    "doc1500596",
                    "doc2340208",
                    "doc2426481",
                    "doc844439",
                    "doc140412",
                    "doc20927",
                    "doc1181269",
                    "doc2051310",
                    "doc2540321",
                    "doc392007",
                    "doc552426",
                    "doc843906",
                    "doc2160575",
                    "doc592264",
                    "doc2397169",
                    "doc1249294",
                    "doc959045",
                    "doc1077582",
                    "doc1418318",
                    "doc1541879",
                    "doc2224051",
                    "doc1010039",
                    "doc1473715",
                    "doc1570399",
                    "doc246843",
                    "doc1054501",
                    "doc695496",
                    "doc1215711",
                    "doc2559485",
                    "doc46848",
                    "doc2428422",
                    "doc1023444",
                    "doc637762",
                    "doc1730819",
                    "doc1707086",
                    "doc266389",
                    "doc402387"
                ]
            ],