{
    "queries": [
        "when was the minimum wage established in the united states"
    ],
    "iteration": 0,
    "retrieved_lists": [
        [
            "doc57725",
            "doc57724",
            "doc858964",
            "doc828270",
            "doc1029022",
            "doc662385",
            "doc662598",
            "doc735016",
            "doc268789",
            "doc2600838",
            "doc330696",
            "doc104802",
            "doc645679",
            "doc310277",
            "doc173756",
            "doc828304",
            "doc662572",
            "doc2295569",
            "doc662707",
            "doc94115",
            "doc2300386",
            "doc1418883",
            "doc209933",
            "doc354479",
            "doc695496",
            "doc2492139",
            "doc439673",
            "doc248456",
            "doc2108326",
            "doc2096561",
            "doc188427",
            "doc629254",
            "doc1178518",
            "doc195377",
            "doc300955",
            "doc613792",
            "doc2662338",
            "doc1913732",
            "doc2071762",
            "doc1108661",
            "doc1531736",
            "doc553284",
            "doc367799",
            "doc1516760",
            "doc26198",
            "doc95996",
            "doc2423194",
            "doc735047",
            "doc1019479",
            "doc372541",
            "doc601530",
            "doc553563",
            "doc1328845",
            "doc594538",
            "doc1511670",
            "doc1735799",
            "doc1776235",
            "doc916921",
            "doc1597768",
            "doc173761"
        ]
    ],
    "all_sim_scores": [
        [
            0.7596921324729919,
            0.7201553583145142,
            0.5554847717285156,
            0.44696056842803955,
            0.4414307475090027,
            0.42245909571647644,
            0.4068169593811035,
            0.3896629214286804,
            0.38331571221351624,
            0.3782755732536316,
            0.34805139899253845,
            0.3430068790912628,
            0.34124186635017395,
            0.33807212114334106,
            0.33443483710289,
            0.3231523931026459,
            0.31997907161712646,
            0.3175852298736572,
            0.3142176866531372,
            0.311362087726593,
            0.2989897131919861,
            0.2918795049190521,
            0.29074418544769287,
            0.2836376428604126,
            0.2828873097896576,
            0.2825336754322052,
            0.28188297152519226,
            0.28005117177963257,
            0.2788749933242798,
            0.27632081508636475,
            0.2753356695175171,
            0.27303892374038696,
            0.2698517441749573,
            0.26970505714416504,
            0.268697589635849,
            0.26848164200782776,
            0.265549898147583,
            0.2618808150291443,
            0.25952428579330444,
            0.2568342089653015,
            0.2541506588459015,
            0.25331911444664,
            0.2512242794036865,
            0.2501510977745056,
            0.24836324155330658,
            0.24438321590423584,
            0.24392272531986237,
            0.24331246316432953,
            0.24212169647216797,
            0.2418316900730133,
            0.24163676798343658,
            0.24146881699562073,
            0.24123460054397583,
            0.24110569059848785,
            0.24110020697116852,
            0.2367652952671051,
            0.23599189519882202,
            0.23508408665657043,
            0.23364320397377014,
            0.2325412929058075
        ]
    ],
    "last_action_method": "return_last_retrieved_list",
    "curr_top_k_docIDs": [
        "doc57725",
        "doc57724",
        "doc858964",
        "doc828270",
        "doc1029022",
        "doc662385",
        "doc662598",
        "doc735016",
        "doc268789",
        "doc2600838",
        "doc330696",
        "doc104802",
        "doc645679",
        "doc310277",
        "doc173756",
        "doc828304",
        "doc662572",
        "doc2295569",
        "doc662707",
        "doc94115",
        "doc2300386",
        "doc1418883",
        "doc209933",
        "doc354479",
        "doc695496",
        "doc2492139",
        "doc439673",
        "doc248456",
        "doc2108326",
        "doc2096561",
        "doc188427",
        "doc629254",
        "doc1178518",
        "doc195377",
        "doc300955",
        "doc613792",
        "doc2662338",
        "doc1913732",
        "doc2071762",
        "doc1108661",
        "doc1531736",
        "doc553284",
        "doc367799",
        "doc1516760",
        "doc26198",
        "doc95996",
        "doc2423194",
        "doc735047",
        "doc1019479",
        "doc372541",
        "doc601530",
        "doc553563",
        "doc1328845",
        "doc594538",
        "doc1511670",
        "doc1735799",
        "doc1776235",
        "doc916921",
        "doc1597768",
        "doc173761"
    ],
    "terminate": true,
    "state_history": [
        {
            "queries": [
                "when was the minimum wage established in the united states"
            ],
            "iteration": 0
        },
        {
            "queries": [
                "when was the minimum wage established in the united states"
            ],
            "iteration": 0,
            "retrieved_lists": [
                [
                    "doc57725",
                    "doc57724",
                    "doc858964",
                    "doc828270",
                    "doc1029022",
                    "doc662385",
                    "doc662598",
                    "doc735016",
                    "doc268789",
                    "doc2600838",
                    "doc330696",
                    "doc104802",
                    "doc645679",
                    "doc310277",
                    "doc173756",
                    "doc828304",
                    "doc662572",
                    "doc2295569",
                    "doc662707",
                    "doc94115",
                    "doc2300386",
                    "doc1418883",
                    "doc209933",
                    "doc354479",
                    "doc695496",
                    "doc2492139",
                    "doc439673",
                    "doc248456",
                    "doc2108326",
                    "doc2096561",
                    "doc188427",
                    "doc629254",
                    "doc1178518",
                    "doc195377",
                    "doc300955",
                    "doc613792",
                    "doc2662338",
                    "doc1913732",
                    "doc2071762",
                    "doc1108661",
                    "doc1531736",
                    "doc553284",
                    "doc367799",
                    "doc1516760",
                    "doc26198",
                    "doc95996",
                    "doc2423194",
                    "doc735047",
                    "doc1019479",
                    "doc372541",
                    "doc601530",
                    "doc553563",
                    "doc1328845",
                    "doc594538",
                    "doc1511670",
                    "doc1735799",
                    "doc1776235",
                    "doc916921",
                    "doc1597768",
                    "doc173761"
                ]
            ],