{
    "queries": [
        "Cities with a natural atmosphere"
    ],
    "iteration": 0,
    "retrieved_lists": [
        [
            "497",
            "231",
            "283",
            "96",
            "320",
            "229",
            "1",
            "177",
            "543",
            "226"
        ]
    ],
    "all_sim_scores": [
        [
            0.32629990577697754,
            0.31453385949134827,
            0.30731692910194397,
            0.29957684874534607,
            0.29872560501098633,
            0.29569724202156067,
            0.2919555902481079,
            0.2900272011756897,
            0.2888624668121338,
            0.288737952709198
        ]
    ],
    "last_action_method": "return_last_retrieved_list",
    "curr_top_k_docIDs": [
        "497",
        "231",
        "283",
        "96",
        "320",
        "229",
        "1",
        "177",
        "543",
        "226"
    ],
    "terminate": true,
    "state_history": [
        {
            "queries": [
                "Cities with a natural atmosphere"
            ],
            "iteration": 0
        },
        {
            "queries": [
                "Cities with a natural atmosphere"
            ],
            "iteration": 0,
            "retrieved_lists": [
                [
                    "497",
                    "231",
                    "283",
                    "96",
                    "320",
                    "229",
                    "1",
                    "177",
                    "543",
                    "226"
                ]
            ],
            "all_sim_scores": [
                [
                    0.32629990577697754,
                    0.31453385949134827,
                    0.30731692910194397,
                    0.29957684874534607,
                    0.29872560501098633,
                    0.29569724202156067,
                    0.2919555902481079,
                    0.2900272011756897,
                    0.2888624668121338,
                    0.288737952709198
                ]
            ],
            "last_action_method": "rank"
        },
        {
            "queries": [
                "Cities with a natural atmosphere"
            ],
            "iteration": 0,
            "retrieved_lists": [
                [
                    "497",
                    "231",
                    "283",
                    "96",
                    "320",
                    "229",
                    "1",
                    "177",
                    "543",
                    "226"
                ]
            ],
            "all_sim_scores": [
                [
                    0.32629990577697754,
                    0.31453385949134827,
                    0.30731692910194397,
                    0.29957684874534607,
                    0.29872560501098633,
                    0.29569724202156067,
                    0.2919555902481079,
                    0.2900272011756897,
                    0.2888624668121338,
                    0.288737952709198
                ]
            ],
            "last_action_method": "return_last_retrieved_list",
            "curr_top_k_docIDs": [
                "497",
                "231",
                "283",
                "96",
                "320",
                "229",
                "1",
                "177",
                "543",
                "226"
            ],
            "terminate": true
        }
    ]
}