{
    "queries": [
        "I want to relax on beautiful beaches"
    ],
    "iteration": 0,
    "retrieved_lists": [
        [
            "8",
            "303",
            "346",
            "31",
            "366",
            "156",
            "91",
            "479",
            "185",
            "294",
            "316",
            "347",
            "158",
            "54",
            "19",
            "408",
            "399",
            "154",
            "437",
            "276",
            "113",
            "302",
            "539",
            "92",
            "114",
            "137",
            "219",
            "203",
            "322",
            "264",
            "207",
            "520",
            "415",
            "335",
            "53",
            "305",
            "104",
            "266",
            "126",
            "363",
            "124",
            "141",
            "77",
            "87",
            "562",
            "159",
            "48",
            "64",
            "293",
            "142",
            "221",
            "226",
            "388",
            "342",
            "256",
            "336",
            "1",
            "386",
            "125",
            "527"
        ]
    ],
    "all_sim_scores": [
        [
            0.6486829519271851,
            0.6400911211967468,
            0.6304832696914673,
            0.620621919631958,
            0.6175293922424316,
            0.6169636249542236,
            0.6145779490470886,
            0.6091322898864746,
            0.6076908111572266,
            0.6046092510223389,
            0.5990408062934875,
            0.5928638577461243,
            0.5904477834701538,
            0.5891005396842957,
            0.588833749294281,
            0.5880600214004517,
            0.5861506462097168,
            0.5853886008262634,
            0.5852885246276855,
            0.5827584862709045,
            0.5801835060119629,
            0.5788740515708923,
            0.5781776309013367,
            0.5772191286087036,
            0.576380729675293,
            0.5735505819320679,
            0.5720438957214355,
            0.5719466805458069,
            0.5712034106254578,
            0.5702041387557983,
            0.5699059963226318,
            0.5693684816360474,
            0.5693078637123108,
            0.5675249099731445,
            0.5661684274673462,
            0.5654700398445129,
            0.5650562047958374,
            0.5648887157440186,
            0.5644621253013611,
            0.5635268688201904,
            0.5627642273902893,
            0.5626336932182312,
            0.561427891254425,
            0.560699462890625,
            0.5603938102722168,
            0.5595716238021851,
            0.559413731098175,
            0.5591809749603271,
            0.5591740608215332,
            0.5588617324829102,
            0.5579663515090942,
            0.5571439266204834,
            0.5560144186019897,
            0.5554361343383789,
            0.550229012966156,
            0.5487709045410156,
            0.5471817255020142,
            0.5462085008621216,
            0.5441427230834961,
            0.5440629720687866
        ]
    ],
    "last_action_method": "return_last_retrieved_list",
    "curr_top_k_docIDs": [
        "8",
        "303",
        "346",
        "31",
        "366",
        "156",
        "91",
        "479",
        "185",
        "294",
        "316",
        "347",
        "158",
        "54",
        "19",
        "408",
        "399",
        "154",
        "437",
        "276",
        "113",
        "302",
        "539",
        "92",
        "114",
        "137",
        "219",
        "203",
        "322",
        "264",
        "207",
        "520",
        "415",
        "335",
        "53",
        "305",
        "104",
        "266",
        "126",
        "363",
        "124",
        "141",
        "77",
        "87",
        "562",
        "159",
        "48",
        "64",
        "293",
        "142",
        "221",
        "226",
        "388",
        "342",
        "256",
        "336",
        "1",
        "386",
        "125",
        "527"
    ],
    "terminate": true,
    "state_history": [
        {
            "queries": [
                "I want to relax on beautiful beaches"
            ],
            "iteration": 0
        },
        {
            "queries": [
                "I want to relax on beautiful beaches"
            ],
            "iteration": 0,
            "retrieved_lists": [
                [
                    "8",
                    "303",
                    "346",
                    "31",
                    "366",
                    "156",
                    "91",
                    "479",
                    "185",
                    "294",
                    "316",
                    "347",
                    "158",
                    "54",
                    "19",
                    "408",
                    "399",
                    "154",
                    "437",
                    "276",
                    "113",
                    "302",
                    "539",
                    "92",
                    "114",
                    "137",
                    "219",
                    "203",
                    "322",
                    "264",
                    "207",
                    "520",
                    "415",
                    "335",
                    "53",
                    "305",
                    "104",
                    "266",
                    "126",
                    "363",
                    "124",
                    "141",
                    "77",
                    "87",
                    "562",
                    "159",
                    "48",
                    "64",
                    "293",
                    "142",
                    "221",
                    "226",
                    "388",
                    "342",
                    "256",
                    "336",
                    "1",
                    "386",
                    "125",
                    "527"
                ]
            ],