{
    "queries": [
        "graphic novels for kids 9-12"
    ],
    "iteration": 0,
    "retrieved_lists": [
        [
            "1371295",
            "266226",
            "590653",
            "1083815",
            "44532",
            "1434227",
            "1066054",
            "524229",
            "836304",
            "1595725"
        ]
    ],
    "all_sim_scores": [
        [
            0.7170418500900269,
            0.6966818571090698,
            0.6933344006538391,
            0.6753222942352295,
            0.6691229939460754,
            0.6617661714553833,
            0.6543574333190918,
            0.6532111167907715,
            0.6488515734672546,
            0.648550271987915
        ]
    ],
    "last_action_method": "return_last_retrieved_list",
    "curr_top_k_docIDs": [
        "1371295",
        "266226",
        "590653",
        "1083815",
        "44532",
        "1434227",
        "1066054",
        "524229",
        "836304",
        "1595725"
    ],
    "terminate": true,
    "state_history": [
        {
            "queries": [
                "graphic novels for kids 9-12"
            ],
            "iteration": 0
        },
        {
            "queries": [
                "graphic novels for kids 9-12"
            ],
            "iteration": 0,
            "retrieved_lists": [
                [
                    "1371295",
                    "266226",
                    "590653",
                    "1083815",
                    "44532",
                    "1434227",
                    "1066054",
                    "524229",
                    "836304",
                    "1595725"
                ]
            ],
            "all_sim_scores": [
                [
                    0.7170418500900269,
                    0.6966818571090698,
                    0.6933344006538391,
                    0.6753222942352295,
                    0.6691229939460754,
                    0.6617661714553833,
                    0.6543574333190918,
                    0.6532111167907715,
                    0.6488515734672546,
                    0.648550271987915
                ]
            ],
            "last_action_method": "rank"
        },
        {
            "queries": [
                "graphic novels for kids 9-12"
            ],
            "iteration": 0,
            "retrieved_lists": [
                [
                    "1371295",
                    "266226",
                    "590653",
                    "1083815",
                    "44532",
                    "1434227",
                    "1066054",
                    "524229",
                    "836304",
                    "1595725"
                ]
            ],
            "all_sim_scores": [
                [
                    0.7170418500900269,
                    0.6966818571090698,
                    0.6933344006538391,
                    0.6753222942352295,
                    0.6691229939460754,
                    0.6617661714553833,
                    0.6543574333190918,
                    0.6532111167907715,
                    0.6488515734672546,
                    0.648550271987915
                ]
            ],
            "last_action_method": "return_last_retrieved_list",
            "curr_top_k_docIDs": [
                "1371295",
                "266226",
                "590653",
                "1083815",
                "44532",
                "1434227",
                "1066054",
                "524229",
                "836304",
                "1595725"
            ],
            "terminate": true
        }
    ]
}