{
    "queries": [
        "when did the anti smacking law come in nz"
    ],
    "iteration": 0,
    "retrieved_lists": [
        [
            "doc38339",
            "doc806024",
            "doc1862084",
            "doc1755544",
            "doc1432820",
            "doc472356",
            "doc2099863",
            "doc2669991",
            "doc684804",
            "doc2145431",
            "doc2410414",
            "doc1513174",
            "doc430032",
            "doc2410387",
            "doc995253",
            "doc1612847",
            "doc2064227",
            "doc673977",
            "doc2083790",
            "doc1247112",
            "doc2653312",
            "doc843371",
            "doc1384082",
            "doc2145435",
            "doc1073307",
            "doc1287737",
            "doc815705",
            "doc33860",
            "doc1101856",
            "doc1049504",
            "doc1248035",
            "doc1513167",
            "doc1741407",
            "doc2244096",
            "doc2669993",
            "doc525061",
            "doc2064215",
            "doc917434",
            "doc2653322",
            "doc576700",
            "doc467590",
            "doc1598142",
            "doc581050",
            "doc1772215",
            "doc2244066",
            "doc681013",
            "doc1407441",
            "doc1639841",
            "doc1327199",
            "doc580182",
            "doc815697",
            "doc1518293",
            "doc684329",
            "doc2074851",
            "doc1659288",
            "doc2521650",
            "doc2318928",
            "doc2675900",
            "doc998055",
            "doc686780"
        ]
    ],
    "all_sim_scores": [
        [
            0.713828444480896,
            0.5064850449562073,
            0.47674116492271423,
            0.4696877896785736,
            0.4584920406341553,
            0.4583185315132141,
            0.4499285817146301,
            0.4410620629787445,
            0.43802350759506226,
            0.4379095733165741,
            0.43746012449264526,
            0.43160247802734375,
            0.42270156741142273,
            0.4197700619697571,
            0.41942670941352844,
            0.41842037439346313,
            0.418018639087677,
            0.41761860251426697,
            0.4140037000179291,
            0.4101908802986145,
            0.40965723991394043,
            0.4096112847328186,
            0.40856146812438965,
            0.40706539154052734,
            0.4066065549850464,
            0.4062868356704712,
            0.4062826633453369,
            0.40517425537109375,
            0.40320301055908203,
            0.4026908576488495,
            0.401183545589447,
            0.4011511206626892,
            0.3996490240097046,
            0.3968101441860199,
            0.3967176675796509,
            0.39234763383865356,
            0.3923458158969879,
            0.3911339044570923,
            0.39078864455223083,
            0.388849139213562,
            0.3888472318649292,
            0.3880997598171234,
            0.3810487389564514,
            0.3800772428512573,
            0.3785973787307739,
            0.3780747056007385,
            0.37719643115997314,
            0.3739967346191406,
            0.3722141981124878,
            0.3712008595466614,
            0.36995962262153625,
            0.3685307502746582,
            0.36850306391716003,
            0.36786243319511414,
            0.36756259202957153,
            0.3651948571205139,
            0.3638303279876709,
            0.3618236780166626,
            0.3600939214229584,
            0.359686017036438
        ]
    ],
    "last_action_method": "return_last_retrieved_list",
    "curr_top_k_docIDs": [
        "doc38339",
        "doc806024",
        "doc1862084",
        "doc1755544",
        "doc1432820",
        "doc472356",
        "doc2099863",
        "doc2669991",
        "doc684804",
        "doc2145431",
        "doc2410414",
        "doc1513174",
        "doc430032",
        "doc2410387",
        "doc995253",
        "doc1612847",
        "doc2064227",
        "doc673977",
        "doc2083790",
        "doc1247112",
        "doc2653312",
        "doc843371",
        "doc1384082",
        "doc2145435",
        "doc1073307",
        "doc1287737",
        "doc815705",
        "doc33860",
        "doc1101856",
        "doc1049504",
        "doc1248035",
        "doc1513167",
        "doc1741407",
        "doc2244096",
        "doc2669993",
        "doc525061",
        "doc2064215",
        "doc917434",
        "doc2653322",
        "doc576700",
        "doc467590",
        "doc1598142",
        "doc581050",
        "doc1772215",
        "doc2244066",
        "doc681013",
        "doc1407441",
        "doc1639841",
        "doc1327199",
        "doc580182",
        "doc815697",
        "doc1518293",
        "doc684329",
        "doc2074851",
        "doc1659288",
        "doc2521650",
        "doc2318928",
        "doc2675900",
        "doc998055",
        "doc686780"
    ],
    "terminate": true,
    "state_history": [
        {
            "queries": [
                "when did the anti smacking law come in nz"
            ],
            "iteration": 0
        },
        {
            "queries": [
                "when did the anti smacking law come in nz"
            ],
            "iteration": 0,
            "retrieved_lists": [
                [
                    "doc38339",
                    "doc806024",
                    "doc1862084",
                    "doc1755544",
                    "doc1432820",
                    "doc472356",
                    "doc2099863",
                    "doc2669991",
                    "doc684804",
                    "doc2145431",
                    "doc2410414",
                    "doc1513174",
                    "doc430032",
                    "doc2410387",
                    "doc995253",
                    "doc1612847",
                    "doc2064227",
                    "doc673977",
                    "doc2083790",
                    "doc1247112",
                    "doc2653312",
                    "doc843371",
                    "doc1384082",
                    "doc2145435",
                    "doc1073307",
                    "doc1287737",
                    "doc815705",
                    "doc33860",
                    "doc1101856",
                    "doc1049504",
                    "doc1248035",
                    "doc1513167",
                    "doc1741407",
                    "doc2244096",
                    "doc2669993",
                    "doc525061",
                    "doc2064215",
                    "doc917434",
                    "doc2653322",
                    "doc576700",
                    "doc467590",
                    "doc1598142",
                    "doc581050",
                    "doc1772215",
                    "doc2244066",
                    "doc681013",
                    "doc1407441",
                    "doc1639841",
                    "doc1327199",
                    "doc580182",
                    "doc815697",
                    "doc1518293",
                    "doc684329",
                    "doc2074851",
                    "doc1659288",
                    "doc2521650",
                    "doc2318928",
                    "doc2675900",
                    "doc998055",
                    "doc686780"
                ]
            ],