{
    "queries": [
        "who sings good night on the beatles white album"
    ],
    "iteration": 0,
    "retrieved_lists": [
        [
            "doc109630",
            "doc447024",
            "doc387636",
            "doc105758",
            "doc1534918",
            "doc2087417",
            "doc2087222",
            "doc719043",
            "doc2361315",
            "doc719070",
            "doc2087293",
            "doc1251654",
            "doc2087246",
            "doc2087312",
            "doc1877786",
            "doc2014285",
            "doc2087399",
            "doc1625365",
            "doc2087284",
            "doc2011660",
            "doc2008405",
            "doc2087450",
            "doc2087277",
            "doc2087280",
            "doc2087424",
            "doc2087437",
            "doc1903992",
            "doc536551",
            "doc1515447",
            "doc2300462",
            "doc719050",
            "doc1302884",
            "doc2122515",
            "doc1719592",
            "doc258458",
            "doc816094",
            "doc719015",
            "doc1832250",
            "doc1718331",
            "doc719053",
            "doc476868",
            "doc1481674",
            "doc2263985",
            "doc2395638",
            "doc716780",
            "doc2132716",
            "doc1413550",
            "doc75929",
            "doc2087241",
            "doc1686140",
            "doc1942847",
            "doc1692411",
            "doc2592260",
            "doc1244428",
            "doc2280207",
            "doc925381",
            "doc1990630",
            "doc2547491",
            "doc1842986",
            "doc993854"
        ]
    ],
    "all_sim_scores": [
        [
            0.8297944068908691,
            0.5040885210037231,
            0.4885602295398712,
            0.4800414443016052,
            0.47767341136932373,
            0.47746407985687256,
            0.47472384572029114,
            0.47066810727119446,
            0.47003358602523804,
            0.46492481231689453,
            0.46212300658226013,
            0.4523797631263733,
            0.44779589772224426,
            0.445181667804718,
            0.4451608657836914,
            0.43889546394348145,
            0.43778786063194275,
            0.4376075267791748,
            0.43655940890312195,
            0.4365050494670868,
            0.4323699176311493,
            0.4264602065086365,
            0.42578622698783875,
            0.4232316017150879,
            0.4218221604824066,
            0.41971245408058167,
            0.419264018535614,
            0.4161515235900879,
            0.414181113243103,
            0.41306477785110474,
            0.41276252269744873,
            0.412239134311676,
            0.41147640347480774,
            0.4114499092102051,
            0.4097282886505127,
            0.40697765350341797,
            0.40647855401039124,
            0.40550076961517334,
            0.4053506553173065,
            0.4036775231361389,
            0.4031142592430115,
            0.40249547362327576,
            0.401553750038147,
            0.39813655614852905,
            0.3979046642780304,
            0.39652377367019653,
            0.39552247524261475,
            0.39551568031311035,
            0.39523327350616455,
            0.39353346824645996,
            0.3934602737426758,
            0.39158421754837036,
            0.391499400138855,
            0.39090901613235474,
            0.38960880041122437,
            0.3887399435043335,
            0.38776054978370667,
            0.38617774844169617,
            0.3861626088619232,
            0.38517752289772034
        ]
    ],
    "last_action_method": "return_last_retrieved_list",
    "curr_top_k_docIDs": [
        "doc109630",
        "doc447024",
        "doc387636",
        "doc105758",
        "doc1534918",
        "doc2087417",
        "doc2087222",
        "doc719043",
        "doc2361315",
        "doc719070",
        "doc2087293",
        "doc1251654",
        "doc2087246",
        "doc2087312",
        "doc1877786",
        "doc2014285",
        "doc2087399",
        "doc1625365",
        "doc2087284",
        "doc2011660",
        "doc2008405",
        "doc2087450",
        "doc2087277",
        "doc2087280",
        "doc2087424",
        "doc2087437",
        "doc1903992",
        "doc536551",
        "doc1515447",
        "doc2300462",
        "doc719050",
        "doc1302884",
        "doc2122515",
        "doc1719592",
        "doc258458",
        "doc816094",
        "doc719015",
        "doc1832250",
        "doc1718331",
        "doc719053",
        "doc476868",
        "doc1481674",
        "doc2263985",
        "doc2395638",
        "doc716780",
        "doc2132716",
        "doc1413550",
        "doc75929",
        "doc2087241",
        "doc1686140",
        "doc1942847",
        "doc1692411",
        "doc2592260",
        "doc1244428",
        "doc2280207",
        "doc925381",
        "doc1990630",
        "doc2547491",
        "doc1842986",
        "doc993854"
    ],
    "terminate": true,
    "state_history": [
        {
            "queries": [
                "who sings good night on the beatles white album"
            ],
            "iteration": 0
        },
        {
            "queries": [
                "who sings good night on the beatles white album"
            ],
            "iteration": 0,
            "retrieved_lists": [
                [
                    "doc109630",
                    "doc447024",
                    "doc387636",
                    "doc105758",
                    "doc1534918",
                    "doc2087417",
                    "doc2087222",
                    "doc719043",
                    "doc2361315",
                    "doc719070",
                    "doc2087293",
                    "doc1251654",
                    "doc2087246",
                    "doc2087312",
                    "doc1877786",
                    "doc2014285",
                    "doc2087399",
                    "doc1625365",
                    "doc2087284",
                    "doc2011660",
                    "doc2008405",
                    "doc2087450",
                    "doc2087277",
                    "doc2087280",
                    "doc2087424",
                    "doc2087437",
                    "doc1903992",
                    "doc536551",
                    "doc1515447",
                    "doc2300462",
                    "doc719050",
                    "doc1302884",
                    "doc2122515",
                    "doc1719592",
                    "doc258458",
                    "doc816094",
                    "doc719015",
                    "doc1832250",
                    "doc1718331",
                    "doc719053",
                    "doc476868",
                    "doc1481674",
                    "doc2263985",
                    "doc2395638",
                    "doc716780",
                    "doc2132716",
                    "doc1413550",
                    "doc75929",
                    "doc2087241",
                    "doc1686140",
                    "doc1942847",
                    "doc1692411",
                    "doc2592260",
                    "doc1244428",
                    "doc2280207",
                    "doc925381",
                    "doc1990630",
                    "doc2547491",
                    "doc1842986",
                    "doc993854"
                ]
            ],