{
    "queries": [
        "Picturesque cities for photography enthusiasts"
    ],
    "iteration": 0,
    "retrieved_lists": [
        [
            "138",
            "191",
            "497",
            "177",
            "226",
            "392",
            "320",
            "188",
            "520",
            "368"
        ]
    ],
    "all_sim_scores": [
        [
            0.3773656487464905,
            0.3723055422306061,
            0.3718472123146057,
            0.3619024455547333,
            0.3584325313568115,
            0.3568573296070099,
            0.3564022183418274,
            0.35293227434158325,
            0.35139960050582886,
            0.3493947386741638
        ]
    ],
    "last_action_method": "return_last_retrieved_list",
    "curr_top_k_docIDs": [
        "138",
        "191",
        "497",
        "177",
        "226",
        "392",
        "320",
        "188",
        "520",
        "368"
    ],
    "terminate": true,
    "state_history": [
        {
            "queries": [
                "Picturesque cities for photography enthusiasts"
            ],
            "iteration": 0
        },
        {
            "queries": [
                "Picturesque cities for photography enthusiasts"
            ],
            "iteration": 0,
            "retrieved_lists": [
                [
                    "138",
                    "191",
                    "497",
                    "177",
                    "226",
                    "392",
                    "320",
                    "188",
                    "520",
                    "368"
                ]
            ],
            "all_sim_scores": [
                [
                    0.3773656487464905,
                    0.3723055422306061,
                    0.3718472123146057,
                    0.3619024455547333,
                    0.3584325313568115,
                    0.3568573296070099,
                    0.3564022183418274,
                    0.35293227434158325,
                    0.35139960050582886,
                    0.3493947386741638
                ]
            ],
            "last_action_method": "rank"
        },
        {
            "queries": [
                "Picturesque cities for photography enthusiasts"
            ],
            "iteration": 0,
            "retrieved_lists": [
                [
                    "138",
                    "191",
                    "497",
                    "177",
                    "226",
                    "392",
                    "320",
                    "188",
                    "520",
                    "368"
                ]
            ],
            "all_sim_scores": [
                [
                    0.3773656487464905,
                    0.3723055422306061,
                    0.3718472123146057,
                    0.3619024455547333,
                    0.3584325313568115,
                    0.3568573296070099,
                    0.3564022183418274,
                    0.35293227434158325,
                    0.35139960050582886,
                    0.3493947386741638
                ]
            ],
            "last_action_method": "return_last_retrieved_list",
            "curr_top_k_docIDs": [
                "138",
                "191",
                "497",
                "177",
                "226",
                "392",
                "320",
                "188",
                "520",
                "368"
            ],
            "terminate": true
        }
    ]
}