{
    "queries": [
        "when was son of a preacher man released"
    ],
    "iteration": 0,
    "retrieved_lists": [
        [
            "doc61715",
            "doc2373373",
            "doc215206",
            "doc2403345",
            "doc1406876",
            "doc554953",
            "doc1874821",
            "doc408752",
            "doc1874802",
            "doc44118",
            "doc1689801",
            "doc2290831",
            "doc244396",
            "doc1689796",
            "doc1185620",
            "doc122397",
            "doc445046",
            "doc2392205",
            "doc2298183",
            "doc2250071",
            "doc1030856",
            "doc512238",
            "doc628380",
            "doc915121",
            "doc1030893",
            "doc2249985",
            "doc1243950",
            "doc2203216",
            "doc1568617",
            "doc76777",
            "doc747108",
            "doc1879141",
            "doc858170",
            "doc2614587",
            "doc157129",
            "doc1750744",
            "doc793942",
            "doc572868",
            "doc927495",
            "doc2071011",
            "doc925611",
            "doc2530382",
            "doc1196184",
            "doc1174406",
            "doc2249666",
            "doc609041",
            "doc2458156",
            "doc171121",
            "doc1031275",
            "doc253960",
            "doc830797",
            "doc1575353",
            "doc1109009",
            "doc613846",
            "doc2076187",
            "doc1899834",
            "doc1488865",
            "doc1425648",
            "doc224513",
            "doc1879222"
        ]
    ],
    "all_sim_scores": [
        [
            0.6991145610809326,
            0.4852871000766754,
            0.472805917263031,
            0.45915961265563965,
            0.45098257064819336,
            0.4452434778213501,
            0.43999069929122925,
            0.42296940088272095,
            0.4190758764743805,
            0.41841796040534973,
            0.4182536005973816,
            0.41811567544937134,
            0.4068238139152527,
            0.39974355697631836,
            0.3985888957977295,
            0.3974250853061676,
            0.39583492279052734,
            0.3931165933609009,
            0.38486379384994507,
            0.38217467069625854,
            0.3815455436706543,
            0.38147127628326416,
            0.3780527710914612,
            0.3780452609062195,
            0.3766700029373169,
            0.37586379051208496,
            0.37422114610671997,
            0.37312251329421997,
            0.37042689323425293,
            0.37019747495651245,
            0.36757975816726685,
            0.36289870738983154,
            0.3619588017463684,
            0.36143141984939575,
            0.36138662695884705,
            0.35918283462524414,
            0.35876163840293884,
            0.3576393723487854,
            0.3556383550167084,
            0.35530099272727966,
            0.3543596863746643,
            0.35412222146987915,
            0.3538576364517212,
            0.3535723090171814,
            0.35273927450180054,
            0.34864163398742676,
            0.3473273515701294,
            0.3462376594543457,
            0.34598231315612793,
            0.3456813097000122,
            0.34460514783859253,
            0.34337079524993896,
            0.3432811498641968,
            0.34206053614616394,
            0.34201160073280334,
            0.34052082896232605,
            0.33964434266090393,
            0.33803707361221313,
            0.3373943567276001,
            0.3370209336280823
        ]
    ],
    "last_action_method": "return_last_retrieved_list",
    "curr_top_k_docIDs": [
        "doc61715",
        "doc2373373",
        "doc215206",
        "doc2403345",
        "doc1406876",
        "doc554953",
        "doc1874821",
        "doc408752",
        "doc1874802",
        "doc44118",
        "doc1689801",
        "doc2290831",
        "doc244396",
        "doc1689796",
        "doc1185620",
        "doc122397",
        "doc445046",
        "doc2392205",
        "doc2298183",
        "doc2250071",
        "doc1030856",
        "doc512238",
        "doc628380",
        "doc915121",
        "doc1030893",
        "doc2249985",
        "doc1243950",
        "doc2203216",
        "doc1568617",
        "doc76777",
        "doc747108",
        "doc1879141",
        "doc858170",
        "doc2614587",
        "doc157129",
        "doc1750744",
        "doc793942",
        "doc572868",
        "doc927495",
        "doc2071011",
        "doc925611",
        "doc2530382",
        "doc1196184",
        "doc1174406",
        "doc2249666",
        "doc609041",
        "doc2458156",
        "doc171121",
        "doc1031275",
        "doc253960",
        "doc830797",
        "doc1575353",
        "doc1109009",
        "doc613846",
        "doc2076187",
        "doc1899834",
        "doc1488865",
        "doc1425648",
        "doc224513",
        "doc1879222"
    ],
    "terminate": true,
    "state_history": [
        {
            "queries": [
                "when was son of a preacher man released"
            ],
            "iteration": 0
        },
        {
            "queries": [
                "when was son of a preacher man released"
            ],
            "iteration": 0,
            "retrieved_lists": [
                [
                    "doc61715",
                    "doc2373373",
                    "doc215206",
                    "doc2403345",
                    "doc1406876",
                    "doc554953",
                    "doc1874821",
                    "doc408752",
                    "doc1874802",
                    "doc44118",
                    "doc1689801",
                    "doc2290831",
                    "doc244396",
                    "doc1689796",
                    "doc1185620",
                    "doc122397",
                    "doc445046",
                    "doc2392205",
                    "doc2298183",
                    "doc2250071",
                    "doc1030856",
                    "doc512238",
                    "doc628380",
                    "doc915121",
                    "doc1030893",
                    "doc2249985",
                    "doc1243950",
                    "doc2203216",
                    "doc1568617",
                    "doc76777",
                    "doc747108",
                    "doc1879141",
                    "doc858170",
                    "doc2614587",
                    "doc157129",
                    "doc1750744",
                    "doc793942",
                    "doc572868",
                    "doc927495",
                    "doc2071011",
                    "doc925611",
                    "doc2530382",
                    "doc1196184",
                    "doc1174406",
                    "doc2249666",
                    "doc609041",
                    "doc2458156",
                    "doc171121",
                    "doc1031275",
                    "doc253960",
                    "doc830797",
                    "doc1575353",
                    "doc1109009",
                    "doc613846",
                    "doc2076187",
                    "doc1899834",
                    "doc1488865",
                    "doc1425648",
                    "doc224513",
                    "doc1879222"
                ]
            ],