{
    "queries": [
        "who is the writer of a walk to remember"
    ],
    "iteration": 0,
    "retrieved_lists": [
        [
            "doc105407",
            "doc339225",
            "doc339226",
            "doc1069144",
            "doc2449629",
            "doc2013137",
            "doc339232",
            "doc1427584",
            "doc2454145",
            "doc1277366",
            "doc720907",
            "doc602691",
            "doc2531454",
            "doc105348",
            "doc2115051",
            "doc1907415",
            "doc2162985",
            "doc1547022",
            "doc2579411",
            "doc580807",
            "doc602694",
            "doc1354151",
            "doc1362505",
            "doc1362510",
            "doc1579061",
            "doc1305609",
            "doc104361",
            "doc2554321",
            "doc1979099",
            "doc2583736",
            "doc1566031",
            "doc625174",
            "doc1362509",
            "doc58385",
            "doc1746861",
            "doc3103",
            "doc2605475",
            "doc2488894",
            "doc1635148",
            "doc392654",
            "doc1562513",
            "doc1635150",
            "doc140777",
            "doc1862866",
            "doc1015027",
            "doc656306",
            "doc600411",
            "doc2182315",
            "doc2505957",
            "doc533487",
            "doc1871683",
            "doc2543126",
            "doc1120091",
            "doc1751186",
            "doc151549",
            "doc750465",
            "doc58437",
            "doc714053",
            "doc1069199",
            "doc996082"
        ]
    ],
    "all_sim_scores": [
        [
            0.8442375063896179,
            0.5996179580688477,
            0.5507879853248596,
            0.48800134658813477,
            0.47045183181762695,
            0.46320226788520813,
            0.45843568444252014,
            0.45814740657806396,
            0.4538109302520752,
            0.4361072778701782,
            0.43303969502449036,
            0.43242937326431274,
            0.4261980652809143,
            0.42485010623931885,
            0.42412281036376953,
            0.4178975224494934,
            0.41731032729148865,
            0.41712266206741333,
            0.41689714789390564,
            0.41532304883003235,
            0.40817323327064514,
            0.4034930467605591,
            0.4027065634727478,
            0.3996572196483612,
            0.39950376749038696,
            0.396218866109848,
            0.39210277795791626,
            0.38689833879470825,
            0.384046345949173,
            0.38215574622154236,
            0.3801485002040863,
            0.38006219267845154,
            0.379028856754303,
            0.37875574827194214,
            0.3783422112464905,
            0.3782693147659302,
            0.37333160638809204,
            0.3732069730758667,
            0.3714604377746582,
            0.37000569701194763,
            0.3681909441947937,
            0.36463773250579834,
            0.36301034688949585,
            0.3623049259185791,
            0.36120307445526123,
            0.35929185152053833,
            0.35440129041671753,
            0.35421621799468994,
            0.35420873761177063,
            0.35323694348335266,
            0.3530963659286499,
            0.3527374863624573,
            0.35262924432754517,
            0.35082921385765076,
            0.3481658697128296,
            0.347322016954422,
            0.3462616503238678,
            0.3460870385169983,
            0.34573766589164734,
            0.34362679719924927
        ]
    ],
    "last_action_method": "return_last_retrieved_list",
    "curr_top_k_docIDs": [
        "doc105407",
        "doc339225",
        "doc339226",
        "doc1069144",
        "doc2449629",
        "doc2013137",
        "doc339232",
        "doc1427584",
        "doc2454145",
        "doc1277366",
        "doc720907",
        "doc602691",
        "doc2531454",
        "doc105348",
        "doc2115051",
        "doc1907415",
        "doc2162985",
        "doc1547022",
        "doc2579411",
        "doc580807",
        "doc602694",
        "doc1354151",
        "doc1362505",
        "doc1362510",
        "doc1579061",
        "doc1305609",
        "doc104361",
        "doc2554321",
        "doc1979099",
        "doc2583736",
        "doc1566031",
        "doc625174",
        "doc1362509",
        "doc58385",
        "doc1746861",
        "doc3103",
        "doc2605475",
        "doc2488894",
        "doc1635148",
        "doc392654",
        "doc1562513",
        "doc1635150",
        "doc140777",
        "doc1862866",
        "doc1015027",
        "doc656306",
        "doc600411",
        "doc2182315",
        "doc2505957",
        "doc533487",
        "doc1871683",
        "doc2543126",
        "doc1120091",
        "doc1751186",
        "doc151549",
        "doc750465",
        "doc58437",
        "doc714053",
        "doc1069199",
        "doc996082"
    ],
    "terminate": true,
    "state_history": [
        {
            "queries": [
                "who is the writer of a walk to remember"
            ],
            "iteration": 0
        },
        {
            "queries": [
                "who is the writer of a walk to remember"
            ],
            "iteration": 0,
            "retrieved_lists": [
                [
                    "doc105407",
                    "doc339225",
                    "doc339226",
                    "doc1069144",
                    "doc2449629",
                    "doc2013137",
                    "doc339232",
                    "doc1427584",
                    "doc2454145",
                    "doc1277366",
                    "doc720907",
                    "doc602691",
                    "doc2531454",
                    "doc105348",
                    "doc2115051",
                    "doc1907415",
                    "doc2162985",
                    "doc1547022",
                    "doc2579411",
                    "doc580807",
                    "doc602694",
                    "doc1354151",
                    "doc1362505",
                    "doc1362510",
                    "doc1579061",
                    "doc1305609",
                    "doc104361",
                    "doc2554321",
                    "doc1979099",
                    "doc2583736",
                    "doc1566031",
                    "doc625174",
                    "doc1362509",
                    "doc58385",
                    "doc1746861",
                    "doc3103",
                    "doc2605475",
                    "doc2488894",
                    "doc1635148",
                    "doc392654",
                    "doc1562513",
                    "doc1635150",
                    "doc140777",
                    "doc1862866",
                    "doc1015027",
                    "doc656306",
                    "doc600411",
                    "doc2182315",
                    "doc2505957",
                    "doc533487",
                    "doc1871683",
                    "doc2543126",
                    "doc1120091",
                    "doc1751186",
                    "doc151549",
                    "doc750465",
                    "doc58437",
                    "doc714053",
                    "doc1069199",
                    "doc996082"
                ]
            ],