{
    "queries": [
        "what album is sacrifice by elton john on"
    ],
    "iteration": 0,
    "retrieved_lists": [
        [
            "doc56421",
            "doc2202365",
            "doc463677",
            "doc1881624",
            "doc554953",
            "doc1399429",
            "doc1737104",
            "doc143851",
            "doc2104671",
            "doc1706534",
            "doc2324295",
            "doc1030893",
            "doc591490",
            "doc940616",
            "doc1394556",
            "doc1491850",
            "doc2417347",
            "doc1474231",
            "doc2507917",
            "doc1831369",
            "doc1108305",
            "doc615843",
            "doc1786761",
            "doc1690179",
            "doc924135",
            "doc1183903",
            "doc556589",
            "doc1075598",
            "doc2352427",
            "doc1534920",
            "doc2425535",
            "doc2332266",
            "doc1549408",
            "doc1674115",
            "doc176094",
            "doc1979086",
            "doc2110429",
            "doc109630",
            "doc1737192",
            "doc2371445",
            "doc1081768",
            "doc2511043",
            "doc1692443",
            "doc1059572",
            "doc453956",
            "doc1473192",
            "doc1433022",
            "doc1625101",
            "doc493167",
            "doc1021506",
            "doc1986024",
            "doc1525125",
            "doc165097",
            "doc2314282",
            "doc2499430",
            "doc2384195",
            "doc1886587",
            "doc1338351",
            "doc1299826",
            "doc1205727"
        ]
    ],
    "all_sim_scores": [
        [
            0.864409327507019,
            0.3976074755191803,
            0.3918410539627075,
            0.3916356563568115,
            0.3887535333633423,
            0.3799787759780884,
            0.3619876801967621,
            0.361412912607193,
            0.3560587167739868,
            0.35193926095962524,
            0.34987109899520874,
            0.3365805447101593,
            0.33647626638412476,
            0.3360259532928467,
            0.331279456615448,
            0.3288637399673462,
            0.32482630014419556,
            0.32383471727371216,
            0.3199920058250427,
            0.318301260471344,
            0.3181636333465576,
            0.31815192103385925,
            0.31720203161239624,
            0.31023871898651123,
            0.3093528151512146,
            0.30909937620162964,
            0.3085917532444,
            0.3084518015384674,
            0.3066350221633911,
            0.3065485954284668,
            0.3055735230445862,
            0.3037394881248474,
            0.30368348956108093,
            0.3031575083732605,
            0.3022439777851105,
            0.2991495728492737,
            0.29890012741088867,
            0.29840201139450073,
            0.2982857823371887,
            0.2966131865978241,
            0.2955038547515869,
            0.2950359284877777,
            0.29499971866607666,
            0.294907808303833,
            0.29227209091186523,
            0.29225385189056396,
            0.29121625423431396,
            0.29021191596984863,
            0.29005637764930725,
            0.28997403383255005,
            0.2894717752933502,
            0.28941836953163147,
            0.28865429759025574,
            0.28728681802749634,
            0.28682661056518555,
            0.2866012752056122,
            0.28644034266471863,
            0.2864118218421936,
            0.28542059659957886,
            0.28529074788093567
        ]
    ],
    "last_action_method": "return_last_retrieved_list",
    "curr_top_k_docIDs": [
        "doc56421",
        "doc2202365",
        "doc463677",
        "doc1881624",
        "doc554953",
        "doc1399429",
        "doc1737104",
        "doc143851",
        "doc2104671",
        "doc1706534",
        "doc2324295",
        "doc1030893",
        "doc591490",
        "doc940616",
        "doc1394556",
        "doc1491850",
        "doc2417347",
        "doc1474231",
        "doc2507917",
        "doc1831369",
        "doc1108305",
        "doc615843",
        "doc1786761",
        "doc1690179",
        "doc924135",
        "doc1183903",
        "doc556589",
        "doc1075598",
        "doc2352427",
        "doc1534920",
        "doc2425535",
        "doc2332266",
        "doc1549408",
        "doc1674115",
        "doc176094",
        "doc1979086",
        "doc2110429",
        "doc109630",
        "doc1737192",
        "doc2371445",
        "doc1081768",
        "doc2511043",
        "doc1692443",
        "doc1059572",
        "doc453956",
        "doc1473192",
        "doc1433022",
        "doc1625101",
        "doc493167",
        "doc1021506",
        "doc1986024",
        "doc1525125",
        "doc165097",
        "doc2314282",
        "doc2499430",
        "doc2384195",
        "doc1886587",
        "doc1338351",
        "doc1299826",
        "doc1205727"
    ],
    "terminate": true,
    "state_history": [
        {
            "queries": [
                "what album is sacrifice by elton john on"
            ],
            "iteration": 0
        },
        {
            "queries": [
                "what album is sacrifice by elton john on"
            ],
            "iteration": 0,
            "retrieved_lists": [
                [
                    "doc56421",
                    "doc2202365",
                    "doc463677",
                    "doc1881624",
                    "doc554953",
                    "doc1399429",
                    "doc1737104",
                    "doc143851",
                    "doc2104671",
                    "doc1706534",
                    "doc2324295",
                    "doc1030893",
                    "doc591490",
                    "doc940616",
                    "doc1394556",
                    "doc1491850",
                    "doc2417347",
                    "doc1474231",
                    "doc2507917",
                    "doc1831369",
                    "doc1108305",
                    "doc615843",
                    "doc1786761",
                    "doc1690179",
                    "doc924135",
                    "doc1183903",
                    "doc556589",
                    "doc1075598",
                    "doc2352427",
                    "doc1534920",
                    "doc2425535",
                    "doc2332266",
                    "doc1549408",
                    "doc1674115",
                    "doc176094",
                    "doc1979086",
                    "doc2110429",
                    "doc109630",
                    "doc1737192",
                    "doc2371445",
                    "doc1081768",
                    "doc2511043",
                    "doc1692443",
                    "doc1059572",
                    "doc453956",
                    "doc1473192",
                    "doc1433022",
                    "doc1625101",
                    "doc493167",
                    "doc1021506",
                    "doc1986024",
                    "doc1525125",
                    "doc165097",
                    "doc2314282",
                    "doc2499430",
                    "doc2384195",
                    "doc1886587",
                    "doc1338351",
                    "doc1299826",
                    "doc1205727"
                ]
            ],