{
    "queries": [
        "Top cities for wildlife enthusiasts"
    ],
    "iteration": 0,
    "retrieved_lists": [
        [
            "497",
            "320",
            "319",
            "283",
            "99",
            "368",
            "92",
            "121",
            "543",
            "400"
        ]
    ],
    "all_sim_scores": [
        [
            0.4611648619174957,
            0.41639500856399536,
            0.4091283082962036,
            0.4050539433956146,
            0.39660972356796265,
            0.3939542770385742,
            0.3923656642436981,
            0.38760408759117126,
            0.38515210151672363,
            0.3798840641975403
        ]
    ],
    "last_action_method": "return_last_retrieved_list",
    "curr_top_k_docIDs": [
        "497",
        "320",
        "319",
        "283",
        "99",
        "368",
        "92",
        "121",
        "543",
        "400"
    ],
    "terminate": true,
    "state_history": [
        {
            "queries": [
                "Top cities for wildlife enthusiasts"
            ],
            "iteration": 0
        },
        {
            "queries": [
                "Top cities for wildlife enthusiasts"
            ],
            "iteration": 0,
            "retrieved_lists": [
                [
                    "497",
                    "320",
                    "319",
                    "283",
                    "99",
                    "368",
                    "92",
                    "121",
                    "543",
                    "400"
                ]
            ],
            "all_sim_scores": [
                [
                    0.4611648619174957,
                    0.41639500856399536,
                    0.4091283082962036,
                    0.4050539433956146,
                    0.39660972356796265,
                    0.3939542770385742,
                    0.3923656642436981,
                    0.38760408759117126,
                    0.38515210151672363,
                    0.3798840641975403
                ]
            ],
            "last_action_method": "rank"
        },
        {
            "queries": [
                "Top cities for wildlife enthusiasts"
            ],
            "iteration": 0,
            "retrieved_lists": [
                [
                    "497",
                    "320",
                    "319",
                    "283",
                    "99",
                    "368",
                    "92",
                    "121",
                    "543",
                    "400"
                ]
            ],
            "all_sim_scores": [
                [
                    0.4611648619174957,
                    0.41639500856399536,
                    0.4091283082962036,
                    0.4050539433956146,
                    0.39660972356796265,
                    0.3939542770385742,
                    0.3923656642436981,
                    0.38760408759117126,
                    0.38515210151672363,
                    0.3798840641975403
                ]
            ],
            "last_action_method": "return_last_retrieved_list",
            "curr_top_k_docIDs": [
                "497",
                "320",
                "319",
                "283",
                "99",
                "368",
                "92",
                "121",
                "543",
                "400"
            ],
            "terminate": true
        }
    ]
}