{
    "queries": [
        "Most beautiful island cities to explore"
    ],
    "iteration": 0,
    "retrieved_lists": [
        [
            "316",
            "31",
            "179",
            "96",
            "479",
            "114",
            "197",
            "347",
            "324",
            "414"
        ]
    ],
    "all_sim_scores": [
        [
            0.661428689956665,
            0.6251351833343506,
            0.6188167929649353,
            0.6183445453643799,
            0.6175868511199951,
            0.6163890361785889,
            0.6095916628837585,
            0.6088407039642334,
            0.6032102108001709,
            0.6028252243995667
        ]
    ],
    "last_action_method": "return_last_retrieved_list",
    "curr_top_k_docIDs": [
        "316",
        "31",
        "179",
        "96",
        "479",
        "114",
        "197",
        "347",
        "324",
        "414"
    ],
    "terminate": true,
    "state_history": [
        {
            "queries": [
                "Most beautiful island cities to explore"
            ],
            "iteration": 0
        },
        {
            "queries": [
                "Most beautiful island cities to explore"
            ],
            "iteration": 0,
            "retrieved_lists": [
                [
                    "316",
                    "31",
                    "179",
                    "96",
                    "479",
                    "114",
                    "197",
                    "347",
                    "324",
                    "414"
                ]
            ],
            "all_sim_scores": [
                [
                    0.661428689956665,
                    0.6251351833343506,
                    0.6188167929649353,
                    0.6183445453643799,
                    0.6175868511199951,
                    0.6163890361785889,
                    0.6095916628837585,
                    0.6088407039642334,
                    0.6032102108001709,
                    0.6028252243995667
                ]
            ],
            "last_action_method": "rank"
        },
        {
            "queries": [
                "Most beautiful island cities to explore"
            ],
            "iteration": 0,
            "retrieved_lists": [
                [
                    "316",
                    "31",
                    "179",
                    "96",
                    "479",
                    "114",
                    "197",
                    "347",
                    "324",
                    "414"
                ]
            ],
            "all_sim_scores": [
                [
                    0.661428689956665,
                    0.6251351833343506,
                    0.6188167929649353,
                    0.6183445453643799,
                    0.6175868511199951,
                    0.6163890361785889,
                    0.6095916628837585,
                    0.6088407039642334,
                    0.6032102108001709,
                    0.6028252243995667
                ]
            ],
            "last_action_method": "return_last_retrieved_list",
            "curr_top_k_docIDs": [
                "316",
                "31",
                "179",
                "96",
                "479",
                "114",
                "197",
                "347",
                "324",
                "414"
            ],
            "terminate": true
        }
    ]
}