{
    "queries": [
        "china in chinese is called zhongguo which means"
    ],
    "iteration": 0,
    "retrieved_lists": [
        [
            "doc41567",
            "doc1032073",
            "doc679395",
            "doc1471487",
            "doc669558",
            "doc2144198",
            "doc229955",
            "doc2055160",
            "doc2637992",
            "doc2491316",
            "doc1459890",
            "doc1408154",
            "doc951128",
            "doc1511901",
            "doc1082063",
            "doc2523421",
            "doc2491287",
            "doc1791999",
            "doc119136",
            "doc1903207",
            "doc1043385",
            "doc2093829",
            "doc239169",
            "doc83278",
            "doc1673120",
            "doc584660",
            "doc2641889",
            "doc2680818",
            "doc951111",
            "doc535724",
            "doc2443629",
            "doc1471503",
            "doc2051333",
            "doc164771",
            "doc1213681",
            "doc952338",
            "doc2492139",
            "doc2088700",
            "doc234991",
            "doc1608601",
            "doc2676098",
            "doc2676082",
            "doc1597768",
            "doc1366928",
            "doc83191",
            "doc2198462",
            "doc1188667",
            "doc704415",
            "doc2592518",
            "doc1085635",
            "doc121796",
            "doc2668796",
            "doc1484065",
            "doc1868048",
            "doc2324934",
            "doc748880",
            "doc83185",
            "doc1156077",
            "doc1792001",
            "doc2283950"
        ]
    ],
    "all_sim_scores": [
        [
            0.7129639387130737,
            0.5853426456451416,
            0.5738388299942017,
            0.5309851169586182,
            0.5007274150848389,
            0.49912595748901367,
            0.48871809244155884,
            0.47429823875427246,
            0.47068551182746887,
            0.462798148393631,
            0.4598059058189392,
            0.4571899175643921,
            0.45446479320526123,
            0.4489554166793823,
            0.4440952241420746,
            0.4397158622741699,
            0.439677357673645,
            0.42980045080184937,
            0.42585933208465576,
            0.4253416061401367,
            0.42012882232666016,
            0.4118775725364685,
            0.4071985185146332,
            0.3994187116622925,
            0.39882776141166687,
            0.39209839701652527,
            0.39161425828933716,
            0.38990044593811035,
            0.3882685899734497,
            0.3851641118526459,
            0.38465645909309387,
            0.3835795521736145,
            0.38110291957855225,
            0.37945088744163513,
            0.37368321418762207,
            0.37205445766448975,
            0.3698732852935791,
            0.3697398900985718,
            0.3670389652252197,
            0.36616772413253784,
            0.360718309879303,
            0.35899418592453003,
            0.35891544818878174,
            0.35882237553596497,
            0.3580138087272644,
            0.3572799265384674,
            0.355979323387146,
            0.355552077293396,
            0.3553035855293274,
            0.3550444543361664,
            0.3544372022151947,
            0.3525877594947815,
            0.3500159680843353,
            0.34940358996391296,
            0.34817323088645935,
            0.34646210074424744,
            0.344483345746994,
            0.3400889039039612,
            0.3397408723831177,
            0.3394555151462555
        ]
    ],
    "last_action_method": "return_last_retrieved_list",
    "curr_top_k_docIDs": [
        "doc41567",
        "doc1032073",
        "doc679395",
        "doc1471487",
        "doc669558",
        "doc2144198",
        "doc229955",
        "doc2055160",
        "doc2637992",
        "doc2491316",
        "doc1459890",
        "doc1408154",
        "doc951128",
        "doc1511901",
        "doc1082063",
        "doc2523421",
        "doc2491287",
        "doc1791999",
        "doc119136",
        "doc1903207",
        "doc1043385",
        "doc2093829",
        "doc239169",
        "doc83278",
        "doc1673120",
        "doc584660",
        "doc2641889",
        "doc2680818",
        "doc951111",
        "doc535724",
        "doc2443629",
        "doc1471503",
        "doc2051333",
        "doc164771",
        "doc1213681",
        "doc952338",
        "doc2492139",
        "doc2088700",
        "doc234991",
        "doc1608601",
        "doc2676098",
        "doc2676082",
        "doc1597768",
        "doc1366928",
        "doc83191",
        "doc2198462",
        "doc1188667",
        "doc704415",
        "doc2592518",
        "doc1085635",
        "doc121796",
        "doc2668796",
        "doc1484065",
        "doc1868048",
        "doc2324934",
        "doc748880",
        "doc83185",
        "doc1156077",
        "doc1792001",
        "doc2283950"
    ],
    "terminate": true,
    "state_history": [
        {
            "queries": [
                "china in chinese is called zhongguo which means"
            ],
            "iteration": 0
        },
        {
            "queries": [
                "china in chinese is called zhongguo which means"
            ],
            "iteration": 0,
            "retrieved_lists": [
                [
                    "doc41567",
                    "doc1032073",
                    "doc679395",
                    "doc1471487",
                    "doc669558",
                    "doc2144198",
                    "doc229955",
                    "doc2055160",
                    "doc2637992",
                    "doc2491316",
                    "doc1459890",
                    "doc1408154",
                    "doc951128",
                    "doc1511901",
                    "doc1082063",
                    "doc2523421",
                    "doc2491287",
                    "doc1791999",
                    "doc119136",
                    "doc1903207",
                    "doc1043385",
                    "doc2093829",
                    "doc239169",
                    "doc83278",
                    "doc1673120",
                    "doc584660",
                    "doc2641889",
                    "doc2680818",
                    "doc951111",
                    "doc535724",
                    "doc2443629",
                    "doc1471503",
                    "doc2051333",
                    "doc164771",
                    "doc1213681",
                    "doc952338",
                    "doc2492139",
                    "doc2088700",
                    "doc234991",
                    "doc1608601",
                    "doc2676098",
                    "doc2676082",
                    "doc1597768",
                    "doc1366928",
                    "doc83191",
                    "doc2198462",
                    "doc1188667",
                    "doc704415",
                    "doc2592518",
                    "doc1085635",
                    "doc121796",
                    "doc2668796",
                    "doc1484065",
                    "doc1868048",
                    "doc2324934",
                    "doc748880",
                    "doc83185",
                    "doc1156077",
                    "doc1792001",
                    "doc2283950"
                ]
            ],