{
    "queries": [
        "english version bible"
    ],
    "iteration": 0,
    "retrieved_lists": [
        [
            "706529",
            "716931",
            "1594615",
            "752132",
            "1216177",
            "1461288",
            "1619977",
            "918959",
            "1566428",
            "465682"
        ]
    ],
    "all_sim_scores": [
        [
            0.7906259298324585,
            0.7402369976043701,
            0.724153995513916,
            0.6983242034912109,
            0.6900819540023804,
            0.6814043521881104,
            0.6664520502090454,
            0.6640926599502563,
            0.6572070121765137,
            0.6532531976699829
        ]
    ],
    "last_action_method": "return_last_retrieved_list",
    "curr_top_k_docIDs": [
        "706529",
        "716931",
        "1594615",
        "752132",
        "1216177",
        "1461288",
        "1619977",
        "918959",
        "1566428",
        "465682"
    ],
    "terminate": true,
    "state_history": [
        {
            "queries": [
                "english version bible"
            ],
            "iteration": 0
        },
        {
            "queries": [
                "english version bible"
            ],
            "iteration": 0,
            "retrieved_lists": [
                [
                    "706529",
                    "716931",
                    "1594615",
                    "752132",
                    "1216177",
                    "1461288",
                    "1619977",
                    "918959",
                    "1566428",
                    "465682"
                ]
            ],
            "all_sim_scores": [
                [
                    0.7906259298324585,
                    0.7402369976043701,
                    0.724153995513916,
                    0.6983242034912109,
                    0.6900819540023804,
                    0.6814043521881104,
                    0.6664520502090454,
                    0.6640926599502563,
                    0.6572070121765137,
                    0.6532531976699829
                ]
            ],
            "last_action_method": "rank"
        },
        {
            "queries": [
                "english version bible"
            ],
            "iteration": 0,
            "retrieved_lists": [
                [
                    "706529",
                    "716931",
                    "1594615",
                    "752132",
                    "1216177",
                    "1461288",
                    "1619977",
                    "918959",
                    "1566428",
                    "465682"
                ]
            ],
            "all_sim_scores": [
                [
                    0.7906259298324585,
                    0.7402369976043701,
                    0.724153995513916,
                    0.6983242034912109,
                    0.6900819540023804,
                    0.6814043521881104,
                    0.6664520502090454,
                    0.6640926599502563,
                    0.6572070121765137,
                    0.6532531976699829
                ]
            ],
            "last_action_method": "return_last_retrieved_list",
            "curr_top_k_docIDs": [
                "706529",
                "716931",
                "1594615",
                "752132",
                "1216177",
                "1461288",
                "1619977",
                "918959",
                "1566428",
                "465682"
            ],
            "terminate": true
        }
    ]
}