{
    "queries": [
        "where does the brain get its energy from"
    ],
    "iteration": 0,
    "retrieved_lists": [
        [
            "doc55551",
            "doc1404787",
            "doc529684",
            "doc223047",
            "doc934190",
            "doc482915",
            "doc875841",
            "doc579",
            "doc1843559",
            "doc84419",
            "doc1159554",
            "doc31061",
            "doc1371093",
            "doc1769809",
            "doc1261729",
            "doc641273",
            "doc10934",
            "doc1843572",
            "doc1652003",
            "doc1095667",
            "doc1301603",
            "doc1807195",
            "doc732386",
            "doc835382",
            "doc2072509",
            "doc1318359",
            "doc771089",
            "doc253613",
            "doc1979632",
            "doc1365150",
            "doc2504004",
            "doc1888073",
            "doc2325779",
            "doc1328343",
            "doc580359",
            "doc798594",
            "doc967926",
            "doc2123812",
            "doc645076",
            "doc2602479",
            "doc588982",
            "doc2339371",
            "doc872994",
            "doc856152",
            "doc1611211",
            "doc2220608",
            "doc777266",
            "doc2268953",
            "doc753720",
            "doc382745",
            "doc2432290",
            "doc282739",
            "doc1885777",
            "doc1640479",
            "doc291394",
            "doc2242832",
            "doc1326033",
            "doc1913313",
            "doc2112241",
            "doc2228640"
        ]
    ],
    "all_sim_scores": [
        [
            0.6349040865898132,
            0.46687600016593933,
            0.4310782849788666,
            0.4045340418815613,
            0.3661225438117981,
            0.3609330654144287,
            0.35932642221450806,
            0.3290172815322876,
            0.32666468620300293,
            0.3194030523300171,
            0.3182387351989746,
            0.3178834915161133,
            0.31453418731689453,
            0.31286656856536865,
            0.3088637590408325,
            0.3079490065574646,
            0.3055708408355713,
            0.29927870631217957,
            0.29431819915771484,
            0.28886276483535767,
            0.288840115070343,
            0.28870466351509094,
            0.2886003851890564,
            0.2825360596179962,
            0.2803092300891876,
            0.2792570888996124,
            0.27924787998199463,
            0.27892059087753296,
            0.27641698718070984,
            0.27513808012008667,
            0.2724219560623169,
            0.2721034288406372,
            0.27123868465423584,
            0.27044862508773804,
            0.2685885727405548,
            0.2678334712982178,
            0.2634391784667969,
            0.2626798748970032,
            0.26101207733154297,
            0.25944381952285767,
            0.2567111849784851,
            0.2548505663871765,
            0.25369367003440857,
            0.2524089813232422,
            0.25155749917030334,
            0.24958202242851257,
            0.24643774330615997,
            0.24555954337120056,
            0.242670476436615,
            0.2419951856136322,
            0.24143660068511963,
            0.24115826189517975,
            0.23942610621452332,
            0.23926210403442383,
            0.23918679356575012,
            0.23865562677383423,
            0.23785400390625,
            0.23782220482826233,
            0.2364930510520935,
            0.23477275669574738
        ]
    ],
    "last_action_method": "return_last_retrieved_list",
    "curr_top_k_docIDs": [
        "doc55551",
        "doc1404787",
        "doc529684",
        "doc223047",
        "doc934190",
        "doc482915",
        "doc875841",
        "doc579",
        "doc1843559",
        "doc84419",
        "doc1159554",
        "doc31061",
        "doc1371093",
        "doc1769809",
        "doc1261729",
        "doc641273",
        "doc10934",
        "doc1843572",
        "doc1652003",
        "doc1095667",
        "doc1301603",
        "doc1807195",
        "doc732386",
        "doc835382",
        "doc2072509",
        "doc1318359",
        "doc771089",
        "doc253613",
        "doc1979632",
        "doc1365150",
        "doc2504004",
        "doc1888073",
        "doc2325779",
        "doc1328343",
        "doc580359",
        "doc798594",
        "doc967926",
        "doc2123812",
        "doc645076",
        "doc2602479",
        "doc588982",
        "doc2339371",
        "doc872994",
        "doc856152",
        "doc1611211",
        "doc2220608",
        "doc777266",
        "doc2268953",
        "doc753720",
        "doc382745",
        "doc2432290",
        "doc282739",
        "doc1885777",
        "doc1640479",
        "doc291394",
        "doc2242832",
        "doc1326033",
        "doc1913313",
        "doc2112241",
        "doc2228640"
    ],
    "terminate": true,
    "state_history": [
        {
            "queries": [
                "where does the brain get its energy from"
            ],
            "iteration": 0
        },
        {
            "queries": [
                "where does the brain get its energy from"
            ],
            "iteration": 0,
            "retrieved_lists": [
                [
                    "doc55551",
                    "doc1404787",
                    "doc529684",
                    "doc223047",
                    "doc934190",
                    "doc482915",
                    "doc875841",
                    "doc579",
                    "doc1843559",
                    "doc84419",
                    "doc1159554",
                    "doc31061",
                    "doc1371093",
                    "doc1769809",
                    "doc1261729",
                    "doc641273",
                    "doc10934",
                    "doc1843572",
                    "doc1652003",
                    "doc1095667",
                    "doc1301603",
                    "doc1807195",
                    "doc732386",
                    "doc835382",
                    "doc2072509",
                    "doc1318359",
                    "doc771089",
                    "doc253613",
                    "doc1979632",
                    "doc1365150",
                    "doc2504004",
                    "doc1888073",
                    "doc2325779",
                    "doc1328343",
                    "doc580359",
                    "doc798594",
                    "doc967926",
                    "doc2123812",
                    "doc645076",
                    "doc2602479",
                    "doc588982",
                    "doc2339371",
                    "doc872994",
                    "doc856152",
                    "doc1611211",
                    "doc2220608",
                    "doc777266",
                    "doc2268953",
                    "doc753720",
                    "doc382745",
                    "doc2432290",
                    "doc282739",
                    "doc1885777",
                    "doc1640479",
                    "doc291394",
                    "doc2242832",
                    "doc1326033",
                    "doc1913313",
                    "doc2112241",
                    "doc2228640"
                ]
            ],