{
    "queries": [
        "Top cities for music lovers"
    ],
    "iteration": 0,
    "retrieved_lists": [
        [
            "109",
            "315",
            "141",
            "492",
            "105",
            "378",
            "251",
            "43",
            "120",
            "328",
            "168",
            "352",
            "46",
            "320",
            "201",
            "121",
            "319",
            "233",
            "560",
            "119",
            "283",
            "249",
            "77",
            "51",
            "516",
            "457",
            "67",
            "157",
            "284",
            "187"
        ]
    ],
    "all_sim_scores": [
        [
            0.6417670249938965,
            0.6411595344543457,
            0.6408356428146362,
            0.6391927599906921,
            0.6376848220825195,
            0.6375650763511658,
            0.6361818313598633,
            0.635296642780304,
            0.6348151564598083,
            0.6317324042320251,
            0.6273057460784912,
            0.6264815330505371,
            0.6253751516342163,
            0.6211696863174438,
            0.6176419854164124,
            0.6151623725891113,
            0.6149588823318481,
            0.6114674806594849,
            0.6079370975494385,
            0.6078972816467285,
            0.6069232225418091,
            0.6068807244300842,
            0.6056835651397705,
            0.6052803993225098,
            0.6052038669586182,
            0.604454517364502,
            0.6028053164482117,
            0.6016641855239868,
            0.6011123657226562,
            0.6010102033615112
        ]
    ],
    "last_action_method": "check_max_q_reforms",
    "prompts": [
        "Return the best ordering of 10 of the document ids below given the query.\nFollow the output format example exactly and return only a python list of docIDs with exactly 10 IDs.\nDo not output city names.\n\nExample\n***\nQuery: tropical vacation destinations\n\nDocuments:\nDOCID: 1\t|\t TEXT: London\nDOCID: 4   |    TEXT: Cancun\nDOCID: 2456\t|\tTEXT: Myrtle Beach\n\nOutput: [\"4\", \"2456\", \"1\"]\n***\n\nInputs:\n***\nQuery: Top cities for music lovers\n\nDocuments:\n\nDOCID: 109\t|\tTEXT: Cleveland\n\nDOCID: 315\t|\tTEXT: Nashville\n\nDOCID: 141\t|\tTEXT: Fort Lauderdale\n\nDOCID: 492\t|\tTEXT: Toronto\n\nDOCID: 105\t|\tTEXT: Chicago\n\nDOCID: 378\t|\tTEXT: Riga\n\nDOCID: 251\t|\tTEXT: Los Angeles\n\nDOCID: 43\t|\tTEXT: Atlanta\n\nDOCID: 120\t|\tTEXT: Denver\n\nDOCID: 328\t|\tTEXT: Oklahoma City\n\nDOCID: 168\t|\tTEXT: Hamburg\n\nDOCID: 352\t|\tTEXT: Portland (Oregon)\n\nDOCID: 46\t|\tTEXT: Austin\n\nDOCID: 320\t|\tTEXT: New York City\n\nDOCID: 201\t|\tTEXT: Johannesburg\n\nDOCID: 121\t|\tTEXT: Detroit\n\nDOCID: 319\t|\tTEXT: New Orleans\n\nDOCID: 233\t|\tTEXT: Lagos City\n\nDOCID: 560\t|\tTEXT: Zagreb\n\nDOCID: 119\t|\tTEXT: Dallas\n\nDOCID: 283\t|\tTEXT: Mexico City\n\nDOCID: 249\t|\tTEXT: London\n\nDOCID: 77\t|\tTEXT: Brisbane\n\nDOCID: 51\t|\tTEXT: Baltimore\n\nDOCID: 516\t|\tTEXT: Vancouver\n\nDOCID: 457\t|\tTEXT: Sydney\n\nDOCID: 67\t|\tTEXT: Birmingham\n\nDOCID: 157\t|\tTEXT: Gothenburg\n\nDOCID: 284\t|\tTEXT: Miami\n\nDOCID: 187\t|\tTEXT: Indianapolis\n\n***\n\nOutput:"
    ],
    "responses": [
        "```python\n[\"315\", \"319\", \"251\", \"105\", \"43\", \"119\", \"284\", \"121\", \"320\", \"46\"]\n```\n"
    ],
    "curr_top_k_docIDs": [
        "315",
        "319",
        "251",
        "105",
        "43",
        "119",
        "284",
        "121",
        "320",
        "46"
    ],
    "terminate": true,
    "state_history": [
        {
            "queries": [
                "Top cities for music lovers"
            ],
            "iteration": 0
        },
        {
            "queries": [
                "Top cities for music lovers"
            ],
            "iteration": 0,
            "retrieved_lists": [
                [
                    "109",
                    "315",
                    "141",
                    "492",
                    "105",
                    "378",
                    "251",
                    "43",
                    "120",
                    "328",
                    "168",
                    "352",
                    "46",
                    "320",
                    "201",
                    "121",
                    "319",
                    "233",
                    "560",
                    "119",
                    "283",
                    "249",
                    "77",
                    "51",
                    "516",
                    "457",
                    "67",
                    "157",
                    "284",
                    "187"
                ]
            ],
            "all_sim_scores": [
                [
                    0.6417670249938965,
                    0.6411595344543457,
                    0.6408356428146362,
                    0.6391927599906921,
                    0.6376848220825195,
                    0.6375650763511658,
                    0.6361818313598633,
                    0.635296642780304,
                    0.6348151564598083,
                    0.6317324042320251,
                    0.6273057460784912,
                    0.6264815330505371,
                    0.6253751516342163,
                    0.6211696863174438,
                    0.6176419854164124,
                    0.6151623725891113,
                    0.6149588823318481,
                    0.6114674806594849,
                    0.6079370975494385,
                    0.6078972816467285,
                    0.6069232225418091,
                    0.6068807244300842,
                    0.6056835651397705,
                    0.6052803993225098,
                    0.6052038669586182,
                    0.604454517364502,
                    0.6028053164482117,
                    0.6016641855239868,
                    0.6011123657226562,
                    0.6010102033615112
                ]
            ],
            "last_action_method": "rank"
        },
        {
            "queries": [
                "Top cities for music lovers"
            ],
            "iteration": 0,
            "retrieved_lists": [
                [
                    "109",
                    "315",
                    "141",
                    "492",
                    "105",
                    "378",
                    "251",
                    "43",
                    "120",
                    "328",
                    "168",
                    "352",
                    "46",
                    "320",
                    "201",
                    "121",
                    "319",
                    "233",
                    "560",
                    "119",
                    "283",
                    "249",
                    "77",
                    "51",
                    "516",
                    "457",
                    "67",
                    "157",
                    "284",
                    "187"
                ]
            ],