{
    "queries": [
        "Top cities for shopping enthusiasts"
    ],
    "iteration": 0,
    "retrieved_lists": [
        [
            "497",
            "283",
            "320",
            "343",
            "237",
            "543",
            "400",
            "428",
            "22",
            "249"
        ]
    ],
    "all_sim_scores": [
        [
            0.4892914891242981,
            0.4450439214706421,
            0.43884021043777466,
            0.4237764775753021,
            0.41659218072891235,
            0.41395747661590576,
            0.4127900004386902,
            0.4113207161426544,
            0.40882593393325806,
            0.4031066596508026
        ]
    ],
    "last_action_method": "return_last_retrieved_list",
    "curr_top_k_docIDs": [
        "497",
        "283",
        "320",
        "343",
        "237",
        "543",
        "400",
        "428",
        "22",
        "249"
    ],
    "terminate": true,
    "state_history": [
        {
            "queries": [
                "Top cities for shopping enthusiasts"
            ],
            "iteration": 0
        },
        {
            "queries": [
                "Top cities for shopping enthusiasts"
            ],
            "iteration": 0,
            "retrieved_lists": [
                [
                    "497",
                    "283",
                    "320",
                    "343",
                    "237",
                    "543",
                    "400",
                    "428",
                    "22",
                    "249"
                ]
            ],
            "all_sim_scores": [
                [
                    0.4892914891242981,
                    0.4450439214706421,
                    0.43884021043777466,
                    0.4237764775753021,
                    0.41659218072891235,
                    0.41395747661590576,
                    0.4127900004386902,
                    0.4113207161426544,
                    0.40882593393325806,
                    0.4031066596508026
                ]
            ],
            "last_action_method": "rank"
        },
        {
            "queries": [
                "Top cities for shopping enthusiasts"
            ],
            "iteration": 0,
            "retrieved_lists": [
                [
                    "497",
                    "283",
                    "320",
                    "343",
                    "237",
                    "543",
                    "400",
                    "428",
                    "22",
                    "249"
                ]
            ],
            "all_sim_scores": [
                [
                    0.4892914891242981,
                    0.4450439214706421,
                    0.43884021043777466,
                    0.4237764775753021,
                    0.41659218072891235,
                    0.41395747661590576,
                    0.4127900004386902,
                    0.4113207161426544,
                    0.40882593393325806,
                    0.4031066596508026
                ]
            ],
            "last_action_method": "return_last_retrieved_list",
            "curr_top_k_docIDs": [
                "497",
                "283",
                "320",
                "343",
                "237",
                "543",
                "400",
                "428",
                "22",
                "249"
            ],
            "terminate": true
        }
    ]
}