{
    "queries": [
        "who sang picking up pebbles and throwing them into the sea"
    ],
    "iteration": 0,
    "retrieved_lists": [
        [
            "doc95017",
            "doc133578",
            "doc1378826",
            "doc1474231",
            "doc95014",
            "doc2332266",
            "doc982326",
            "doc2659791",
            "doc2054497",
            "doc96269",
            "doc2084105",
            "doc554953",
            "doc1737192",
            "doc2151845",
            "doc2530388",
            "doc388537",
            "doc133579",
            "doc896761",
            "doc1791477",
            "doc187699",
            "doc1208307",
            "doc623791",
            "doc1723350",
            "doc215465",
            "doc2413114",
            "doc450966",
            "doc2397935",
            "doc592227",
            "doc264128",
            "doc880898",
            "doc21240",
            "doc1236856",
            "doc36717",
            "doc1334389",
            "doc381187",
            "doc2458550",
            "doc2384195",
            "doc1258738",
            "doc1256657",
            "doc210315",
            "doc940616",
            "doc1169339",
            "doc2197972",
            "doc2110429",
            "doc181448",
            "doc2184520",
            "doc200727",
            "doc1737104",
            "doc2225599",
            "doc604608",
            "doc1671794",
            "doc1559098",
            "doc1692443",
            "doc655220",
            "doc1965739",
            "doc2499430",
            "doc1334415",
            "doc634807",
            "doc765162",
            "doc2577867"
        ]
    ],
    "all_sim_scores": [
        [
            0.42077022790908813,
            0.4036965072154999,
            0.39720892906188965,
            0.3939896821975708,
            0.39245766401290894,
            0.37008780241012573,
            0.36326825618743896,
            0.34362784028053284,
            0.3436134457588196,
            0.3384014666080475,
            0.33464452624320984,
            0.3326176106929779,
            0.33024072647094727,
            0.32975634932518005,
            0.3282165825366974,
            0.32257336378097534,
            0.32227131724357605,
            0.32099902629852295,
            0.3205832839012146,
            0.32048285007476807,
            0.3197448253631592,
            0.3191264867782593,
            0.3184147775173187,
            0.31829673051834106,
            0.31584346294403076,
            0.31314605474472046,
            0.31242960691452026,
            0.31170278787612915,
            0.31136760115623474,
            0.31090497970581055,
            0.3104669749736786,
            0.30805420875549316,
            0.30710041522979736,
            0.3054611086845398,
            0.3020569980144501,
            0.30181884765625,
            0.30004820227622986,
            0.2987850606441498,
            0.2955416440963745,
            0.29523664712905884,
            0.2929140329360962,
            0.29246604442596436,
            0.28983891010284424,
            0.2895348072052002,
            0.2887747287750244,
            0.28671717643737793,
            0.2855094075202942,
            0.28517404198646545,
            0.282741904258728,
            0.28191858530044556,
            0.2810242176055908,
            0.279836505651474,
            0.27949029207229614,
            0.27918606996536255,
            0.27909302711486816,
            0.2775777578353882,
            0.2772194445133209,
            0.2744419276714325,
            0.27426159381866455,
            0.2733839154243469
        ]
    ],
    "last_action_method": "return_last_retrieved_list",
    "curr_top_k_docIDs": [
        "doc95017",
        "doc133578",
        "doc1378826",
        "doc1474231",
        "doc95014",
        "doc2332266",
        "doc982326",
        "doc2659791",
        "doc2054497",
        "doc96269",
        "doc2084105",
        "doc554953",
        "doc1737192",
        "doc2151845",
        "doc2530388",
        "doc388537",
        "doc133579",
        "doc896761",
        "doc1791477",
        "doc187699",
        "doc1208307",
        "doc623791",
        "doc1723350",
        "doc215465",
        "doc2413114",
        "doc450966",
        "doc2397935",
        "doc592227",
        "doc264128",
        "doc880898",
        "doc21240",
        "doc1236856",
        "doc36717",
        "doc1334389",
        "doc381187",
        "doc2458550",
        "doc2384195",
        "doc1258738",
        "doc1256657",
        "doc210315",
        "doc940616",
        "doc1169339",
        "doc2197972",
        "doc2110429",
        "doc181448",
        "doc2184520",
        "doc200727",
        "doc1737104",
        "doc2225599",
        "doc604608",
        "doc1671794",
        "doc1559098",
        "doc1692443",
        "doc655220",
        "doc1965739",
        "doc2499430",
        "doc1334415",
        "doc634807",
        "doc765162",
        "doc2577867"
    ],
    "terminate": true,
    "state_history": [
        {
            "queries": [
                "who sang picking up pebbles and throwing them into the sea"
            ],
            "iteration": 0
        },
        {
            "queries": [
                "who sang picking up pebbles and throwing them into the sea"
            ],
            "iteration": 0,
            "retrieved_lists": [
                [
                    "doc95017",
                    "doc133578",
                    "doc1378826",
                    "doc1474231",
                    "doc95014",
                    "doc2332266",
                    "doc982326",
                    "doc2659791",
                    "doc2054497",
                    "doc96269",
                    "doc2084105",
                    "doc554953",
                    "doc1737192",
                    "doc2151845",
                    "doc2530388",
                    "doc388537",
                    "doc133579",
                    "doc896761",
                    "doc1791477",
                    "doc187699",
                    "doc1208307",
                    "doc623791",
                    "doc1723350",
                    "doc215465",
                    "doc2413114",
                    "doc450966",
                    "doc2397935",
                    "doc592227",
                    "doc264128",
                    "doc880898",
                    "doc21240",
                    "doc1236856",
                    "doc36717",
                    "doc1334389",
                    "doc381187",
                    "doc2458550",
                    "doc2384195",
                    "doc1258738",
                    "doc1256657",
                    "doc210315",
                    "doc940616",
                    "doc1169339",
                    "doc2197972",
                    "doc2110429",
                    "doc181448",
                    "doc2184520",
                    "doc200727",
                    "doc1737104",
                    "doc2225599",
                    "doc604608",
                    "doc1671794",
                    "doc1559098",
                    "doc1692443",
                    "doc655220",
                    "doc1965739",
                    "doc2499430",
                    "doc1334415",
                    "doc634807",
                    "doc765162",
                    "doc2577867"
                ]
            ],