{
    "queries": [
        "Great cities for solo travelers"
    ],
    "iteration": 0,
    "retrieved_lists": [
        [
            "497",
            "320",
            "199",
            "338",
            "283",
            "122",
            "70",
            "233",
            "160",
            "249",
            "425",
            "415",
            "392",
            "343",
            "96",
            "22",
            "413",
            "193",
            "53",
            "368",
            "174",
            "295",
            "110",
            "61",
            "418",
            "145",
            "82",
            "490",
            "376",
            "226",
            "92",
            "520",
            "530",
            "409",
            "407",
            "18",
            "319",
            "124",
            "400",
            "237",
            "1",
            "142",
            "102",
            "543",
            "339",
            "347",
            "24",
            "232",
            "180",
            "105",
            "405",
            "330",
            "450",
            "120",
            "42",
            "428",
            "380",
            "448",
            "59",
            "93"
        ]
    ],
    "all_sim_scores": [
        [
            0.468940794467926,
            0.4037751257419586,
            0.40282124280929565,
            0.39729681611061096,
            0.3876155912876129,
            0.38395994901657104,
            0.37634339928627014,
            0.3761974573135376,
            0.3752748370170593,
            0.3750350773334503,
            0.37092071771621704,
            0.3703720271587372,
            0.36869385838508606,
            0.36845606565475464,
            0.3667261302471161,
            0.36431288719177246,
            0.36294761300086975,
            0.3599415123462677,
            0.3592282831668854,
            0.3572847843170166,
            0.35704880952835083,
            0.354775071144104,
            0.3545165956020355,
            0.3541067838668823,
            0.3539178967475891,
            0.35348811745643616,
            0.3500063717365265,
            0.34974271059036255,
            0.34700480103492737,
            0.34683799743652344,
            0.3438321053981781,
            0.3426409959793091,
            0.3426264226436615,
            0.342210978269577,
            0.3416440486907959,
            0.33943891525268555,
            0.3381791114807129,
            0.33434876799583435,
            0.33341580629348755,
            0.33316388726234436,
            0.33268216252326965,
            0.33227306604385376,
            0.3316122591495514,
            0.3315977454185486,
            0.3315700888633728,
            0.3306673765182495,
            0.3297644853591919,
            0.32958516478538513,
            0.3294678330421448,
            0.32880038022994995,
            0.32869261503219604,
            0.32780027389526367,
            0.32724082469940186,
            0.32717329263687134,
            0.3263072967529297,
            0.3257380723953247,
            0.3256740868091583,
            0.32403862476348877,
            0.32402652502059937,
            0.32352548837661743
        ]
    ],
    "last_action_method": "return_last_retrieved_list",
    "curr_top_k_docIDs": [
        "497",
        "320",
        "199",
        "338",
        "283",
        "122",
        "70",
        "233",
        "160",
        "249",
        "425",
        "415",
        "392",
        "343",
        "96",
        "22",
        "413",
        "193",
        "53",
        "368",
        "174",
        "295",
        "110",
        "61",
        "418",
        "145",
        "82",
        "490",
        "376",
        "226",
        "92",
        "520",
        "530",
        "409",
        "407",
        "18",
        "319",
        "124",
        "400",
        "237",
        "1",
        "142",
        "102",
        "543",
        "339",
        "347",
        "24",
        "232",
        "180",
        "105",
        "405",
        "330",
        "450",
        "120",
        "42",
        "428",
        "380",
        "448",
        "59",
        "93"
    ],
    "terminate": true,
    "state_history": [
        {
            "queries": [
                "Great cities for solo travelers"
            ],
            "iteration": 0
        },
        {
            "queries": [
                "Great cities for solo travelers"
            ],
            "iteration": 0,
            "retrieved_lists": [
                [
                    "497",
                    "320",
                    "199",
                    "338",
                    "283",
                    "122",
                    "70",
                    "233",
                    "160",
                    "249",
                    "425",
                    "415",
                    "392",
                    "343",
                    "96",
                    "22",
                    "413",
                    "193",
                    "53",
                    "368",
                    "174",
                    "295",
                    "110",
                    "61",
                    "418",
                    "145",
                    "82",
                    "490",
                    "376",
                    "226",
                    "92",
                    "520",
                    "530",
                    "409",
                    "407",
                    "18",
                    "319",
                    "124",
                    "400",
                    "237",
                    "1",
                    "142",
                    "102",
                    "543",
                    "339",
                    "347",
                    "24",
                    "232",
                    "180",
                    "105",
                    "405",
                    "330",
                    "450",
                    "120",
                    "42",
                    "428",
                    "380",
                    "448",
                    "59",
                    "93"
                ]
            ],