{
    "queries": [
        "I want to capture stunning sunshine"
    ],
    "iteration": 0,
    "retrieved_lists": [
        [
            "256",
            "415",
            "417",
            "553",
            "231",
            "28",
            "481",
            "366",
            "416",
            "38",
            "363",
            "45",
            "531",
            "98",
            "237",
            "134",
            "493",
            "161",
            "414",
            "406",
            "209",
            "118",
            "396",
            "303",
            "433",
            "392",
            "156",
            "490",
            "539",
            "468",
            "152",
            "376",
            "410",
            "327",
            "412",
            "454",
            "337",
            "530",
            "402",
            "210",
            "384",
            "182",
            "440",
            "372",
            "552",
            "35",
            "64",
            "288",
            "407",
            "422",
            "529",
            "200",
            "198",
            "312",
            "331",
            "264",
            "324",
            "465",
            "386",
            "398"
        ]
    ],
    "all_sim_scores": [
        [
            0.290244460105896,
            0.24978426098823547,
            0.2320283055305481,
            0.22686360776424408,
            0.22576656937599182,
            0.2119167447090149,
            0.211334228515625,
            0.20783467590808868,
            0.20608581602573395,
            0.2058463990688324,
            0.20411206781864166,
            0.20376648008823395,
            0.2001281976699829,
            0.19855540990829468,
            0.19820253551006317,
            0.19662544131278992,
            0.19479849934577942,
            0.19464269280433655,
            0.1943906992673874,
            0.19399917125701904,
            0.19272613525390625,
            0.1924990564584732,
            0.19024033844470978,
            0.18964417278766632,
            0.18908406794071198,
            0.1887015998363495,
            0.18832091987133026,
            0.1874067336320877,
            0.1855572760105133,
            0.1822807341814041,
            0.1805485486984253,
            0.17836998403072357,
            0.17705947160720825,
            0.17697864770889282,
            0.17529943585395813,
            0.1747472584247589,
            0.17438390851020813,
            0.17353810369968414,
            0.1731160581111908,
            0.1722332239151001,
            0.17217779159545898,
            0.17190763354301453,
            0.17187312245368958,
            0.1717369705438614,
            0.17071878910064697,
            0.1705060601234436,
            0.17002278566360474,
            0.16984093189239502,
            0.16873952746391296,
            0.1681145429611206,
            0.1674726903438568,
            0.1673283874988556,
            0.16715803742408752,
            0.16652311384677887,
            0.1664268970489502,
            0.16636356711387634,
            0.16614729166030884,
            0.16613194346427917,
            0.16609635949134827,
            0.1660098284482956
        ]
    ],
    "last_action_method": "return_last_retrieved_list",
    "curr_top_k_docIDs": [
        "256",
        "415",
        "417",
        "553",
        "231",
        "28",
        "481",
        "366",
        "416",
        "38",
        "363",
        "45",
        "531",
        "98",
        "237",
        "134",
        "493",
        "161",
        "414",
        "406",
        "209",
        "118",
        "396",
        "303",
        "433",
        "392",
        "156",
        "490",
        "539",
        "468",
        "152",
        "376",
        "410",
        "327",
        "412",
        "454",
        "337",
        "530",
        "402",
        "210",
        "384",
        "182",
        "440",
        "372",
        "552",
        "35",
        "64",
        "288",
        "407",
        "422",
        "529",
        "200",
        "198",
        "312",
        "331",
        "264",
        "324",
        "465",
        "386",
        "398"
    ],
    "terminate": true,
    "state_history": [
        {
            "queries": [
                "I want to capture stunning sunshine"
            ],
            "iteration": 0
        },
        {
            "queries": [
                "I want to capture stunning sunshine"
            ],
            "iteration": 0,
            "retrieved_lists": [
                [
                    "256",
                    "415",
                    "417",
                    "553",
                    "231",
                    "28",
                    "481",
                    "366",
                    "416",
                    "38",
                    "363",
                    "45",
                    "531",
                    "98",
                    "237",
                    "134",
                    "493",
                    "161",
                    "414",
                    "406",
                    "209",
                    "118",
                    "396",
                    "303",
                    "433",
                    "392",
                    "156",
                    "490",
                    "539",
                    "468",
                    "152",
                    "376",
                    "410",
                    "327",
                    "412",
                    "454",
                    "337",
                    "530",
                    "402",
                    "210",
                    "384",
                    "182",
                    "440",
                    "372",
                    "552",
                    "35",
                    "64",
                    "288",
                    "407",
                    "422",
                    "529",
                    "200",
                    "198",
                    "312",
                    "331",
                    "264",
                    "324",
                    "465",
                    "386",
                    "398"
                ]
            ],