{
    "queries": [
        "Great cities to celebrate a child's birthday"
    ],
    "iteration": 0,
    "retrieved_lists": [
        [
            "320",
            "283",
            "343",
            "204",
            "368",
            "412",
            "199",
            "105",
            "497",
            "543"
        ]
    ],
    "all_sim_scores": [
        [
            0.4145089089870453,
            0.39741283655166626,
            0.3852038085460663,
            0.38220229744911194,
            0.3808242976665497,
            0.3764774203300476,
            0.35988593101501465,
            0.35564368963241577,
            0.3547407388687134,
            0.35416972637176514
        ]
    ],
    "last_action_method": "return_last_retrieved_list",
    "curr_top_k_docIDs": [
        "320",
        "283",
        "343",
        "204",
        "368",
        "412",
        "199",
        "105",
        "497",
        "543"
    ],
    "terminate": true,
    "state_history": [
        {
            "queries": [
                "Great cities to celebrate a child's birthday"
            ],
            "iteration": 0
        },
        {
            "queries": [
                "Great cities to celebrate a child's birthday"
            ],
            "iteration": 0,
            "retrieved_lists": [
                [
                    "320",
                    "283",
                    "343",
                    "204",
                    "368",
                    "412",
                    "199",
                    "105",
                    "497",
                    "543"
                ]
            ],
            "all_sim_scores": [
                [
                    0.4145089089870453,
                    0.39741283655166626,
                    0.3852038085460663,
                    0.38220229744911194,
                    0.3808242976665497,
                    0.3764774203300476,
                    0.35988593101501465,
                    0.35564368963241577,
                    0.3547407388687134,
                    0.35416972637176514
                ]
            ],
            "last_action_method": "rank"
        },
        {
            "queries": [
                "Great cities to celebrate a child's birthday"
            ],
            "iteration": 0,
            "retrieved_lists": [
                [
                    "320",
                    "283",
                    "343",
                    "204",
                    "368",
                    "412",
                    "199",
                    "105",
                    "497",
                    "543"
                ]
            ],
            "all_sim_scores": [
                [
                    0.4145089089870453,
                    0.39741283655166626,
                    0.3852038085460663,
                    0.38220229744911194,
                    0.3808242976665497,
                    0.3764774203300476,
                    0.35988593101501465,
                    0.35564368963241577,
                    0.3547407388687134,
                    0.35416972637176514
                ]
            ],
            "last_action_method": "return_last_retrieved_list",
            "curr_top_k_docIDs": [
                "320",
                "283",
                "343",
                "204",
                "368",
                "412",
                "199",
                "105",
                "497",
                "543"
            ],
            "terminate": true
        }
    ]
}