{
    "queries": [
        "who was the original host of what's my line"
    ],
    "iteration": 0,
    "retrieved_lists": [
        [
            "doc5295",
            "doc2544419",
            "doc2336397",
            "doc2336389",
            "doc389750",
            "doc104361",
            "doc1275950",
            "doc1146024",
            "doc690078",
            "doc2182315",
            "doc2639965",
            "doc1565174",
            "doc1132420",
            "doc632602",
            "doc2197854",
            "doc490814",
            "doc1360796",
            "doc964492",
            "doc425043",
            "doc38266",
            "doc1725418",
            "doc2263985",
            "doc1954888",
            "doc1565184",
            "doc1465792",
            "doc442722",
            "doc803066",
            "doc2216940",
            "doc1394556",
            "doc2549323",
            "doc758572",
            "doc1856608",
            "doc935937",
            "doc2077051",
            "doc122053",
            "doc2100597",
            "doc1122096",
            "doc1360776",
            "doc99614",
            "doc255896",
            "doc1339432",
            "doc2282736",
            "doc1011005",
            "doc2301973",
            "doc1135027",
            "doc1065224",
            "doc2020488",
            "doc171845",
            "doc852952",
            "doc1622031",
            "doc1368175",
            "doc1576689",
            "doc573186",
            "doc836996",
            "doc859422",
            "doc117707",
            "doc2251658",
            "doc2079564",
            "doc317404",
            "doc2020487"
        ]
    ],
    "all_sim_scores": [
        [
            0.7732114791870117,
            0.6272735595703125,
            0.5712350010871887,
            0.5651280283927917,
            0.5520765781402588,
            0.5234076976776123,
            0.4662284553050995,
            0.4565384089946747,
            0.4549083411693573,
            0.4360620379447937,
            0.43417561054229736,
            0.42866089940071106,
            0.4186999797821045,
            0.41723138093948364,
            0.4122191071510315,
            0.4107884168624878,
            0.3924923539161682,
            0.3901951313018799,
            0.38818609714508057,
            0.3880482316017151,
            0.38272541761398315,
            0.38034096360206604,
            0.38023641705513,
            0.37961339950561523,
            0.3749716579914093,
            0.37453800439834595,
            0.3720006048679352,
            0.3714131712913513,
            0.37126368284225464,
            0.3699879050254822,
            0.3687810003757477,
            0.36768054962158203,
            0.3643953204154968,
            0.3642444610595703,
            0.3638211786746979,
            0.3629312813282013,
            0.3626248240470886,
            0.3624300956726074,
            0.36064350605010986,
            0.3598209321498871,
            0.3597005605697632,
            0.3582632541656494,
            0.3572915196418762,
            0.3567044734954834,
            0.35597705841064453,
            0.3559490442276001,
            0.35561978816986084,
            0.35520416498184204,
            0.35336512327194214,
            0.3528286814689636,
            0.3525235652923584,
            0.35235339403152466,
            0.3519595265388489,
            0.35119450092315674,
            0.3508096933364868,
            0.3494735658168793,
            0.3491259813308716,
            0.34881407022476196,
            0.34858620166778564,
            0.3481919765472412
        ]
    ],
    "last_action_method": "return_last_retrieved_list",
    "curr_top_k_docIDs": [
        "doc5295",
        "doc2544419",
        "doc2336397",
        "doc2336389",
        "doc389750",
        "doc104361",
        "doc1275950",
        "doc1146024",
        "doc690078",
        "doc2182315",
        "doc2639965",
        "doc1565174",
        "doc1132420",
        "doc632602",
        "doc2197854",
        "doc490814",
        "doc1360796",
        "doc964492",
        "doc425043",
        "doc38266",
        "doc1725418",
        "doc2263985",
        "doc1954888",
        "doc1565184",
        "doc1465792",
        "doc442722",
        "doc803066",
        "doc2216940",
        "doc1394556",
        "doc2549323",
        "doc758572",
        "doc1856608",
        "doc935937",
        "doc2077051",
        "doc122053",
        "doc2100597",
        "doc1122096",
        "doc1360776",
        "doc99614",
        "doc255896",
        "doc1339432",
        "doc2282736",
        "doc1011005",
        "doc2301973",
        "doc1135027",
        "doc1065224",
        "doc2020488",
        "doc171845",
        "doc852952",
        "doc1622031",
        "doc1368175",
        "doc1576689",
        "doc573186",
        "doc836996",
        "doc859422",
        "doc117707",
        "doc2251658",
        "doc2079564",
        "doc317404",
        "doc2020487"
    ],
    "terminate": true,
    "state_history": [
        {
            "queries": [
                "who was the original host of what's my line"
            ],
            "iteration": 0
        },
        {
            "queries": [
                "who was the original host of what's my line"
            ],
            "iteration": 0,
            "retrieved_lists": [
                [
                    "doc5295",
                    "doc2544419",
                    "doc2336397",
                    "doc2336389",
                    "doc389750",
                    "doc104361",
                    "doc1275950",
                    "doc1146024",
                    "doc690078",
                    "doc2182315",
                    "doc2639965",
                    "doc1565174",
                    "doc1132420",
                    "doc632602",
                    "doc2197854",
                    "doc490814",
                    "doc1360796",
                    "doc964492",
                    "doc425043",
                    "doc38266",
                    "doc1725418",
                    "doc2263985",
                    "doc1954888",
                    "doc1565184",
                    "doc1465792",
                    "doc442722",
                    "doc803066",
                    "doc2216940",
                    "doc1394556",
                    "doc2549323",
                    "doc758572",
                    "doc1856608",
                    "doc935937",
                    "doc2077051",
                    "doc122053",
                    "doc2100597",
                    "doc1122096",
                    "doc1360776",
                    "doc99614",
                    "doc255896",
                    "doc1339432",
                    "doc2282736",
                    "doc1011005",
                    "doc2301973",
                    "doc1135027",
                    "doc1065224",
                    "doc2020488",
                    "doc171845",
                    "doc852952",
                    "doc1622031",
                    "doc1368175",
                    "doc1576689",
                    "doc573186",
                    "doc836996",
                    "doc859422",
                    "doc117707",
                    "doc2251658",
                    "doc2079564",
                    "doc317404",
                    "doc2020487"
                ]
            ],