{
    "queries": [
        "Top cities for luxury travel"
    ],
    "iteration": 0,
    "retrieved_lists": [
        [
            "497",
            "320",
            "22",
            "237",
            "283",
            "63",
            "338",
            "249",
            "428",
            "450",
            "295",
            "168",
            "193",
            "124",
            "427",
            "407",
            "177",
            "251",
            "55",
            "380",
            "199",
            "178",
            "520",
            "415",
            "339",
            "353",
            "233",
            "82",
            "255",
            "368",
            "18",
            "245",
            "392",
            "222",
            "400",
            "336",
            "122",
            "121",
            "1",
            "568",
            "490",
            "334",
            "525",
            "355",
            "92",
            "332",
            "343",
            "180",
            "402",
            "543",
            "266",
            "96",
            "152",
            "467",
            "53",
            "418",
            "409",
            "425",
            "403",
            "83"
        ]
    ],
    "all_sim_scores": [
        [
            0.4338991045951843,
            0.4184642434120178,
            0.41505008935928345,
            0.40717148780822754,
            0.402182400226593,
            0.395014226436615,
            0.38805001974105835,
            0.38604918122291565,
            0.38311994075775146,
            0.3780596852302551,
            0.3726215958595276,
            0.3709213137626648,
            0.3643603026866913,
            0.36359691619873047,
            0.36291104555130005,
            0.36270833015441895,
            0.36249250173568726,
            0.36104750633239746,
            0.36055850982666016,
            0.36041074991226196,
            0.3593648076057434,
            0.35896530747413635,
            0.3571181893348694,
            0.35233965516090393,
            0.3484276235103607,
            0.3453388810157776,
            0.3427633047103882,
            0.34209805727005005,
            0.34006333351135254,
            0.3365298807621002,
            0.33520442247390747,
            0.3349422812461853,
            0.3348505198955536,
            0.3345911502838135,
            0.33326542377471924,
            0.33307725191116333,
            0.3329508900642395,
            0.33231422305107117,
            0.3309459984302521,
            0.32854968309402466,
            0.32679593563079834,
            0.32565832138061523,
            0.32436367869377136,
            0.32430383563041687,
            0.3243001699447632,
            0.32281896471977234,
            0.32271021604537964,
            0.3221365809440613,
            0.3191259205341339,
            0.3186027407646179,
            0.31826186180114746,
            0.31823819875717163,
            0.31792229413986206,
            0.317660391330719,
            0.3170660138130188,
            0.3169716000556946,
            0.3167157471179962,
            0.3163914084434509,
            0.31607478857040405,
            0.3153499662876129
        ]
    ],
    "last_action_method": "return_last_retrieved_list",
    "curr_top_k_docIDs": [
        "497",
        "320",
        "22",
        "237",
        "283",
        "63",
        "338",
        "249",
        "428",
        "450",
        "295",
        "168",
        "193",
        "124",
        "427",
        "407",
        "177",
        "251",
        "55",
        "380",
        "199",
        "178",
        "520",
        "415",
        "339",
        "353",
        "233",
        "82",
        "255",
        "368",
        "18",
        "245",
        "392",
        "222",
        "400",
        "336",
        "122",
        "121",
        "1",
        "568",
        "490",
        "334",
        "525",
        "355",
        "92",
        "332",
        "343",
        "180",
        "402",
        "543",
        "266",
        "96",
        "152",
        "467",
        "53",
        "418",
        "409",
        "425",
        "403",
        "83"
    ],
    "terminate": true,
    "state_history": [
        {
            "queries": [
                "Top cities for luxury travel"
            ],
            "iteration": 0
        },
        {
            "queries": [
                "Top cities for luxury travel"
            ],
            "iteration": 0,
            "retrieved_lists": [
                [
                    "497",
                    "320",
                    "22",
                    "237",
                    "283",
                    "63",
                    "338",
                    "249",
                    "428",
                    "450",
                    "295",
                    "168",
                    "193",
                    "124",
                    "427",
                    "407",
                    "177",
                    "251",
                    "55",
                    "380",
                    "199",
                    "178",
                    "520",
                    "415",
                    "339",
                    "353",
                    "233",
                    "82",
                    "255",
                    "368",
                    "18",
                    "245",
                    "392",
                    "222",
                    "400",
                    "336",
                    "122",
                    "121",
                    "1",
                    "568",
                    "490",
                    "334",
                    "525",
                    "355",
                    "92",
                    "332",
                    "343",
                    "180",
                    "402",
                    "543",
                    "266",
                    "96",
                    "152",
                    "467",
                    "53",
                    "418",
                    "409",
                    "425",
                    "403",
                    "83"
                ]
            ],