{
    "queries": [
        "Cities for a high school graduation trip"
    ],
    "iteration": 0,
    "retrieved_lists": [
        [
            "199",
            "543",
            "320",
            "409",
            "283",
            "497",
            "405",
            "15",
            "392",
            "412"
        ]
    ],
    "all_sim_scores": [
        [
            0.370901882648468,
            0.35016947984695435,
            0.34956467151641846,
            0.34219270944595337,
            0.3420439064502716,
            0.3418259024620056,
            0.34069713950157166,
            0.3397313356399536,
            0.3390589952468872,
            0.33868613839149475
        ]
    ],
    "last_action_method": "return_last_retrieved_list",
    "curr_top_k_docIDs": [
        "199",
        "543",
        "320",
        "409",
        "283",
        "497",
        "405",
        "15",
        "392",
        "412"
    ],
    "terminate": true,
    "state_history": [
        {
            "queries": [
                "Cities for a high school graduation trip"
            ],
            "iteration": 0
        },
        {
            "queries": [
                "Cities for a high school graduation trip"
            ],
            "iteration": 0,
            "retrieved_lists": [
                [
                    "199",
                    "543",
                    "320",
                    "409",
                    "283",
                    "497",
                    "405",
                    "15",
                    "392",
                    "412"
                ]
            ],
            "all_sim_scores": [
                [
                    0.370901882648468,
                    0.35016947984695435,
                    0.34956467151641846,
                    0.34219270944595337,
                    0.3420439064502716,
                    0.3418259024620056,
                    0.34069713950157166,
                    0.3397313356399536,
                    0.3390589952468872,
                    0.33868613839149475
                ]
            ],
            "last_action_method": "rank"
        },
        {
            "queries": [
                "Cities for a high school graduation trip"
            ],
            "iteration": 0,
            "retrieved_lists": [
                [
                    "199",
                    "543",
                    "320",
                    "409",
                    "283",
                    "497",
                    "405",
                    "15",
                    "392",
                    "412"
                ]
            ],
            "all_sim_scores": [
                [
                    0.370901882648468,
                    0.35016947984695435,
                    0.34956467151641846,
                    0.34219270944595337,
                    0.3420439064502716,
                    0.3418259024620056,
                    0.34069713950157166,
                    0.3397313356399536,
                    0.3390589952468872,
                    0.33868613839149475
                ]
            ],
            "last_action_method": "return_last_retrieved_list",
            "curr_top_k_docIDs": [
                "199",
                "543",
                "320",
                "409",
                "283",
                "497",
                "405",
                "15",
                "392",
                "412"
            ],
            "terminate": true
        }
    ]
}