{
    "queries": [
        "Top cities for fashion aficionados"
    ],
    "iteration": 0,
    "retrieved_lists": [
        [
            "283",
            "320",
            "497",
            "339",
            "63",
            "368",
            "460",
            "428",
            "251",
            "70"
        ]
    ],
    "all_sim_scores": [
        [
            0.4951866567134857,
            0.4818974733352661,
            0.4338296949863434,
            0.42855530977249146,
            0.4136604070663452,
            0.41243547201156616,
            0.4096686840057373,
            0.40825027227401733,
            0.4060073792934418,
            0.4057026505470276
        ]
    ],
    "last_action_method": "return_last_retrieved_list",
    "curr_top_k_docIDs": [
        "283",
        "320",
        "497",
        "339",
        "63",
        "368",
        "460",
        "428",
        "251",
        "70"
    ],
    "terminate": true,
    "state_history": [
        {
            "queries": [
                "Top cities for fashion aficionados"
            ],
            "iteration": 0
        },
        {
            "queries": [
                "Top cities for fashion aficionados"
            ],
            "iteration": 0,
            "retrieved_lists": [
                [
                    "283",
                    "320",
                    "497",
                    "339",
                    "63",
                    "368",
                    "460",
                    "428",
                    "251",
                    "70"
                ]
            ],
            "all_sim_scores": [
                [
                    0.4951866567134857,
                    0.4818974733352661,
                    0.4338296949863434,
                    0.42855530977249146,
                    0.4136604070663452,
                    0.41243547201156616,
                    0.4096686840057373,
                    0.40825027227401733,
                    0.4060073792934418,
                    0.4057026505470276
                ]
            ],
            "last_action_method": "rank"
        },
        {
            "queries": [
                "Top cities for fashion aficionados"
            ],
            "iteration": 0,
            "retrieved_lists": [
                [
                    "283",
                    "320",
                    "497",
                    "339",
                    "63",
                    "368",
                    "460",
                    "428",
                    "251",
                    "70"
                ]
            ],
            "all_sim_scores": [
                [
                    0.4951866567134857,
                    0.4818974733352661,
                    0.4338296949863434,
                    0.42855530977249146,
                    0.4136604070663452,
                    0.41243547201156616,
                    0.4096686840057373,
                    0.40825027227401733,
                    0.4060073792934418,
                    0.4057026505470276
                ]
            ],
            "last_action_method": "return_last_retrieved_list",
            "curr_top_k_docIDs": [
                "283",
                "320",
                "497",
                "339",
                "63",
                "368",
                "460",
                "428",
                "251",
                "70"
            ],
            "terminate": true
        }
    ]
}