{
    "queries": [
        "Picturesque cities for photography enthusiasts"
    ],
    "iteration": 0,
    "retrieved_lists": [
        [
            "368",
            "520",
            "138",
            "320",
            "283",
            "497",
            "481",
            "530",
            "392",
            "427"
        ]
    ],
    "all_sim_scores": [
        [
            0.39987802505493164,
            0.39312657713890076,
            0.3927609324455261,
            0.39101898670196533,
            0.37606143951416016,
            0.37588679790496826,
            0.36930474638938904,
            0.36726659536361694,
            0.3665241301059723,
            0.3608776330947876
        ]
    ],
    "last_action_method": "return_last_retrieved_list",
    "curr_top_k_docIDs": [
        "368",
        "520",
        "138",
        "320",
        "283",
        "497",
        "481",
        "530",
        "392",
        "427"
    ],
    "terminate": true,
    "state_history": [
        {
            "queries": [
                "Picturesque cities for photography enthusiasts"
            ],
            "iteration": 0
        },
        {
            "queries": [
                "Picturesque cities for photography enthusiasts"
            ],
            "iteration": 0,
            "retrieved_lists": [
                [
                    "368",
                    "520",
                    "138",
                    "320",
                    "283",
                    "497",
                    "481",
                    "530",
                    "392",
                    "427"
                ]
            ],
            "all_sim_scores": [
                [
                    0.39987802505493164,
                    0.39312657713890076,
                    0.3927609324455261,
                    0.39101898670196533,
                    0.37606143951416016,
                    0.37588679790496826,
                    0.36930474638938904,
                    0.36726659536361694,
                    0.3665241301059723,
                    0.3608776330947876
                ]
            ],
            "last_action_method": "rank"
        },
        {
            "queries": [
                "Picturesque cities for photography enthusiasts"
            ],
            "iteration": 0,
            "retrieved_lists": [
                [
                    "368",
                    "520",
                    "138",
                    "320",
                    "283",
                    "497",
                    "481",
                    "530",
                    "392",
                    "427"
                ]
            ],
            "all_sim_scores": [
                [
                    0.39987802505493164,
                    0.39312657713890076,
                    0.3927609324455261,
                    0.39101898670196533,
                    0.37606143951416016,
                    0.37588679790496826,
                    0.36930474638938904,
                    0.36726659536361694,
                    0.3665241301059723,
                    0.3608776330947876
                ]
            ],
            "last_action_method": "return_last_retrieved_list",
            "curr_top_k_docIDs": [
                "368",
                "520",
                "138",
                "320",
                "283",
                "497",
                "481",
                "530",
                "392",
                "427"
            ],
            "terminate": true
        }
    ]
}