{
    "queries": [
        "Best cities for water activities"
    ],
    "iteration": 0,
    "retrieved_lists": [
        [
            "392",
            "320",
            "338",
            "199",
            "283",
            "188",
            "180",
            "400",
            "368",
            "319"
        ]
    ],
    "all_sim_scores": [
        [
            0.4420192241668701,
            0.3802100718021393,
            0.3692663311958313,
            0.3680703639984131,
            0.362287700176239,
            0.35638636350631714,
            0.3511015474796295,
            0.34961363673210144,
            0.34808656573295593,
            0.3467068076133728
        ]
    ],
    "last_action_method": "return_last_retrieved_list",
    "curr_top_k_docIDs": [
        "392",
        "320",
        "338",
        "199",
        "283",
        "188",
        "180",
        "400",
        "368",
        "319"
    ],
    "terminate": true,
    "state_history": [
        {
            "queries": [
                "Best cities for water activities"
            ],
            "iteration": 0
        },
        {
            "queries": [
                "Best cities for water activities"
            ],
            "iteration": 0,
            "retrieved_lists": [
                [
                    "392",
                    "320",
                    "338",
                    "199",
                    "283",
                    "188",
                    "180",
                    "400",
                    "368",
                    "319"
                ]
            ],
            "all_sim_scores": [
                [
                    0.4420192241668701,
                    0.3802100718021393,
                    0.3692663311958313,
                    0.3680703639984131,
                    0.362287700176239,
                    0.35638636350631714,
                    0.3511015474796295,
                    0.34961363673210144,
                    0.34808656573295593,
                    0.3467068076133728
                ]
            ],
            "last_action_method": "rank"
        },
        {
            "queries": [
                "Best cities for water activities"
            ],
            "iteration": 0,
            "retrieved_lists": [
                [
                    "392",
                    "320",
                    "338",
                    "199",
                    "283",
                    "188",
                    "180",
                    "400",
                    "368",
                    "319"
                ]
            ],
            "all_sim_scores": [
                [
                    0.4420192241668701,
                    0.3802100718021393,
                    0.3692663311958313,
                    0.3680703639984131,
                    0.362287700176239,
                    0.35638636350631714,
                    0.3511015474796295,
                    0.34961363673210144,
                    0.34808656573295593,
                    0.3467068076133728
                ]
            ],
            "last_action_method": "return_last_retrieved_list",
            "curr_top_k_docIDs": [
                "392",
                "320",
                "338",
                "199",
                "283",
                "188",
                "180",
                "400",
                "368",
                "319"
            ],
            "terminate": true
        }
    ]
}