{
    "queries": [
        "what album is sacrifice by elton john on"
    ],
    "iteration": 0,
    "retrieved_lists": [
        [
            "doc56421",
            "doc2010319",
            "doc725063",
            "doc2504193",
            "doc830308",
            "doc912388",
            "doc171845",
            "doc2202365",
            "doc2572246",
            "doc2492580",
            "doc2458571",
            "doc463677",
            "doc1881624",
            "doc554953",
            "doc1559300",
            "doc2373813",
            "doc1737597",
            "doc1564887",
            "doc2373822",
            "doc1414223",
            "doc421174",
            "doc2610322",
            "doc1855886",
            "doc1399429",
            "doc2579106",
            "doc1916456",
            "doc2487625",
            "doc87211",
            "doc2417356",
            "doc563257",
            "doc1075606",
            "doc1737132",
            "doc588033",
            "doc261841",
            "doc722778",
            "doc1811991",
            "doc2335210",
            "doc2536983",
            "doc1709080",
            "doc416606",
            "doc456253",
            "doc1737443",
            "doc1312621",
            "doc75700",
            "doc1721025",
            "doc1737104",
            "doc1773853",
            "doc143851",
            "doc1243950",
            "doc1491846",
            "doc1202518",
            "doc1945768",
            "doc1648937",
            "doc1737047",
            "doc1737091",
            "doc1737080",
            "doc2506469",
            "doc722779",
            "doc417813",
            "doc769964"
        ]
    ],
    "all_sim_scores": [
        [
            0.864409327507019,
            0.49610066413879395,
            0.47036492824554443,
            0.44677746295928955,
            0.41388368606567383,
            0.41050097346305847,
            0.4032859206199646,
            0.3976074755191803,
            0.3959708511829376,
            0.39527007937431335,
            0.3930394649505615,
            0.3918410539627075,
            0.3916356563568115,
            0.3887535333633423,
            0.38820910453796387,
            0.38635891675949097,
            0.38564983010292053,
            0.3854619860649109,
            0.3843194544315338,
            0.38272690773010254,
            0.38253331184387207,
            0.3825070858001709,
            0.381805956363678,
            0.3799787759780884,
            0.37982842326164246,
            0.37904131412506104,
            0.37885168194770813,
            0.37882286310195923,
            0.37776979804039,
            0.3761054277420044,
            0.3704153299331665,
            0.36975008249282837,
            0.36922428011894226,
            0.3685195744037628,
            0.3681561350822449,
            0.3677314519882202,
            0.3671693205833435,
            0.3659127354621887,
            0.3656705617904663,
            0.36551427841186523,
            0.3649507761001587,
            0.3636874258518219,
            0.3625272512435913,
            0.3624718487262726,
            0.36214491724967957,
            0.3619876801967621,
            0.36154377460479736,
            0.361412912607193,
            0.3613324761390686,
            0.36078906059265137,
            0.35923904180526733,
            0.3588692545890808,
            0.3585209846496582,
            0.35750406980514526,
            0.35750406980514526,
            0.35750406980514526,
            0.35712581872940063,
            0.35695284605026245,
            0.35642626881599426,
            0.35621339082717896
        ]
    ],
    "last_action_method": "return_last_retrieved_list",
    "curr_top_k_docIDs": [
        "doc56421",
        "doc2010319",
        "doc725063",
        "doc2504193",
        "doc830308",
        "doc912388",
        "doc171845",
        "doc2202365",
        "doc2572246",
        "doc2492580",
        "doc2458571",
        "doc463677",
        "doc1881624",
        "doc554953",
        "doc1559300",
        "doc2373813",
        "doc1737597",
        "doc1564887",
        "doc2373822",
        "doc1414223",
        "doc421174",
        "doc2610322",
        "doc1855886",
        "doc1399429",
        "doc2579106",
        "doc1916456",
        "doc2487625",
        "doc87211",
        "doc2417356",
        "doc563257",
        "doc1075606",
        "doc1737132",
        "doc588033",
        "doc261841",
        "doc722778",
        "doc1811991",
        "doc2335210",
        "doc2536983",
        "doc1709080",
        "doc416606",
        "doc456253",
        "doc1737443",
        "doc1312621",
        "doc75700",
        "doc1721025",
        "doc1737104",
        "doc1773853",
        "doc143851",
        "doc1243950",
        "doc1491846",
        "doc1202518",
        "doc1945768",
        "doc1648937",
        "doc1737047",
        "doc1737091",
        "doc1737080",
        "doc2506469",
        "doc722779",
        "doc417813",
        "doc769964"
    ],
    "terminate": true,
    "state_history": [
        {
            "queries": [
                "what album is sacrifice by elton john on"
            ],
            "iteration": 0
        },
        {
            "queries": [
                "what album is sacrifice by elton john on"
            ],
            "iteration": 0,
            "retrieved_lists": [
                [
                    "doc56421",
                    "doc2010319",
                    "doc725063",
                    "doc2504193",
                    "doc830308",
                    "doc912388",
                    "doc171845",
                    "doc2202365",
                    "doc2572246",
                    "doc2492580",
                    "doc2458571",
                    "doc463677",
                    "doc1881624",
                    "doc554953",
                    "doc1559300",
                    "doc2373813",
                    "doc1737597",
                    "doc1564887",
                    "doc2373822",
                    "doc1414223",
                    "doc421174",
                    "doc2610322",
                    "doc1855886",
                    "doc1399429",
                    "doc2579106",
                    "doc1916456",
                    "doc2487625",
                    "doc87211",
                    "doc2417356",
                    "doc563257",
                    "doc1075606",
                    "doc1737132",
                    "doc588033",
                    "doc261841",
                    "doc722778",
                    "doc1811991",
                    "doc2335210",
                    "doc2536983",
                    "doc1709080",
                    "doc416606",
                    "doc456253",
                    "doc1737443",
                    "doc1312621",
                    "doc75700",
                    "doc1721025",
                    "doc1737104",
                    "doc1773853",
                    "doc143851",
                    "doc1243950",
                    "doc1491846",
                    "doc1202518",
                    "doc1945768",
                    "doc1648937",
                    "doc1737047",
                    "doc1737091",
                    "doc1737080",
                    "doc2506469",
                    "doc722779",
                    "doc417813",
                    "doc769964"
                ]
            ],