{
    "queries": [
        "Leading nightlife destinations around the world"
    ],
    "iteration": 0,
    "retrieved_lists": [
        [
            "237",
            "122",
            "22",
            "376",
            "82",
            "415",
            "64",
            "440",
            "193",
            "339",
            "6",
            "388",
            "525",
            "249",
            "330",
            "425",
            "149",
            "53",
            "173",
            "63",
            "520",
            "464",
            "264",
            "467",
            "418",
            "18",
            "111",
            "124",
            "61",
            "530",
            "48",
            "178",
            "213",
            "320",
            "398",
            "280",
            "276",
            "490",
            "450",
            "369",
            "160",
            "366",
            "355",
            "283",
            "151",
            "427",
            "174",
            "428",
            "152",
            "83",
            "297",
            "136",
            "54",
            "59",
            "57",
            "256",
            "44",
            "227",
            "319",
            "1"
        ]
    ],
    "all_sim_scores": [
        [
            0.41017210483551025,
            0.39096957445144653,
            0.38799628615379333,
            0.3850012719631195,
            0.37668371200561523,
            0.37632012367248535,
            0.35061973333358765,
            0.34606418013572693,
            0.3458457589149475,
            0.3439486026763916,
            0.3429047465324402,
            0.3428490161895752,
            0.3404821455478668,
            0.3388688564300537,
            0.33790498971939087,
            0.3371351361274719,
            0.3327513039112091,
            0.33236515522003174,
            0.3285541236400604,
            0.3283233344554901,
            0.3271559178829193,
            0.325541615486145,
            0.3240130543708801,
            0.323136568069458,
            0.3226887583732605,
            0.32250455021858215,
            0.32169783115386963,
            0.3215058445930481,
            0.31834080815315247,
            0.31769996881484985,
            0.31593865156173706,
            0.3152340054512024,
            0.3148795962333679,
            0.31416618824005127,
            0.31355834007263184,
            0.31346285343170166,
            0.3134472370147705,
            0.31245702505111694,
            0.3103371262550354,
            0.3097369074821472,
            0.30911391973495483,
            0.30828404426574707,
            0.3063562512397766,
            0.30601829290390015,
            0.30528703331947327,
            0.3052615225315094,
            0.3008890450000763,
            0.30065542459487915,
            0.29904550313949585,
            0.2987881600856781,
            0.29869142174720764,
            0.2985766530036926,
            0.29740408062934875,
            0.296017587184906,
            0.29498469829559326,
            0.294869601726532,
            0.2934427857398987,
            0.2930369973182678,
            0.29126134514808655,
            0.2911796569824219
        ]
    ],
    "last_action_method": "return_last_retrieved_list",
    "curr_top_k_docIDs": [
        "237",
        "122",
        "22",
        "376",
        "82",
        "415",
        "64",
        "440",
        "193",
        "339",
        "6",
        "388",
        "525",
        "249",
        "330",
        "425",
        "149",
        "53",
        "173",
        "63",
        "520",
        "464",
        "264",
        "467",
        "418",
        "18",
        "111",
        "124",
        "61",
        "530",
        "48",
        "178",
        "213",
        "320",
        "398",
        "280",
        "276",
        "490",
        "450",
        "369",
        "160",
        "366",
        "355",
        "283",
        "151",
        "427",
        "174",
        "428",
        "152",
        "83",
        "297",
        "136",
        "54",
        "59",
        "57",
        "256",
        "44",
        "227",
        "319",
        "1"
    ],
    "terminate": true,
    "state_history": [
        {
            "queries": [
                "Leading nightlife destinations around the world"
            ],
            "iteration": 0
        },
        {
            "queries": [
                "Leading nightlife destinations around the world"
            ],
            "iteration": 0,
            "retrieved_lists": [
                [
                    "237",
                    "122",
                    "22",
                    "376",
                    "82",
                    "415",
                    "64",
                    "440",
                    "193",
                    "339",
                    "6",
                    "388",
                    "525",
                    "249",
                    "330",
                    "425",
                    "149",
                    "53",
                    "173",
                    "63",
                    "520",
                    "464",
                    "264",
                    "467",
                    "418",
                    "18",
                    "111",
                    "124",
                    "61",
                    "530",
                    "48",
                    "178",
                    "213",
                    "320",
                    "398",
                    "280",
                    "276",
                    "490",
                    "450",
                    "369",
                    "160",
                    "366",
                    "355",
                    "283",
                    "151",
                    "427",
                    "174",
                    "428",
                    "152",
                    "83",
                    "297",
                    "136",
                    "54",
                    "59",
                    "57",
                    "256",
                    "44",
                    "227",
                    "319",
                    "1"
                ]
            ],