{
    "queries": [
        "Picturesque cities for photography enthusiasts"
    ],
    "iteration": 0,
    "retrieved_lists": [
        [
            "92",
            "520",
            "320",
            "251",
            "516",
            "201",
            "283",
            "492",
            "265",
            "120",
            "352",
            "157",
            "61",
            "378",
            "450",
            "168",
            "413",
            "82",
            "338",
            "356",
            "560",
            "227",
            "299",
            "81",
            "105",
            "245",
            "22",
            "355",
            "141",
            "222",
            "206",
            "399",
            "308",
            "297",
            "339",
            "237",
            "63",
            "52",
            "249",
            "16",
            "151",
            "44",
            "96",
            "83",
            "380",
            "347",
            "233",
            "111",
            "154",
            "330",
            "390",
            "400",
            "368",
            "277",
            "123",
            "231",
            "478",
            "392",
            "270",
            "53"
        ]
    ],
    "all_sim_scores": [
        [
            0.6504320502281189,
            0.6426451206207275,
            0.6408834457397461,
            0.6403070688247681,
            0.6399678587913513,
            0.6389221549034119,
            0.6376962661743164,
            0.6372857093811035,
            0.6369713544845581,
            0.6333999633789062,
            0.6328408122062683,
            0.6289589405059814,
            0.62812340259552,
            0.6272842884063721,
            0.6269434094429016,
            0.6249688267707825,
            0.6232955455780029,
            0.6219543218612671,
            0.6217173933982849,
            0.6216393709182739,
            0.6215515732765198,
            0.6192693114280701,
            0.6186487674713135,
            0.6185541152954102,
            0.6179468035697937,
            0.6178836822509766,
            0.6167635321617126,
            0.6160372495651245,
            0.6143372058868408,
            0.6137497425079346,
            0.6128921508789062,
            0.6106610298156738,
            0.6097689270973206,
            0.6088394522666931,
            0.6085816621780396,
            0.6074162125587463,
            0.607023298740387,
            0.6069014668464661,
            0.606846272945404,
            0.606689453125,
            0.6066632270812988,
            0.6060835719108582,
            0.6058154702186584,
            0.6057865023612976,
            0.6057305335998535,
            0.6057080030441284,
            0.6044615507125854,
            0.6038598418235779,
            0.603203535079956,
            0.6027532815933228,
            0.6024038791656494,
            0.6020578145980835,
            0.6018332242965698,
            0.6017007827758789,
            0.6010282635688782,
            0.5998997688293457,
            0.599387526512146,
            0.5984830856323242,
            0.5981419086456299,
            0.5980075001716614
        ]
    ],
    "last_action_method": "return_last_retrieved_list",
    "curr_top_k_docIDs": [
        "92",
        "520",
        "320",
        "251",
        "516",
        "201",
        "283",
        "492",
        "265",
        "120",
        "352",
        "157",
        "61",
        "378",
        "450",
        "168",
        "413",
        "82",
        "338",
        "356",
        "560",
        "227",
        "299",
        "81",
        "105",
        "245",
        "22",
        "355",
        "141",
        "222",
        "206",
        "399",
        "308",
        "297",
        "339",
        "237",
        "63",
        "52",
        "249",
        "16",
        "151",
        "44",
        "96",
        "83",
        "380",
        "347",
        "233",
        "111",
        "154",
        "330",
        "390",
        "400",
        "368",
        "277",
        "123",
        "231",
        "478",
        "392",
        "270",
        "53"
    ],
    "terminate": true,
    "state_history": [
        {
            "queries": [
                "Picturesque cities for photography enthusiasts"
            ],
            "iteration": 0
        },
        {
            "queries": [
                "Picturesque cities for photography enthusiasts"
            ],
            "iteration": 0,
            "retrieved_lists": [
                [
                    "92",
                    "520",
                    "320",
                    "251",
                    "516",
                    "201",
                    "283",
                    "492",
                    "265",
                    "120",
                    "352",
                    "157",
                    "61",
                    "378",
                    "450",
                    "168",
                    "413",
                    "82",
                    "338",
                    "356",
                    "560",
                    "227",
                    "299",
                    "81",
                    "105",
                    "245",
                    "22",
                    "355",
                    "141",
                    "222",
                    "206",
                    "399",
                    "308",
                    "297",
                    "339",
                    "237",
                    "63",
                    "52",
                    "249",
                    "16",
                    "151",
                    "44",
                    "96",
                    "83",
                    "380",
                    "347",
                    "233",
                    "111",
                    "154",
                    "330",
                    "390",
                    "400",
                    "368",
                    "277",
                    "123",
                    "231",
                    "478",
                    "392",
                    "270",
                    "53"
                ]
            ],