{
    "queries": [
        "Cities for art lovers"
    ],
    "iteration": 0,
    "retrieved_lists": [
        [
            "320",
            "283",
            "22",
            "204",
            "339",
            "400",
            "520",
            "368",
            "338",
            "383"
        ]
    ],
    "all_sim_scores": [
        [
            0.527208685874939,
            0.5064530372619629,
            0.4646410346031189,
            0.46230196952819824,
            0.4554457664489746,
            0.45452767610549927,
            0.4544428288936615,
            0.45049217343330383,
            0.442233145236969,
            0.43870070576667786
        ]
    ],
    "last_action_method": "return_last_retrieved_list",
    "curr_top_k_docIDs": [
        "320",
        "283",
        "22",
        "204",
        "339",
        "400",
        "520",
        "368",
        "338",
        "383"
    ],
    "terminate": true,
    "state_history": [
        {
            "queries": [
                "Cities for art lovers"
            ],
            "iteration": 0
        },
        {
            "queries": [
                "Cities for art lovers"
            ],
            "iteration": 0,
            "retrieved_lists": [
                [
                    "320",
                    "283",
                    "22",
                    "204",
                    "339",
                    "400",
                    "520",
                    "368",
                    "338",
                    "383"
                ]
            ],
            "all_sim_scores": [
                [
                    0.527208685874939,
                    0.5064530372619629,
                    0.4646410346031189,
                    0.46230196952819824,
                    0.4554457664489746,
                    0.45452767610549927,
                    0.4544428288936615,
                    0.45049217343330383,
                    0.442233145236969,
                    0.43870070576667786
                ]
            ],
            "last_action_method": "rank"
        },
        {
            "queries": [
                "Cities for art lovers"
            ],
            "iteration": 0,
            "retrieved_lists": [
                [
                    "320",
                    "283",
                    "22",
                    "204",
                    "339",
                    "400",
                    "520",
                    "368",
                    "338",
                    "383"
                ]
            ],
            "all_sim_scores": [
                [
                    0.527208685874939,
                    0.5064530372619629,
                    0.4646410346031189,
                    0.46230196952819824,
                    0.4554457664489746,
                    0.45452767610549927,
                    0.4544428288936615,
                    0.45049217343330383,
                    0.442233145236969,
                    0.43870070576667786
                ]
            ],
            "last_action_method": "return_last_retrieved_list",
            "curr_top_k_docIDs": [
                "320",
                "283",
                "22",
                "204",
                "339",
                "400",
                "520",
                "368",
                "338",
                "383"
            ],
            "terminate": true
        }
    ]
}