{
    "queries": [
        "what year did the price is right first air"
    ],
    "iteration": 0,
    "retrieved_lists": [
        [
            "doc2274",
            "doc834251",
            "doc291594",
            "doc2289",
            "doc2301",
            "doc1311286",
            "doc1995801",
            "doc291607",
            "doc1673153",
            "doc291653",
            "doc291656",
            "doc916825",
            "doc1178518",
            "doc451449",
            "doc1016082",
            "doc2560353",
            "doc79486",
            "doc984945",
            "doc900448",
            "doc520740",
            "doc834247",
            "doc1667091",
            "doc916757",
            "doc2052847",
            "doc96684",
            "doc1355848",
            "doc850609",
            "doc475747",
            "doc916849",
            "doc2583120",
            "doc248000",
            "doc412670",
            "doc2173756",
            "doc177215",
            "doc387652",
            "doc2124374",
            "doc670860",
            "doc2398554",
            "doc1925285",
            "doc2382929",
            "doc308074",
            "doc858037",
            "doc2560399",
            "doc2397992",
            "doc572309",
            "doc1901696",
            "doc916816",
            "doc2250704",
            "doc1229132",
            "doc2176832",
            "doc1912447",
            "doc909876",
            "doc1058098",
            "doc1901694",
            "doc2496523",
            "doc2587455",
            "doc710391",
            "doc2102532",
            "doc1576311",
            "doc2115365"
        ]
    ],
    "all_sim_scores": [
        [
            0.6719233989715576,
            0.6512605547904968,
            0.6166530847549438,
            0.5969122648239136,
            0.5930919647216797,
            0.5384767055511475,
            0.48889076709747314,
            0.48564064502716064,
            0.4798257350921631,
            0.475899338722229,
            0.4660089612007141,
            0.4415615499019623,
            0.43753546476364136,
            0.43307197093963623,
            0.4307756721973419,
            0.4292149245738983,
            0.4168451726436615,
            0.4161510467529297,
            0.4085557162761688,
            0.4068925976753235,
            0.40271472930908203,
            0.39929109811782837,
            0.3971996605396271,
            0.394406259059906,
            0.39105045795440674,
            0.3897549510002136,
            0.38965022563934326,
            0.3876211941242218,
            0.3853241205215454,
            0.3820514380931854,
            0.3815022110939026,
            0.37946590781211853,
            0.37778836488723755,
            0.3753703534603119,
            0.37454715371131897,
            0.3735657334327698,
            0.3734968900680542,
            0.3733738958835602,
            0.37334734201431274,
            0.3719751834869385,
            0.3716078996658325,
            0.3715091943740845,
            0.3690100908279419,
            0.3689713478088379,
            0.3685946464538574,
            0.3667006194591522,
            0.366590678691864,
            0.36597132682800293,
            0.3651404082775116,
            0.36327582597732544,
            0.3629586100578308,
            0.3610541820526123,
            0.3610110282897949,
            0.3606259524822235,
            0.36024853587150574,
            0.3599592447280884,
            0.35963770747184753,
            0.359192430973053,
            0.35860350728034973,
            0.35718387365341187
        ]
    ],
    "last_action_method": "return_last_retrieved_list",
    "curr_top_k_docIDs": [
        "doc2274",
        "doc834251",
        "doc291594",
        "doc2289",
        "doc2301",
        "doc1311286",
        "doc1995801",
        "doc291607",
        "doc1673153",
        "doc291653",
        "doc291656",
        "doc916825",
        "doc1178518",
        "doc451449",
        "doc1016082",
        "doc2560353",
        "doc79486",
        "doc984945",
        "doc900448",
        "doc520740",
        "doc834247",
        "doc1667091",
        "doc916757",
        "doc2052847",
        "doc96684",
        "doc1355848",
        "doc850609",
        "doc475747",
        "doc916849",
        "doc2583120",
        "doc248000",
        "doc412670",
        "doc2173756",
        "doc177215",
        "doc387652",
        "doc2124374",
        "doc670860",
        "doc2398554",
        "doc1925285",
        "doc2382929",
        "doc308074",
        "doc858037",
        "doc2560399",
        "doc2397992",
        "doc572309",
        "doc1901696",
        "doc916816",
        "doc2250704",
        "doc1229132",
        "doc2176832",
        "doc1912447",
        "doc909876",
        "doc1058098",
        "doc1901694",
        "doc2496523",
        "doc2587455",
        "doc710391",
        "doc2102532",
        "doc1576311",
        "doc2115365"
    ],
    "terminate": true,
    "state_history": [
        {
            "queries": [
                "what year did the price is right first air"
            ],
            "iteration": 0
        },
        {
            "queries": [
                "what year did the price is right first air"
            ],
            "iteration": 0,
            "retrieved_lists": [
                [
                    "doc2274",
                    "doc834251",
                    "doc291594",
                    "doc2289",
                    "doc2301",
                    "doc1311286",
                    "doc1995801",
                    "doc291607",
                    "doc1673153",
                    "doc291653",
                    "doc291656",
                    "doc916825",
                    "doc1178518",
                    "doc451449",
                    "doc1016082",
                    "doc2560353",
                    "doc79486",
                    "doc984945",
                    "doc900448",
                    "doc520740",
                    "doc834247",
                    "doc1667091",
                    "doc916757",
                    "doc2052847",
                    "doc96684",
                    "doc1355848",
                    "doc850609",
                    "doc475747",
                    "doc916849",
                    "doc2583120",
                    "doc248000",
                    "doc412670",
                    "doc2173756",
                    "doc177215",
                    "doc387652",
                    "doc2124374",
                    "doc670860",
                    "doc2398554",
                    "doc1925285",
                    "doc2382929",
                    "doc308074",
                    "doc858037",
                    "doc2560399",
                    "doc2397992",
                    "doc572309",
                    "doc1901696",
                    "doc916816",
                    "doc2250704",
                    "doc1229132",
                    "doc2176832",
                    "doc1912447",
                    "doc909876",
                    "doc1058098",
                    "doc1901694",
                    "doc2496523",
                    "doc2587455",
                    "doc710391",
                    "doc2102532",
                    "doc1576311",
                    "doc2115365"
                ]
            ],