{
    "queries": [
        "one important reason for a large variety of wildlife found in india"
    ],
    "iteration": 0,
    "retrieved_lists": [
        [
            "doc39875",
            "doc2258691",
            "doc1183175",
            "doc1426903",
            "doc1143953",
            "doc569465",
            "doc161239",
            "doc7056",
            "doc899366",
            "doc256365",
            "doc1809239",
            "doc861159",
            "doc1354955",
            "doc212095",
            "doc1549447",
            "doc1204468",
            "doc700421",
            "doc1125713",
            "doc600196",
            "doc55663",
            "doc1588455",
            "doc850329",
            "doc405341",
            "doc1514961",
            "doc1270377",
            "doc110531",
            "doc444171",
            "doc2146488",
            "doc2176244",
            "doc1926417",
            "doc1061611",
            "doc2274298",
            "doc1809226",
            "doc2274290",
            "doc212026",
            "doc2676919",
            "doc1838431",
            "doc2653675",
            "doc1658076",
            "doc1759839",
            "doc1613388",
            "doc2233626",
            "doc1381958",
            "doc485324",
            "doc1157861",
            "doc768746",
            "doc2071596",
            "doc1492413",
            "doc611754",
            "doc161260",
            "doc2146608",
            "doc1317806",
            "doc1890083",
            "doc2455217",
            "doc277779",
            "doc2659566",
            "doc836073",
            "doc929140",
            "doc1998797",
            "doc875467"
        ]
    ],
    "all_sim_scores": [
        [
            0.67034912109375,
            0.490333616733551,
            0.48947542905807495,
            0.4669872522354126,
            0.46627676486968994,
            0.45176637172698975,
            0.44296795129776,
            0.43536490201950073,
            0.4304412603378296,
            0.4160115718841553,
            0.4118078649044037,
            0.40793657302856445,
            0.40016236901283264,
            0.39938902854919434,
            0.3967219591140747,
            0.3947051763534546,
            0.38951238989830017,
            0.3862641751766205,
            0.38599592447280884,
            0.382532000541687,
            0.38252729177474976,
            0.3809725046157837,
            0.3774036467075348,
            0.3757403790950775,
            0.3741961717605591,
            0.3739140033721924,
            0.3722853660583496,
            0.3718273341655731,
            0.37066760659217834,
            0.36975884437561035,
            0.3692719638347626,
            0.3684980273246765,
            0.3679194450378418,
            0.36571842432022095,
            0.3647224009037018,
            0.36073046922683716,
            0.36017870903015137,
            0.35906073451042175,
            0.35853350162506104,
            0.35767829418182373,
            0.35141992568969727,
            0.3511754870414734,
            0.3502882719039917,
            0.3472825288772583,
            0.34685957431793213,
            0.3452311158180237,
            0.3444681763648987,
            0.343286395072937,
            0.34235113859176636,
            0.3416104018688202,
            0.3405423164367676,
            0.34014251828193665,
            0.3398194909095764,
            0.3396942615509033,
            0.3382493555545807,
            0.3376348614692688,
            0.3371186852455139,
            0.33692604303359985,
            0.333660364151001,
            0.32983478903770447
        ]
    ],
    "last_action_method": "return_last_retrieved_list",
    "curr_top_k_docIDs": [
        "doc39875",
        "doc2258691",
        "doc1183175",
        "doc1426903",
        "doc1143953",
        "doc569465",
        "doc161239",
        "doc7056",
        "doc899366",
        "doc256365",
        "doc1809239",
        "doc861159",
        "doc1354955",
        "doc212095",
        "doc1549447",
        "doc1204468",
        "doc700421",
        "doc1125713",
        "doc600196",
        "doc55663",
        "doc1588455",
        "doc850329",
        "doc405341",
        "doc1514961",
        "doc1270377",
        "doc110531",
        "doc444171",
        "doc2146488",
        "doc2176244",
        "doc1926417",
        "doc1061611",
        "doc2274298",
        "doc1809226",
        "doc2274290",
        "doc212026",
        "doc2676919",
        "doc1838431",
        "doc2653675",
        "doc1658076",
        "doc1759839",
        "doc1613388",
        "doc2233626",
        "doc1381958",
        "doc485324",
        "doc1157861",
        "doc768746",
        "doc2071596",
        "doc1492413",
        "doc611754",
        "doc161260",
        "doc2146608",
        "doc1317806",
        "doc1890083",
        "doc2455217",
        "doc277779",
        "doc2659566",
        "doc836073",
        "doc929140",
        "doc1998797",
        "doc875467"
    ],
    "terminate": true,
    "state_history": [
        {
            "queries": [
                "one important reason for a large variety of wildlife found in india"
            ],
            "iteration": 0
        },
        {
            "queries": [
                "one important reason for a large variety of wildlife found in india"
            ],
            "iteration": 0,
            "retrieved_lists": [
                [
                    "doc39875",
                    "doc2258691",
                    "doc1183175",
                    "doc1426903",
                    "doc1143953",
                    "doc569465",
                    "doc161239",
                    "doc7056",
                    "doc899366",
                    "doc256365",
                    "doc1809239",
                    "doc861159",
                    "doc1354955",
                    "doc212095",
                    "doc1549447",
                    "doc1204468",
                    "doc700421",
                    "doc1125713",
                    "doc600196",
                    "doc55663",
                    "doc1588455",
                    "doc850329",
                    "doc405341",
                    "doc1514961",
                    "doc1270377",
                    "doc110531",
                    "doc444171",
                    "doc2146488",
                    "doc2176244",
                    "doc1926417",
                    "doc1061611",
                    "doc2274298",
                    "doc1809226",
                    "doc2274290",
                    "doc212026",
                    "doc2676919",
                    "doc1838431",
                    "doc2653675",
                    "doc1658076",
                    "doc1759839",
                    "doc1613388",
                    "doc2233626",
                    "doc1381958",
                    "doc485324",
                    "doc1157861",
                    "doc768746",
                    "doc2071596",
                    "doc1492413",
                    "doc611754",
                    "doc161260",
                    "doc2146608",
                    "doc1317806",
                    "doc1890083",
                    "doc2455217",
                    "doc277779",
                    "doc2659566",
                    "doc836073",
                    "doc929140",
                    "doc1998797",
                    "doc875467"
                ]
            ],