{
    "queries": [
        "I want to capture stunning sunshine"
    ],
    "iteration": 0,
    "retrieved_lists": [
        [
            "256",
            "415",
            "366",
            "231",
            "417",
            "553",
            "414",
            "28",
            "416",
            "38"
        ]
    ],
    "all_sim_scores": [
        [
            0.2840600907802582,
            0.24617376923561096,
            0.2317013144493103,
            0.22926409542560577,
            0.22746694087982178,
            0.2241637110710144,
            0.21523027122020721,
            0.2149072289466858,
            0.21128179132938385,
            0.20847639441490173
        ]
    ],
    "last_action_method": "return_last_retrieved_list",
    "curr_top_k_docIDs": [
        "256",
        "415",
        "366",
        "231",
        "417",
        "553",
        "414",
        "28",
        "416",
        "38"
    ],
    "terminate": true,
    "state_history": [
        {
            "queries": [
                "I want to capture stunning sunshine"
            ],
            "iteration": 0
        },
        {
            "queries": [
                "I want to capture stunning sunshine"
            ],
            "iteration": 0,
            "retrieved_lists": [
                [
                    "256",
                    "415",
                    "366",
                    "231",
                    "417",
                    "553",
                    "414",
                    "28",
                    "416",
                    "38"
                ]
            ],
            "all_sim_scores": [
                [
                    0.2840600907802582,
                    0.24617376923561096,
                    0.2317013144493103,
                    0.22926409542560577,
                    0.22746694087982178,
                    0.2241637110710144,
                    0.21523027122020721,
                    0.2149072289466858,
                    0.21128179132938385,
                    0.20847639441490173
                ]
            ],
            "last_action_method": "rank"
        },
        {
            "queries": [
                "I want to capture stunning sunshine"
            ],
            "iteration": 0,
            "retrieved_lists": [
                [
                    "256",
                    "415",
                    "366",
                    "231",
                    "417",
                    "553",
                    "414",
                    "28",
                    "416",
                    "38"
                ]
            ],
            "all_sim_scores": [
                [
                    0.2840600907802582,
                    0.24617376923561096,
                    0.2317013144493103,
                    0.22926409542560577,
                    0.22746694087982178,
                    0.2241637110710144,
                    0.21523027122020721,
                    0.2149072289466858,
                    0.21128179132938385,
                    0.20847639441490173
                ]
            ],
            "last_action_method": "return_last_retrieved_list",
            "curr_top_k_docIDs": [
                "256",
                "415",
                "366",
                "231",
                "417",
                "553",
                "414",
                "28",
                "416",
                "38"
            ],
            "terminate": true
        }
    ]
}