{
    "queries": [
        "Best cities for movie buffs"
    ],
    "iteration": 0,
    "retrieved_lists": [
        [
            "490",
            "320",
            "199",
            "520",
            "283",
            "338",
            "339",
            "251",
            "237",
            "92"
        ]
    ],
    "all_sim_scores": [
        [
            0.46656468510627747,
            0.44846445322036743,
            0.4454270303249359,
            0.4417722523212433,
            0.43858951330184937,
            0.42005419731140137,
            0.4196605980396271,
            0.41952213644981384,
            0.4125332832336426,
            0.412108838558197
        ]
    ],
    "last_action_method": "return_last_retrieved_list",
    "curr_top_k_docIDs": [
        "490",
        "320",
        "199",
        "520",
        "283",
        "338",
        "339",
        "251",
        "237",
        "92"
    ],
    "terminate": true,
    "state_history": [
        {
            "queries": [
                "Best cities for movie buffs"
            ],
            "iteration": 0
        },
        {
            "queries": [
                "Best cities for movie buffs"
            ],
            "iteration": 0,
            "retrieved_lists": [
                [
                    "490",
                    "320",
                    "199",
                    "520",
                    "283",
                    "338",
                    "339",
                    "251",
                    "237",
                    "92"
                ]
            ],
            "all_sim_scores": [
                [
                    0.46656468510627747,
                    0.44846445322036743,
                    0.4454270303249359,
                    0.4417722523212433,
                    0.43858951330184937,
                    0.42005419731140137,
                    0.4196605980396271,
                    0.41952213644981384,
                    0.4125332832336426,
                    0.412108838558197
                ]
            ],
            "last_action_method": "rank"
        },
        {
            "queries": [
                "Best cities for movie buffs"
            ],
            "iteration": 0,
            "retrieved_lists": [
                [
                    "490",
                    "320",
                    "199",
                    "520",
                    "283",
                    "338",
                    "339",
                    "251",
                    "237",
                    "92"
                ]
            ],
            "all_sim_scores": [
                [
                    0.46656468510627747,
                    0.44846445322036743,
                    0.4454270303249359,
                    0.4417722523212433,
                    0.43858951330184937,
                    0.42005419731140137,
                    0.4196605980396271,
                    0.41952213644981384,
                    0.4125332832336426,
                    0.412108838558197
                ]
            ],
            "last_action_method": "return_last_retrieved_list",
            "curr_top_k_docIDs": [
                "490",
                "320",
                "199",
                "520",
                "283",
                "338",
                "339",
                "251",
                "237",
                "92"
            ],
            "terminate": true
        }
    ]
}