{
    "queries": [
        "who said the only thing we have to fear is fear itself"
    ],
    "iteration": 0,
    "retrieved_lists": [
        [
            "doc990954",
            "doc1374102",
            "doc897902",
            "doc63567",
            "doc1683024",
            "doc600046",
            "doc1827015",
            "doc2355907",
            "doc2355903",
            "doc1907849",
            "doc1242367",
            "doc955246",
            "doc1958132",
            "doc2482567",
            "doc226978",
            "doc897899",
            "doc2646625",
            "doc678170",
            "doc1498418",
            "doc240827",
            "doc1928309",
            "doc1227516",
            "doc880650",
            "doc2064059",
            "doc395245",
            "doc1125231",
            "doc853738",
            "doc636032",
            "doc779288",
            "doc1474373",
            "doc1807696",
            "doc1333498",
            "doc2487254",
            "doc1987316",
            "doc1242348",
            "doc371398",
            "doc1219661",
            "doc2355881",
            "doc252845",
            "doc797386",
            "doc2415402",
            "doc1682977",
            "doc2572592",
            "doc2253743",
            "doc593796",
            "doc1843515",
            "doc1954517",
            "doc2387827",
            "doc715507",
            "doc1821424",
            "doc1468187",
            "doc2371712",
            "doc717329",
            "doc729115",
            "doc1800275",
            "doc438449",
            "doc1374080",
            "doc226964",
            "doc486376",
            "doc1879977"
        ]
    ],
    "all_sim_scores": [
        [
            0.6640454530715942,
            0.6032012104988098,
            0.5546010732650757,
            0.5113282203674316,
            0.5058327317237854,
            0.4921695590019226,
            0.47921979427337646,
            0.46646612882614136,
            0.4484666585922241,
            0.44375842809677124,
            0.4326118528842926,
            0.4298434257507324,
            0.4124104380607605,
            0.39807814359664917,
            0.3979751467704773,
            0.3929629325866699,
            0.3914957642555237,
            0.3908367156982422,
            0.3874896764755249,
            0.3849957585334778,
            0.38017702102661133,
            0.37626945972442627,
            0.37216734886169434,
            0.37175998091697693,
            0.3683597147464752,
            0.36778292059898376,
            0.36478203535079956,
            0.3641514778137207,
            0.3584572672843933,
            0.35480785369873047,
            0.35395175218582153,
            0.35283738374710083,
            0.35036662220954895,
            0.3501772880554199,
            0.3486252427101135,
            0.3471931517124176,
            0.34675082564353943,
            0.3446881175041199,
            0.3418307900428772,
            0.34054744243621826,
            0.34005486965179443,
            0.33907830715179443,
            0.3388552963733673,
            0.3368729054927826,
            0.3365972638130188,
            0.3356402516365051,
            0.3348473012447357,
            0.33273616433143616,
            0.33241045475006104,
            0.33239465951919556,
            0.3317616581916809,
            0.3300558030605316,
            0.329643189907074,
            0.3294776678085327,
            0.3291323781013489,
            0.3283618986606598,
            0.32781222462654114,
            0.32591956853866577,
            0.3235601484775543,
            0.32225674390792847
        ]
    ],
    "last_action_method": "return_last_retrieved_list",
    "curr_top_k_docIDs": [
        "doc990954",
        "doc1374102",
        "doc897902",
        "doc63567",
        "doc1683024",
        "doc600046",
        "doc1827015",
        "doc2355907",
        "doc2355903",
        "doc1907849",
        "doc1242367",
        "doc955246",
        "doc1958132",
        "doc2482567",
        "doc226978",
        "doc897899",
        "doc2646625",
        "doc678170",
        "doc1498418",
        "doc240827",
        "doc1928309",
        "doc1227516",
        "doc880650",
        "doc2064059",
        "doc395245",
        "doc1125231",
        "doc853738",
        "doc636032",
        "doc779288",
        "doc1474373",
        "doc1807696",
        "doc1333498",
        "doc2487254",
        "doc1987316",
        "doc1242348",
        "doc371398",
        "doc1219661",
        "doc2355881",
        "doc252845",
        "doc797386",
        "doc2415402",
        "doc1682977",
        "doc2572592",
        "doc2253743",
        "doc593796",
        "doc1843515",
        "doc1954517",
        "doc2387827",
        "doc715507",
        "doc1821424",
        "doc1468187",
        "doc2371712",
        "doc717329",
        "doc729115",
        "doc1800275",
        "doc438449",
        "doc1374080",
        "doc226964",
        "doc486376",
        "doc1879977"
    ],
    "terminate": true,
    "state_history": [
        {
            "queries": [
                "who said the only thing we have to fear is fear itself"
            ],
            "iteration": 0
        },
        {
            "queries": [
                "who said the only thing we have to fear is fear itself"
            ],
            "iteration": 0,
            "retrieved_lists": [
                [
                    "doc990954",
                    "doc1374102",
                    "doc897902",
                    "doc63567",
                    "doc1683024",
                    "doc600046",
                    "doc1827015",
                    "doc2355907",
                    "doc2355903",
                    "doc1907849",
                    "doc1242367",
                    "doc955246",
                    "doc1958132",
                    "doc2482567",
                    "doc226978",
                    "doc897899",
                    "doc2646625",
                    "doc678170",
                    "doc1498418",
                    "doc240827",
                    "doc1928309",
                    "doc1227516",
                    "doc880650",
                    "doc2064059",
                    "doc395245",
                    "doc1125231",
                    "doc853738",
                    "doc636032",
                    "doc779288",
                    "doc1474373",
                    "doc1807696",
                    "doc1333498",
                    "doc2487254",
                    "doc1987316",
                    "doc1242348",
                    "doc371398",
                    "doc1219661",
                    "doc2355881",
                    "doc252845",
                    "doc797386",
                    "doc2415402",
                    "doc1682977",
                    "doc2572592",
                    "doc2253743",
                    "doc593796",
                    "doc1843515",
                    "doc1954517",
                    "doc2387827",
                    "doc715507",
                    "doc1821424",
                    "doc1468187",
                    "doc2371712",
                    "doc717329",
                    "doc729115",
                    "doc1800275",
                    "doc438449",
                    "doc1374080",
                    "doc226964",
                    "doc486376",
                    "doc1879977"
                ]
            ],