{
    "queries": [
        "11 piece knife set without block"
    ],
    "iteration": 0,
    "retrieved_lists": [
        [
            "356767",
            "780283",
            "1470563",
            "1393803",
            "25330",
            "579196",
            "1640793",
            "1149155",
            "165124",
            "1334027"
        ]
    ],
    "all_sim_scores": [
        [
            0.7404946684837341,
            0.7324355244636536,
            0.7231820821762085,
            0.7224776744842529,
            0.7144373059272766,
            0.7061530351638794,
            0.6982916593551636,
            0.6982600688934326,
            0.6970829963684082,
            0.6946500539779663
        ]
    ],
    "last_action_method": "return_last_retrieved_list",
    "curr_top_k_docIDs": [
        "356767",
        "780283",
        "1470563",
        "1393803",
        "25330",
        "579196",
        "1640793",
        "1149155",
        "165124",
        "1334027"
    ],
    "terminate": true,
    "state_history": [
        {
            "queries": [
                "11 piece knife set without block"
            ],
            "iteration": 0
        },
        {
            "queries": [
                "11 piece knife set without block"
            ],
            "iteration": 0,
            "retrieved_lists": [
                [
                    "356767",
                    "780283",
                    "1470563",
                    "1393803",
                    "25330",
                    "579196",
                    "1640793",
                    "1149155",
                    "165124",
                    "1334027"
                ]
            ],
            "all_sim_scores": [
                [
                    0.7404946684837341,
                    0.7324355244636536,
                    0.7231820821762085,
                    0.7224776744842529,
                    0.7144373059272766,
                    0.7061530351638794,
                    0.6982916593551636,
                    0.6982600688934326,
                    0.6970829963684082,
                    0.6946500539779663
                ]
            ],
            "last_action_method": "rank"
        },
        {
            "queries": [
                "11 piece knife set without block"
            ],
            "iteration": 0,
            "retrieved_lists": [
                [
                    "356767",
                    "780283",
                    "1470563",
                    "1393803",
                    "25330",
                    "579196",
                    "1640793",
                    "1149155",
                    "165124",
                    "1334027"
                ]
            ],
            "all_sim_scores": [
                [
                    0.7404946684837341,
                    0.7324355244636536,
                    0.7231820821762085,
                    0.7224776744842529,
                    0.7144373059272766,
                    0.7061530351638794,
                    0.6982916593551636,
                    0.6982600688934326,
                    0.6970829963684082,
                    0.6946500539779663
                ]
            ],
            "last_action_method": "return_last_retrieved_list",
            "curr_top_k_docIDs": [
                "356767",
                "780283",
                "1470563",
                "1393803",
                "25330",
                "579196",
                "1640793",
                "1149155",
                "165124",
                "1334027"
            ],
            "terminate": true
        }
    ]
}