{
    "queries": [
        "Leading nightlife destinations around the world"
    ],
    "iteration": 0,
    "retrieved_lists": [
        [
            "237",
            "141",
            "124",
            "201",
            "92",
            "6",
            "185",
            "154",
            "283",
            "432",
            "91",
            "255",
            "8",
            "366",
            "22",
            "173",
            "347",
            "539",
            "284",
            "53",
            "428",
            "82",
            "259",
            "256",
            "50",
            "355",
            "168",
            "251",
            "492",
            "105"
        ]
    ],
    "all_sim_scores": [
        [
            0.6798803806304932,
            0.671769380569458,
            0.6558122038841248,
            0.6515616774559021,
            0.6433821320533752,
            0.6381312012672424,
            0.6373634338378906,
            0.6280628442764282,
            0.6271219253540039,
            0.6264992952346802,
            0.6264041066169739,
            0.6262954473495483,
            0.6254749298095703,
            0.6248617172241211,
            0.6246984004974365,
            0.6243159770965576,
            0.6241466999053955,
            0.6230079531669617,
            0.6224977970123291,
            0.6217747330665588,
            0.6216838359832764,
            0.6202080249786377,
            0.6197565793991089,
            0.6194625496864319,
            0.6172925233840942,
            0.6153923273086548,
            0.6087713837623596,
            0.6080414652824402,
            0.6073770523071289,
            0.6070553660392761
        ]
    ],
    "last_action_method": "check_max_q_reforms",
    "prompts": [
        "Return the best ordering of 10 of the document ids below given the query.\nFollow the output format example exactly and return only a python list of docIDs with exactly 10 IDs.\nDo not output city names.\n\nExample\n***\nQuery: tropical vacation destinations\n\nDocuments:\nDOCID: 1\t|\t TEXT: London\nDOCID: 4   |    TEXT: Cancun\nDOCID: 2456\t|\tTEXT: Myrtle Beach\n\nOutput: [\"4\", \"2456\", \"1\"]\n***\n\nInputs:\n***\nQuery: Leading nightlife destinations around the world\n\nDocuments:\n\nDOCID: 237\t|\tTEXT: Las Vegas\n\nDOCID: 141\t|\tTEXT: Fort Lauderdale\n\nDOCID: 124\t|\tTEXT: Dubai\n\nDOCID: 201\t|\tTEXT: Johannesburg\n\nDOCID: 92\t|\tTEXT: Cape Town\n\nDOCID: 6\t|\tTEXT: Abu Dhabi\n\nDOCID: 185\t|\tTEXT: Ibiza\n\nDOCID: 154\t|\tTEXT: George Town (Malaysia)\n\nDOCID: 283\t|\tTEXT: Mexico City\n\nDOCID: 432\t|\tTEXT: Shenzhen\n\nDOCID: 91\t|\tTEXT: Canc\u00fan\n\nDOCID: 255\t|\tTEXT: Luxembourg (city)\n\nDOCID: 8\t|\tTEXT: Acapulco\n\nDOCID: 366\t|\tTEXT: Punta Cana\n\nDOCID: 22\t|\tTEXT: Amsterdam\n\nDOCID: 173\t|\tTEXT: Havana\n\nDOCID: 347\t|\tTEXT: Phuket Town\n\nDOCID: 539\t|\tTEXT: West Palm Beach\n\nDOCID: 284\t|\tTEXT: Miami\n\nDOCID: 53\t|\tTEXT: Bangkok\n\nDOCID: 428\t|\tTEXT: Shanghai\n\nDOCID: 82\t|\tTEXT: Budapest\n\nDOCID: 259\t|\tTEXT: Macau\n\nDOCID: 256\t|\tTEXT: Luxor\n\nDOCID: 50\t|\tTEXT: Baku\n\nDOCID: 355\t|\tTEXT: Prague\n\nDOCID: 168\t|\tTEXT: Hamburg\n\nDOCID: 251\t|\tTEXT: Los Angeles\n\nDOCID: 492\t|\tTEXT: Toronto\n\nDOCID: 105\t|\tTEXT: Chicago\n\n***\n\nOutput:"
    ],
    "responses": [
        "```python\n[\"237\", \"124\", \"185\", \"53\", \"284\", \"91\", \"8\", \"259\", \"428\", \"82\"]\n```\n"
    ],
    "curr_top_k_docIDs": [
        "237",
        "124",
        "185",
        "53",
        "284",
        "91",
        "8",
        "259",
        "428",
        "82"
    ],
    "terminate": true,
    "state_history": [
        {
            "queries": [
                "Leading nightlife destinations around the world"
            ],
            "iteration": 0
        },
        {
            "queries": [
                "Leading nightlife destinations around the world"
            ],
            "iteration": 0,
            "retrieved_lists": [
                [
                    "237",
                    "141",
                    "124",
                    "201",
                    "92",
                    "6",
                    "185",
                    "154",
                    "283",
                    "432",
                    "91",
                    "255",
                    "8",
                    "366",
                    "22",
                    "173",
                    "347",
                    "539",
                    "284",
                    "53",
                    "428",
                    "82",
                    "259",
                    "256",
                    "50",
                    "355",
                    "168",
                    "251",
                    "492",
                    "105"
                ]
            ],
            "all_sim_scores": [
                [
                    0.6798803806304932,
                    0.671769380569458,
                    0.6558122038841248,
                    0.6515616774559021,
                    0.6433821320533752,
                    0.6381312012672424,
                    0.6373634338378906,
                    0.6280628442764282,
                    0.6271219253540039,
                    0.6264992952346802,
                    0.6264041066169739,
                    0.6262954473495483,
                    0.6254749298095703,
                    0.6248617172241211,
                    0.6246984004974365,
                    0.6243159770965576,
                    0.6241466999053955,
                    0.6230079531669617,
                    0.6224977970123291,
                    0.6217747330665588,
                    0.6216838359832764,
                    0.6202080249786377,
                    0.6197565793991089,
                    0.6194625496864319,
                    0.6172925233840942,
                    0.6153923273086548,
                    0.6087713837623596,
                    0.6080414652824402,
                    0.6073770523071289,
                    0.6070553660392761
                ]
            ],
            "last_action_method": "rank"
        },
        {
            "queries": [
                "Leading nightlife destinations around the world"
            ],
            "iteration": 0,
            "retrieved_lists": [
                [
                    "237",
                    "141",
                    "124",
                    "201",
                    "92",
                    "6",
                    "185",
                    "154",
                    "283",
                    "432",
                    "91",
                    "255",
                    "8",
                    "366",
                    "22",
                    "173",
                    "347",
                    "539",
                    "284",
                    "53",
                    "428",
                    "82",
                    "259",
                    "256",
                    "50",
                    "355",
                    "168",
                    "251",
                    "492",
                    "105"
                ]
            ],