{
    "queries": [
        "cats movie"
    ],
    "iteration": 0,
    "retrieved_lists": [
        [
            "959785",
            "78501",
            "459839",
            "1296775",
            "1355449",
            "1639896",
            "177900",
            "277459",
            "78036",
            "53818"
        ]
    ],
    "all_sim_scores": [
        [
            0.7418279647827148,
            0.7315633296966553,
            0.6990223526954651,
            0.6891219615936279,
            0.6372261047363281,
            0.628101646900177,
            0.617308497428894,
            0.6129633188247681,
            0.6116846799850464,
            0.6092281341552734
        ]
    ],
    "last_action_method": "return_last_retrieved_list",
    "curr_top_k_docIDs": [
        "959785",
        "78501",
        "459839",
        "1296775",
        "1355449",
        "1639896",
        "177900",
        "277459",
        "78036",
        "53818"
    ],
    "terminate": true,
    "state_history": [
        {
            "queries": [
                "cats movie"
            ],
            "iteration": 0
        },
        {
            "queries": [
                "cats movie"
            ],
            "iteration": 0,
            "retrieved_lists": [
                [
                    "959785",
                    "78501",
                    "459839",
                    "1296775",
                    "1355449",
                    "1639896",
                    "177900",
                    "277459",
                    "78036",
                    "53818"
                ]
            ],
            "all_sim_scores": [
                [
                    0.7418279647827148,
                    0.7315633296966553,
                    0.6990223526954651,
                    0.6891219615936279,
                    0.6372261047363281,
                    0.628101646900177,
                    0.617308497428894,
                    0.6129633188247681,
                    0.6116846799850464,
                    0.6092281341552734
                ]
            ],
            "last_action_method": "rank"
        },
        {
            "queries": [
                "cats movie"
            ],
            "iteration": 0,
            "retrieved_lists": [
                [
                    "959785",
                    "78501",
                    "459839",
                    "1296775",
                    "1355449",
                    "1639896",
                    "177900",
                    "277459",
                    "78036",
                    "53818"
                ]
            ],
            "all_sim_scores": [
                [
                    0.7418279647827148,
                    0.7315633296966553,
                    0.6990223526954651,
                    0.6891219615936279,
                    0.6372261047363281,
                    0.628101646900177,
                    0.617308497428894,
                    0.6129633188247681,
                    0.6116846799850464,
                    0.6092281341552734
                ]
            ],
            "last_action_method": "return_last_retrieved_list",
            "curr_top_k_docIDs": [
                "959785",
                "78501",
                "459839",
                "1296775",
                "1355449",
                "1639896",
                "177900",
                "277459",
                "78036",
                "53818"
            ],
            "terminate": true
        }
    ]
}