{
    "queries": [
        "Perfect cities for introverts"
    ],
    "iteration": 0,
    "retrieved_lists": [
        [
            "516",
            "120",
            "492",
            "352",
            "457",
            "280",
            "251",
            "320",
            "283",
            "231"
        ]
    ],
    "all_sim_scores": [
        [
            0.6528103351593018,
            0.6324831247329712,
            0.6287006735801697,
            0.6285510659217834,
            0.6193463206291199,
            0.6172119975090027,
            0.615551233291626,
            0.6154260039329529,
            0.6106882095336914,
            0.6094240546226501
        ]
    ],
    "last_action_method": "return_last_retrieved_list",
    "curr_top_k_docIDs": [
        "516",
        "120",
        "492",
        "352",
        "457",
        "280",
        "251",
        "320",
        "283",
        "231"
    ],
    "terminate": true,
    "state_history": [
        {
            "queries": [
                "Perfect cities for introverts"
            ],
            "iteration": 0
        },
        {
            "queries": [
                "Perfect cities for introverts"
            ],
            "iteration": 0,
            "retrieved_lists": [
                [
                    "516",
                    "120",
                    "492",
                    "352",
                    "457",
                    "280",
                    "251",
                    "320",
                    "283",
                    "231"
                ]
            ],
            "all_sim_scores": [
                [
                    0.6528103351593018,
                    0.6324831247329712,
                    0.6287006735801697,
                    0.6285510659217834,
                    0.6193463206291199,
                    0.6172119975090027,
                    0.615551233291626,
                    0.6154260039329529,
                    0.6106882095336914,
                    0.6094240546226501
                ]
            ],
            "last_action_method": "rank"
        },
        {
            "queries": [
                "Perfect cities for introverts"
            ],
            "iteration": 0,
            "retrieved_lists": [
                [
                    "516",
                    "120",
                    "492",
                    "352",
                    "457",
                    "280",
                    "251",
                    "320",
                    "283",
                    "231"
                ]
            ],
            "all_sim_scores": [
                [
                    0.6528103351593018,
                    0.6324831247329712,
                    0.6287006735801697,
                    0.6285510659217834,
                    0.6193463206291199,
                    0.6172119975090027,
                    0.615551233291626,
                    0.6154260039329529,
                    0.6106882095336914,
                    0.6094240546226501
                ]
            ],
            "last_action_method": "return_last_retrieved_list",
            "curr_top_k_docIDs": [
                "516",
                "120",
                "492",
                "352",
                "457",
                "280",
                "251",
                "320",
                "283",
                "231"
            ],
            "terminate": true
        }
    ]
}