{
    "queries": [
        "Cleanest cities to visit"
    ],
    "iteration": 0,
    "retrieved_lists": [
        [
            "283",
            "320",
            "400",
            "199",
            "497",
            "332",
            "368",
            "22",
            "338",
            "343",
            "295",
            "180",
            "407",
            "319",
            "245",
            "428",
            "520",
            "233",
            "63",
            "339",
            "251",
            "177",
            "204",
            "490",
            "249",
            "405",
            "425",
            "59",
            "222",
            "107",
            "543",
            "61",
            "121",
            "231",
            "131",
            "409",
            "255",
            "404",
            "70",
            "525",
            "401",
            "96",
            "349",
            "342",
            "392",
            "280",
            "105",
            "232",
            "464",
            "92",
            "334",
            "205",
            "325",
            "42",
            "406",
            "110",
            "229",
            "397",
            "299",
            "226"
        ]
    ],
    "all_sim_scores": [
        [
            0.4446977376937866,
            0.435905784368515,
            0.43511682748794556,
            0.4140385389328003,
            0.4097769558429718,
            0.39529675245285034,
            0.3932502567768097,
            0.38927167654037476,
            0.38757163286209106,
            0.3843982219696045,
            0.38176846504211426,
            0.3788970112800598,
            0.3762437403202057,
            0.376231849193573,
            0.37362390756607056,
            0.3729116916656494,
            0.3728567659854889,
            0.37197011709213257,
            0.3718683123588562,
            0.37138327956199646,
            0.37090182304382324,
            0.3659418523311615,
            0.3646656274795532,
            0.36457300186157227,
            0.3639681339263916,
            0.3635503947734833,
            0.36352473497390747,
            0.3629394471645355,
            0.3626171350479126,
            0.3621067404747009,
            0.36129140853881836,
            0.3609839081764221,
            0.3609499931335449,
            0.36078518629074097,
            0.359591543674469,
            0.35876038670539856,
            0.35682591795921326,
            0.3559267222881317,
            0.35542815923690796,
            0.35466399788856506,
            0.3527248501777649,
            0.3522889018058777,
            0.35193756222724915,
            0.35125601291656494,
            0.3496822714805603,
            0.349185049533844,
            0.3488337993621826,
            0.34875088930130005,
            0.34807538986206055,
            0.34805580973625183,
            0.34776899218559265,
            0.3470214903354645,
            0.34650352597236633,
            0.34618598222732544,
            0.3459428548812866,
            0.34586894512176514,
            0.345855176448822,
            0.34455281496047974,
            0.3442442715167999,
            0.3438646197319031
        ]
    ],
    "last_action_method": "return_last_retrieved_list",
    "curr_top_k_docIDs": [
        "283",
        "320",
        "400",
        "199",
        "497",
        "332",
        "368",
        "22",
        "338",
        "343",
        "295",
        "180",
        "407",
        "319",
        "245",
        "428",
        "520",
        "233",
        "63",
        "339",
        "251",
        "177",
        "204",
        "490",
        "249",
        "405",
        "425",
        "59",
        "222",
        "107",
        "543",
        "61",
        "121",
        "231",
        "131",
        "409",
        "255",
        "404",
        "70",
        "525",
        "401",
        "96",
        "349",
        "342",
        "392",
        "280",
        "105",
        "232",
        "464",
        "92",
        "334",
        "205",
        "325",
        "42",
        "406",
        "110",
        "229",
        "397",
        "299",
        "226"
    ],
    "terminate": true,
    "state_history": [
        {
            "queries": [
                "Cleanest cities to visit"
            ],
            "iteration": 0
        },
        {
            "queries": [
                "Cleanest cities to visit"
            ],
            "iteration": 0,
            "retrieved_lists": [
                [
                    "283",
                    "320",
                    "400",
                    "199",
                    "497",
                    "332",
                    "368",
                    "22",
                    "338",
                    "343",
                    "295",
                    "180",
                    "407",
                    "319",
                    "245",
                    "428",
                    "520",
                    "233",
                    "63",
                    "339",
                    "251",
                    "177",
                    "204",
                    "490",
                    "249",
                    "405",
                    "425",
                    "59",
                    "222",
                    "107",
                    "543",
                    "61",
                    "121",
                    "231",
                    "131",
                    "409",
                    "255",
                    "404",
                    "70",
                    "525",
                    "401",
                    "96",
                    "349",
                    "342",
                    "392",
                    "280",
                    "105",
                    "232",
                    "464",
                    "92",
                    "334",
                    "205",
                    "325",
                    "42",
                    "406",
                    "110",
                    "229",
                    "397",
                    "299",
                    "226"
                ]
            ],