{
    "queries": [
        "I want to capture stunning sunshine"
    ],
    "iteration": 0,
    "retrieved_lists": [
        [
            "396",
            "322",
            "294",
            "8",
            "91",
            "479",
            "292",
            "352",
            "92",
            "437",
            "185",
            "250",
            "156",
            "207",
            "412",
            "251",
            "330",
            "131",
            "366",
            "249",
            "289",
            "125",
            "31",
            "515",
            "305",
            "150",
            "214",
            "386",
            "34",
            "345",
            "393",
            "399",
            "346",
            "203",
            "105",
            "126",
            "562",
            "493",
            "114",
            "537",
            "566",
            "19",
            "408",
            "474",
            "317",
            "54",
            "158",
            "448",
            "22",
            "404",
            "219",
            "320",
            "520",
            "400",
            "347",
            "27",
            "113",
            "148",
            "421",
            "442"
        ]
    ],
    "all_sim_scores": [
        [
            0.5525757670402527,
            0.5402719378471375,
            0.5367400646209717,
            0.5345064401626587,
            0.5260710120201111,
            0.5243821740150452,
            0.5226513147354126,
            0.5205800533294678,
            0.5201375484466553,
            0.5152661800384521,
            0.5152633786201477,
            0.51442551612854,
            0.5121009945869446,
            0.5120875835418701,
            0.5106088519096375,
            0.5097979307174683,
            0.5052205324172974,
            0.5050506591796875,
            0.5050376653671265,
            0.504801869392395,
            0.5046375393867493,
            0.5045723915100098,
            0.5044782161712646,
            0.5043501257896423,
            0.5040981769561768,
            0.5035065412521362,
            0.5033631920814514,
            0.5022373199462891,
            0.5022088289260864,
            0.5017703175544739,
            0.5015633702278137,
            0.5014806389808655,
            0.5013760924339294,
            0.500749945640564,
            0.4994465112686157,
            0.499114453792572,
            0.4988797903060913,
            0.4987383484840393,
            0.4986705183982849,
            0.49853262305259705,
            0.4985171854496002,
            0.49817073345184326,
            0.4977295398712158,
            0.4970652163028717,
            0.49693185091018677,
            0.4968864917755127,
            0.4967993199825287,
            0.4967959523200989,
            0.4967508316040039,
            0.4965727925300598,
            0.49623769521713257,
            0.49537211656570435,
            0.49532896280288696,
            0.494975745677948,
            0.4947758615016937,
            0.493988573551178,
            0.49342599511146545,
            0.492889404296875,
            0.492625892162323,
            0.4925205707550049
        ]
    ],
    "last_action_method": "return_last_retrieved_list",
    "curr_top_k_docIDs": [
        "396",
        "322",
        "294",
        "8",
        "91",
        "479",
        "292",
        "352",
        "92",
        "437",
        "185",
        "250",
        "156",
        "207",
        "412",
        "251",
        "330",
        "131",
        "366",
        "249",
        "289",
        "125",
        "31",
        "515",
        "305",
        "150",
        "214",
        "386",
        "34",
        "345",
        "393",
        "399",
        "346",
        "203",
        "105",
        "126",
        "562",
        "493",
        "114",
        "537",
        "566",
        "19",
        "408",
        "474",
        "317",
        "54",
        "158",
        "448",
        "22",
        "404",
        "219",
        "320",
        "520",
        "400",
        "347",
        "27",
        "113",
        "148",
        "421",
        "442"
    ],
    "terminate": true,
    "state_history": [
        {
            "queries": [
                "I want to capture stunning sunshine"
            ],
            "iteration": 0
        },
        {
            "queries": [
                "I want to capture stunning sunshine"
            ],
            "iteration": 0,
            "retrieved_lists": [
                [
                    "396",
                    "322",
                    "294",
                    "8",
                    "91",
                    "479",
                    "292",
                    "352",
                    "92",
                    "437",
                    "185",
                    "250",
                    "156",
                    "207",
                    "412",
                    "251",
                    "330",
                    "131",
                    "366",
                    "249",
                    "289",
                    "125",
                    "31",
                    "515",
                    "305",
                    "150",
                    "214",
                    "386",
                    "34",
                    "345",
                    "393",
                    "399",
                    "346",
                    "203",
                    "105",
                    "126",
                    "562",
                    "493",
                    "114",
                    "537",
                    "566",
                    "19",
                    "408",
                    "474",
                    "317",
                    "54",
                    "158",
                    "448",
                    "22",
                    "404",
                    "219",
                    "320",
                    "520",
                    "400",
                    "347",
                    "27",
                    "113",
                    "148",
                    "421",
                    "442"
                ]
            ],