{
    "queries": [
        "drilling machine"
    ],
    "iteration": 0,
    "retrieved_lists": [
        [
            "320765",
            "248545",
            "123482",
            "683558",
            "883172",
            "285707",
            "763786",
            "200829",
            "277094",
            "352819"
        ]
    ],
    "all_sim_scores": [
        [
            0.7309348583221436,
            0.7252061367034912,
            0.7094846963882446,
            0.7044907808303833,
            0.6925979852676392,
            0.6853349208831787,
            0.6847025156021118,
            0.6796412467956543,
            0.670278787612915,
            0.6664090752601624
        ]
    ],
    "last_action_method": "return_last_retrieved_list",
    "curr_top_k_docIDs": [
        "320765",
        "248545",
        "123482",
        "683558",
        "883172",
        "285707",
        "763786",
        "200829",
        "277094",
        "352819"
    ],
    "terminate": true,
    "state_history": [
        {
            "queries": [
                "drilling machine"
            ],
            "iteration": 0
        },
        {
            "queries": [
                "drilling machine"
            ],
            "iteration": 0,
            "retrieved_lists": [
                [
                    "320765",
                    "248545",
                    "123482",
                    "683558",
                    "883172",
                    "285707",
                    "763786",
                    "200829",
                    "277094",
                    "352819"
                ]
            ],
            "all_sim_scores": [
                [
                    0.7309348583221436,
                    0.7252061367034912,
                    0.7094846963882446,
                    0.7044907808303833,
                    0.6925979852676392,
                    0.6853349208831787,
                    0.6847025156021118,
                    0.6796412467956543,
                    0.670278787612915,
                    0.6664090752601624
                ]
            ],
            "last_action_method": "rank"
        },
        {
            "queries": [
                "drilling machine"
            ],
            "iteration": 0,
            "retrieved_lists": [
                [
                    "320765",
                    "248545",
                    "123482",
                    "683558",
                    "883172",
                    "285707",
                    "763786",
                    "200829",
                    "277094",
                    "352819"
                ]
            ],
            "all_sim_scores": [
                [
                    0.7309348583221436,
                    0.7252061367034912,
                    0.7094846963882446,
                    0.7044907808303833,
                    0.6925979852676392,
                    0.6853349208831787,
                    0.6847025156021118,
                    0.6796412467956543,
                    0.670278787612915,
                    0.6664090752601624
                ]
            ],
            "last_action_method": "return_last_retrieved_list",
            "curr_top_k_docIDs": [
                "320765",
                "248545",
                "123482",
                "683558",
                "883172",
                "285707",
                "763786",
                "200829",
                "277094",
                "352819"
            ],
            "terminate": true
        }
    ]
}