{
    "queries": [
        "who played mike stivic on all in the family"
    ],
    "iteration": 0,
    "retrieved_lists": [
        [
            "doc90164",
            "doc536196",
            "doc917166",
            "doc2282744",
            "doc372568",
            "doc177901",
            "doc287343",
            "doc1348268",
            "doc871977",
            "doc2574386",
            "doc1003409",
            "doc90166",
            "doc1126317",
            "doc35996",
            "doc2316509",
            "doc2081889",
            "doc2451119",
            "doc1948472",
            "doc2241303",
            "doc2437003",
            "doc464616",
            "doc464613",
            "doc1187585",
            "doc208217",
            "doc729219",
            "doc293759",
            "doc257693",
            "doc2492927",
            "doc2480319",
            "doc402542",
            "doc177926",
            "doc1956021",
            "doc47750",
            "doc2507917",
            "doc803622",
            "doc633393",
            "doc2002533",
            "doc1518802",
            "doc669223",
            "doc1892973",
            "doc1348264",
            "doc2014320",
            "doc561022",
            "doc718708",
            "doc776729",
            "doc138764",
            "doc497890",
            "doc107870",
            "doc1962718",
            "doc2236095",
            "doc225022",
            "doc957777",
            "doc176999",
            "doc522441",
            "doc508690",
            "doc2386252",
            "doc797792",
            "doc1734535",
            "doc1143922",
            "doc2485530"
        ]
    ],
    "all_sim_scores": [
        [
            0.7603414058685303,
            0.5718686580657959,
            0.5299092531204224,
            0.5199421644210815,
            0.47729846835136414,
            0.47675448656082153,
            0.47004473209381104,
            0.46842148900032043,
            0.4661436676979065,
            0.4657272398471832,
            0.46542519330978394,
            0.4603101313114166,
            0.4563026428222656,
            0.4504898190498352,
            0.44752275943756104,
            0.4474257528781891,
            0.44732198119163513,
            0.4441487789154053,
            0.4420548677444458,
            0.43838635087013245,
            0.43790289759635925,
            0.43257492780685425,
            0.4315323233604431,
            0.4297506809234619,
            0.429296612739563,
            0.4279797673225403,
            0.42672812938690186,
            0.4250216484069824,
            0.4229719638824463,
            0.4226630926132202,
            0.4206926226615906,
            0.41662171483039856,
            0.4153803586959839,
            0.41495704650878906,
            0.41302305459976196,
            0.41117826104164124,
            0.4107152223587036,
            0.4101131856441498,
            0.40814289450645447,
            0.4073857069015503,
            0.4064955711364746,
            0.40612879395484924,
            0.40512460470199585,
            0.404767781496048,
            0.40474560856819153,
            0.4039296507835388,
            0.40301766991615295,
            0.400696724653244,
            0.399230033159256,
            0.3978133797645569,
            0.3977319002151489,
            0.39690476655960083,
            0.39579683542251587,
            0.39571264386177063,
            0.39567720890045166,
            0.3953169584274292,
            0.3944326937198639,
            0.3942665755748749,
            0.3919467628002167,
            0.39094221591949463
        ]
    ],
    "last_action_method": "return_last_retrieved_list",
    "curr_top_k_docIDs": [
        "doc90164",
        "doc536196",
        "doc917166",
        "doc2282744",
        "doc372568",
        "doc177901",
        "doc287343",
        "doc1348268",
        "doc871977",
        "doc2574386",
        "doc1003409",
        "doc90166",
        "doc1126317",
        "doc35996",
        "doc2316509",
        "doc2081889",
        "doc2451119",
        "doc1948472",
        "doc2241303",
        "doc2437003",
        "doc464616",
        "doc464613",
        "doc1187585",
        "doc208217",
        "doc729219",
        "doc293759",
        "doc257693",
        "doc2492927",
        "doc2480319",
        "doc402542",
        "doc177926",
        "doc1956021",
        "doc47750",
        "doc2507917",
        "doc803622",
        "doc633393",
        "doc2002533",
        "doc1518802",
        "doc669223",
        "doc1892973",
        "doc1348264",
        "doc2014320",
        "doc561022",
        "doc718708",
        "doc776729",
        "doc138764",
        "doc497890",
        "doc107870",
        "doc1962718",
        "doc2236095",
        "doc225022",
        "doc957777",
        "doc176999",
        "doc522441",
        "doc508690",
        "doc2386252",
        "doc797792",
        "doc1734535",
        "doc1143922",
        "doc2485530"
    ],
    "terminate": true,
    "state_history": [
        {
            "queries": [
                "who played mike stivic on all in the family"
            ],
            "iteration": 0
        },
        {
            "queries": [
                "who played mike stivic on all in the family"
            ],
            "iteration": 0,
            "retrieved_lists": [
                [
                    "doc90164",
                    "doc536196",
                    "doc917166",
                    "doc2282744",
                    "doc372568",
                    "doc177901",
                    "doc287343",
                    "doc1348268",
                    "doc871977",
                    "doc2574386",
                    "doc1003409",
                    "doc90166",
                    "doc1126317",
                    "doc35996",
                    "doc2316509",
                    "doc2081889",
                    "doc2451119",
                    "doc1948472",
                    "doc2241303",
                    "doc2437003",
                    "doc464616",
                    "doc464613",
                    "doc1187585",
                    "doc208217",
                    "doc729219",
                    "doc293759",
                    "doc257693",
                    "doc2492927",
                    "doc2480319",
                    "doc402542",
                    "doc177926",
                    "doc1956021",
                    "doc47750",
                    "doc2507917",
                    "doc803622",
                    "doc633393",
                    "doc2002533",
                    "doc1518802",
                    "doc669223",
                    "doc1892973",
                    "doc1348264",
                    "doc2014320",
                    "doc561022",
                    "doc718708",
                    "doc776729",
                    "doc138764",
                    "doc497890",
                    "doc107870",
                    "doc1962718",
                    "doc2236095",
                    "doc225022",
                    "doc957777",
                    "doc176999",
                    "doc522441",
                    "doc508690",
                    "doc2386252",
                    "doc797792",
                    "doc1734535",
                    "doc1143922",
                    "doc2485530"
                ]
            ],