{
    "queries": [
        "Most romantic cities for a honeymoon"
    ],
    "iteration": 0,
    "retrieved_lists": [
        [
            "237",
            "415",
            "520",
            "339",
            "124",
            "1",
            "303",
            "407",
            "320",
            "138",
            "330",
            "338",
            "490",
            "368",
            "283",
            "525",
            "53",
            "522",
            "177",
            "414",
            "22",
            "400",
            "388",
            "332",
            "82",
            "402",
            "193",
            "343",
            "403",
            "334",
            "392",
            "226",
            "413",
            "314",
            "180",
            "366",
            "383",
            "355",
            "199",
            "6",
            "427",
            "110",
            "255",
            "232",
            "498",
            "464",
            "188",
            "425",
            "251",
            "245",
            "152",
            "173",
            "450",
            "467",
            "297",
            "63",
            "174",
            "505",
            "409",
            "295"
        ]
    ],
    "all_sim_scores": [
        [
            0.42607933282852173,
            0.4212316870689392,
            0.38906314969062805,
            0.37545350193977356,
            0.3567711114883423,
            0.3540090322494507,
            0.3539944589138031,
            0.35067278146743774,
            0.3506358861923218,
            0.3498249351978302,
            0.34925025701522827,
            0.34922337532043457,
            0.3463994860649109,
            0.3434075713157654,
            0.34336721897125244,
            0.34273549914360046,
            0.3402904272079468,
            0.33843934535980225,
            0.3359328806400299,
            0.33572492003440857,
            0.3351782560348511,
            0.3350490927696228,
            0.3335871696472168,
            0.3313453793525696,
            0.32956555485725403,
            0.3258283734321594,
            0.3258165121078491,
            0.32552897930145264,
            0.3249279856681824,
            0.3239627480506897,
            0.32246237993240356,
            0.3217431604862213,
            0.3212699890136719,
            0.3209879398345947,
            0.32058197259902954,
            0.320237934589386,
            0.3197767734527588,
            0.3182978630065918,
            0.3164317309856415,
            0.316102534532547,
            0.31573712825775146,
            0.31395286321640015,
            0.31371504068374634,
            0.31353485584259033,
            0.3130224645137787,
            0.31232374906539917,
            0.3118513822555542,
            0.31137925386428833,
            0.31080418825149536,
            0.30945825576782227,
            0.30907222628593445,
            0.3087788224220276,
            0.3087540864944458,
            0.3083239793777466,
            0.30779892206192017,
            0.30747807025909424,
            0.30716681480407715,
            0.30647212266921997,
            0.30592095851898193,
            0.3057861924171448
        ]
    ],
    "last_action_method": "return_last_retrieved_list",
    "curr_top_k_docIDs": [
        "237",
        "415",
        "520",
        "339",
        "124",
        "1",
        "303",
        "407",
        "320",
        "138",
        "330",
        "338",
        "490",
        "368",
        "283",
        "525",
        "53",
        "522",
        "177",
        "414",
        "22",
        "400",
        "388",
        "332",
        "82",
        "402",
        "193",
        "343",
        "403",
        "334",
        "392",
        "226",
        "413",
        "314",
        "180",
        "366",
        "383",
        "355",
        "199",
        "6",
        "427",
        "110",
        "255",
        "232",
        "498",
        "464",
        "188",
        "425",
        "251",
        "245",
        "152",
        "173",
        "450",
        "467",
        "297",
        "63",
        "174",
        "505",
        "409",
        "295"
    ],
    "terminate": true,
    "state_history": [
        {
            "queries": [
                "Most romantic cities for a honeymoon"
            ],
            "iteration": 0
        },
        {
            "queries": [
                "Most romantic cities for a honeymoon"
            ],
            "iteration": 0,
            "retrieved_lists": [
                [
                    "237",
                    "415",
                    "520",
                    "339",
                    "124",
                    "1",
                    "303",
                    "407",
                    "320",
                    "138",
                    "330",
                    "338",
                    "490",
                    "368",
                    "283",
                    "525",
                    "53",
                    "522",
                    "177",
                    "414",
                    "22",
                    "400",
                    "388",
                    "332",
                    "82",
                    "402",
                    "193",
                    "343",
                    "403",
                    "334",
                    "392",
                    "226",
                    "413",
                    "314",
                    "180",
                    "366",
                    "383",
                    "355",
                    "199",
                    "6",
                    "427",
                    "110",
                    "255",
                    "232",
                    "498",
                    "464",
                    "188",
                    "425",
                    "251",
                    "245",
                    "152",
                    "173",
                    "450",
                    "467",
                    "297",
                    "63",
                    "174",
                    "505",
                    "409",
                    "295"
                ]
            ],