{
    "queries": [
        "boys pants slim fit"
    ],
    "iteration": 0,
    "retrieved_lists": [
        [
            "780459",
            "844934",
            "1175742",
            "535306",
            "1632823",
            "814596",
            "1313952",
            "577796",
            "579882",
            "1197943"
        ]
    ],
    "all_sim_scores": [
        [
            0.8139688968658447,
            0.8021491765975952,
            0.7972242832183838,
            0.7829225659370422,
            0.7791837453842163,
            0.7778272032737732,
            0.7755728363990784,
            0.7749571800231934,
            0.7743120193481445,
            0.7644410133361816
        ]
    ],
    "last_action_method": "return_last_retrieved_list",
    "curr_top_k_docIDs": [
        "780459",
        "844934",
        "1175742",
        "535306",
        "1632823",
        "814596",
        "1313952",
        "577796",
        "579882",
        "1197943"
    ],
    "terminate": true,
    "state_history": [
        {
            "queries": [
                "boys pants slim fit"
            ],
            "iteration": 0
        },
        {
            "queries": [
                "boys pants slim fit"
            ],
            "iteration": 0,
            "retrieved_lists": [
                [
                    "780459",
                    "844934",
                    "1175742",
                    "535306",
                    "1632823",
                    "814596",
                    "1313952",
                    "577796",
                    "579882",
                    "1197943"
                ]
            ],
            "all_sim_scores": [
                [
                    0.8139688968658447,
                    0.8021491765975952,
                    0.7972242832183838,
                    0.7829225659370422,
                    0.7791837453842163,
                    0.7778272032737732,
                    0.7755728363990784,
                    0.7749571800231934,
                    0.7743120193481445,
                    0.7644410133361816
                ]
            ],
            "last_action_method": "rank"
        },
        {
            "queries": [
                "boys pants slim fit"
            ],
            "iteration": 0,
            "retrieved_lists": [
                [
                    "780459",
                    "844934",
                    "1175742",
                    "535306",
                    "1632823",
                    "814596",
                    "1313952",
                    "577796",
                    "579882",
                    "1197943"
                ]
            ],
            "all_sim_scores": [
                [
                    0.8139688968658447,
                    0.8021491765975952,
                    0.7972242832183838,
                    0.7829225659370422,
                    0.7791837453842163,
                    0.7778272032737732,
                    0.7755728363990784,
                    0.7749571800231934,
                    0.7743120193481445,
                    0.7644410133361816
                ]
            ],
            "last_action_method": "return_last_retrieved_list",
            "curr_top_k_docIDs": [
                "780459",
                "844934",
                "1175742",
                "535306",
                "1632823",
                "814596",
                "1313952",
                "577796",
                "579882",
                "1197943"
            ],
            "terminate": true
        }
    ]
}