{
    "queries": [
        "Most beautiful island cities to explore"
    ],
    "iteration": 0,
    "retrieved_lists": [
        [
            "388",
            "149",
            "136",
            "369",
            "316",
            "276",
            "96",
            "216",
            "403",
            "415"
        ]
    ],
    "all_sim_scores": [
        [
            0.4794546663761139,
            0.4647793173789978,
            0.45399147272109985,
            0.44119882583618164,
            0.41499805450439453,
            0.41438883543014526,
            0.393460750579834,
            0.387439489364624,
            0.3807657063007355,
            0.37589865922927856
        ]
    ],
    "last_action_method": "return_last_retrieved_list",
    "curr_top_k_docIDs": [
        "388",
        "149",
        "136",
        "369",
        "316",
        "276",
        "96",
        "216",
        "403",
        "415"
    ],
    "terminate": true,
    "state_history": [
        {
            "queries": [
                "Most beautiful island cities to explore"
            ],
            "iteration": 0
        },
        {
            "queries": [
                "Most beautiful island cities to explore"
            ],
            "iteration": 0,
            "retrieved_lists": [
                [
                    "388",
                    "149",
                    "136",
                    "369",
                    "316",
                    "276",
                    "96",
                    "216",
                    "403",
                    "415"
                ]
            ],
            "all_sim_scores": [
                [
                    0.4794546663761139,
                    0.4647793173789978,
                    0.45399147272109985,
                    0.44119882583618164,
                    0.41499805450439453,
                    0.41438883543014526,
                    0.393460750579834,
                    0.387439489364624,
                    0.3807657063007355,
                    0.37589865922927856
                ]
            ],
            "last_action_method": "rank"
        },
        {
            "queries": [
                "Most beautiful island cities to explore"
            ],
            "iteration": 0,
            "retrieved_lists": [
                [
                    "388",
                    "149",
                    "136",
                    "369",
                    "316",
                    "276",
                    "96",
                    "216",
                    "403",
                    "415"
                ]
            ],
            "all_sim_scores": [
                [
                    0.4794546663761139,
                    0.4647793173789978,
                    0.45399147272109985,
                    0.44119882583618164,
                    0.41499805450439453,
                    0.41438883543014526,
                    0.393460750579834,
                    0.387439489364624,
                    0.3807657063007355,
                    0.37589865922927856
                ]
            ],
            "last_action_method": "return_last_retrieved_list",
            "curr_top_k_docIDs": [
                "388",
                "149",
                "136",
                "369",
                "316",
                "276",
                "96",
                "216",
                "403",
                "415"
            ],
            "terminate": true
        }
    ]
}