{
    "queries": [
        "Cleanest cities to visit"
    ],
    "iteration": 0,
    "retrieved_lists": [
        [
            "283",
            "320",
            "400",
            "199",
            "497",
            "332",
            "368",
            "22",
            "338",
            "343"
        ]
    ],
    "all_sim_scores": [
        [
            0.44469770789146423,
            0.43590572476387024,
            0.43511688709259033,
            0.41403865814208984,
            0.4097770154476166,
            0.3952968120574951,
            0.3932502865791321,
            0.38927161693573,
            0.3875715434551239,
            0.3843981921672821
        ]
    ],
    "last_action_method": "return_last_retrieved_list",
    "curr_top_k_docIDs": [
        "283",
        "320",
        "400",
        "199",
        "497",
        "332",
        "368",
        "22",
        "338",
        "343"
    ],
    "terminate": true,
    "state_history": [
        {
            "queries": [
                "Cleanest cities to visit"
            ],
            "iteration": 0
        },
        {
            "queries": [
                "Cleanest cities to visit"
            ],
            "iteration": 0,
            "retrieved_lists": [
                [
                    "283",
                    "320",
                    "400",
                    "199",
                    "497",
                    "332",
                    "368",
                    "22",
                    "338",
                    "343"
                ]
            ],
            "all_sim_scores": [
                [
                    0.44469770789146423,
                    0.43590572476387024,
                    0.43511688709259033,
                    0.41403865814208984,
                    0.4097770154476166,
                    0.3952968120574951,
                    0.3932502865791321,
                    0.38927161693573,
                    0.3875715434551239,
                    0.3843981921672821
                ]
            ],
            "last_action_method": "rank"
        },
        {
            "queries": [
                "Cleanest cities to visit"
            ],
            "iteration": 0,
            "retrieved_lists": [
                [
                    "283",
                    "320",
                    "400",
                    "199",
                    "497",
                    "332",
                    "368",
                    "22",
                    "338",
                    "343"
                ]
            ],
            "all_sim_scores": [
                [
                    0.44469770789146423,
                    0.43590572476387024,
                    0.43511688709259033,
                    0.41403865814208984,
                    0.4097770154476166,
                    0.3952968120574951,
                    0.3932502865791321,
                    0.38927161693573,
                    0.3875715434551239,
                    0.3843981921672821
                ]
            ],
            "last_action_method": "return_last_retrieved_list",
            "curr_top_k_docIDs": [
                "283",
                "320",
                "400",
                "199",
                "497",
                "332",
                "368",
                "22",
                "338",
                "343"
            ],
            "terminate": true
        }
    ]
}