{
    "queries": [
        "Cities for sports enthusiasts"
    ],
    "iteration": 0,
    "retrieved_lists": [
        [
            "320",
            "204",
            "343",
            "392",
            "283",
            "349",
            "74",
            "121",
            "497",
            "187"
        ]
    ],
    "all_sim_scores": [
        [
            0.557461142539978,
            0.544256329536438,
            0.5350617170333862,
            0.5098642110824585,
            0.5060803294181824,
            0.4954164922237396,
            0.4941079616546631,
            0.49319538474082947,
            0.4859033226966858,
            0.4839458763599396
        ]
    ],
    "last_action_method": "return_last_retrieved_list",
    "curr_top_k_docIDs": [
        "320",
        "204",
        "343",
        "392",
        "283",
        "349",
        "74",
        "121",
        "497",
        "187"
    ],
    "terminate": true,
    "state_history": [
        {
            "queries": [
                "Cities for sports enthusiasts"
            ],
            "iteration": 0
        },
        {
            "queries": [
                "Cities for sports enthusiasts"
            ],
            "iteration": 0,
            "retrieved_lists": [
                [
                    "320",
                    "204",
                    "343",
                    "392",
                    "283",
                    "349",
                    "74",
                    "121",
                    "497",
                    "187"
                ]
            ],
            "all_sim_scores": [
                [
                    0.557461142539978,
                    0.544256329536438,
                    0.5350617170333862,
                    0.5098642110824585,
                    0.5060803294181824,
                    0.4954164922237396,
                    0.4941079616546631,
                    0.49319538474082947,
                    0.4859033226966858,
                    0.4839458763599396
                ]
            ],
            "last_action_method": "rank"
        },
        {
            "queries": [
                "Cities for sports enthusiasts"
            ],
            "iteration": 0,
            "retrieved_lists": [
                [
                    "320",
                    "204",
                    "343",
                    "392",
                    "283",
                    "349",
                    "74",
                    "121",
                    "497",
                    "187"
                ]
            ],
            "all_sim_scores": [
                [
                    0.557461142539978,
                    0.544256329536438,
                    0.5350617170333862,
                    0.5098642110824585,
                    0.5060803294181824,
                    0.4954164922237396,
                    0.4941079616546631,
                    0.49319538474082947,
                    0.4859033226966858,
                    0.4839458763599396
                ]
            ],
            "last_action_method": "return_last_retrieved_list",
            "curr_top_k_docIDs": [
                "320",
                "204",
                "343",
                "392",
                "283",
                "349",
                "74",
                "121",
                "497",
                "187"
            ],
            "terminate": true
        }
    ]
}