{
    "queries": [
        "I love histroy and culture in Rome. I want similar cities."
    ],
    "iteration": 0,
    "retrieved_lists": [
        [
            "383",
            "520",
            "153",
            "505",
            "138",
            "368",
            "283",
            "1",
            "285",
            "314"
        ]
    ],
    "all_sim_scores": [
        [
            0.6864648461341858,
            0.42031198740005493,
            0.41943901777267456,
            0.402850866317749,
            0.3999153971672058,
            0.39972513914108276,
            0.3982219099998474,
            0.3912172317504883,
            0.3902357220649719,
            0.3899405598640442
        ]
    ],
    "last_action_method": "return_last_retrieved_list",
    "curr_top_k_docIDs": [
        "383",
        "520",
        "153",
        "505",
        "138",
        "368",
        "283",
        "1",
        "285",
        "314"
    ],
    "terminate": true,
    "state_history": [
        {
            "queries": [
                "I love histroy and culture in Rome. I want similar cities."
            ],
            "iteration": 0
        },
        {
            "queries": [
                "I love histroy and culture in Rome. I want similar cities."
            ],
            "iteration": 0,
            "retrieved_lists": [
                [
                    "383",
                    "520",
                    "153",
                    "505",
                    "138",
                    "368",
                    "283",
                    "1",
                    "285",
                    "314"
                ]
            ],
            "all_sim_scores": [
                [
                    0.6864648461341858,
                    0.42031198740005493,
                    0.41943901777267456,
                    0.402850866317749,
                    0.3999153971672058,
                    0.39972513914108276,
                    0.3982219099998474,
                    0.3912172317504883,
                    0.3902357220649719,
                    0.3899405598640442
                ]
            ],
            "last_action_method": "rank"
        },
        {
            "queries": [
                "I love histroy and culture in Rome. I want similar cities."
            ],
            "iteration": 0,
            "retrieved_lists": [
                [
                    "383",
                    "520",
                    "153",
                    "505",
                    "138",
                    "368",
                    "283",
                    "1",
                    "285",
                    "314"
                ]
            ],
            "all_sim_scores": [
                [
                    0.6864648461341858,
                    0.42031198740005493,
                    0.41943901777267456,
                    0.402850866317749,
                    0.3999153971672058,
                    0.39972513914108276,
                    0.3982219099998474,
                    0.3912172317504883,
                    0.3902357220649719,
                    0.3899405598640442
                ]
            ],
            "last_action_method": "return_last_retrieved_list",
            "curr_top_k_docIDs": [
                "383",
                "520",
                "153",
                "505",
                "138",
                "368",
                "283",
                "1",
                "285",
                "314"
            ],
            "terminate": true
        }
    ]
}