{
    "queries": [
        "Best cities for movie buffs"
    ],
    "iteration": 0,
    "retrieved_lists": [
        [
            "251",
            "320",
            "492",
            "141",
            "120",
            "43",
            "399",
            "516",
            "105",
            "187"
        ]
    ],
    "all_sim_scores": [
        [
            0.7032309174537659,
            0.6643232107162476,
            0.6617493033409119,
            0.65916508436203,
            0.6575589179992676,
            0.6448854804039001,
            0.6444696187973022,
            0.6394146680831909,
            0.638611376285553,
            0.6350598931312561
        ]
    ],
    "last_action_method": "return_last_retrieved_list",
    "curr_top_k_docIDs": [
        "251",
        "320",
        "492",
        "141",
        "120",
        "43",
        "399",
        "516",
        "105",
        "187"
    ],
    "terminate": true,
    "state_history": [
        {
            "queries": [
                "Best cities for movie buffs"
            ],
            "iteration": 0
        },
        {
            "queries": [
                "Best cities for movie buffs"
            ],
            "iteration": 0,
            "retrieved_lists": [
                [
                    "251",
                    "320",
                    "492",
                    "141",
                    "120",
                    "43",
                    "399",
                    "516",
                    "105",
                    "187"
                ]
            ],
            "all_sim_scores": [
                [
                    0.7032309174537659,
                    0.6643232107162476,
                    0.6617493033409119,
                    0.65916508436203,
                    0.6575589179992676,
                    0.6448854804039001,
                    0.6444696187973022,
                    0.6394146680831909,
                    0.638611376285553,
                    0.6350598931312561
                ]
            ],
            "last_action_method": "rank"
        },
        {
            "queries": [
                "Best cities for movie buffs"
            ],
            "iteration": 0,
            "retrieved_lists": [
                [
                    "251",
                    "320",
                    "492",
                    "141",
                    "120",
                    "43",
                    "399",
                    "516",
                    "105",
                    "187"
                ]
            ],
            "all_sim_scores": [
                [
                    0.7032309174537659,
                    0.6643232107162476,
                    0.6617493033409119,
                    0.65916508436203,
                    0.6575589179992676,
                    0.6448854804039001,
                    0.6444696187973022,
                    0.6394146680831909,
                    0.638611376285553,
                    0.6350598931312561
                ]
            ],
            "last_action_method": "return_last_retrieved_list",
            "curr_top_k_docIDs": [
                "251",
                "320",
                "492",
                "141",
                "120",
                "43",
                "399",
                "516",
                "105",
                "187"
            ],
            "terminate": true
        }
    ]
}