{
    "queries": [
        "theme of the song roar by katy perry"
    ],
    "iteration": 0,
    "retrieved_lists": [
        [
            "doc96266",
            "doc96270",
            "doc96297",
            "doc96269",
            "doc522904",
            "doc1803202",
            "doc646400",
            "doc381106",
            "doc1982708",
            "doc580079",
            "doc1605032",
            "doc1934274",
            "doc2324399",
            "doc388030",
            "doc247025",
            "doc1570999",
            "doc1570990",
            "doc74452",
            "doc1567662",
            "doc1874895",
            "doc560107",
            "doc800557",
            "doc2394905",
            "doc416245",
            "doc2384107",
            "doc1412998",
            "doc1673763",
            "doc2500602",
            "doc1353709",
            "doc2367685",
            "doc1495194",
            "doc655356",
            "doc1982693",
            "doc102335",
            "doc2349305",
            "doc242369",
            "doc367473",
            "doc1059336",
            "doc672435",
            "doc1018646",
            "doc1481674",
            "doc2327684",
            "doc2360233",
            "doc1378826",
            "doc2279547",
            "doc1741",
            "doc2174180",
            "doc767712",
            "doc2607094",
            "doc292891",
            "doc438840",
            "doc489516",
            "doc953963",
            "doc1330935",
            "doc962828",
            "doc1951726",
            "doc1025253",
            "doc61889",
            "doc1318672",
            "doc2610256"
        ]
    ],
    "all_sim_scores": [
        [
            0.8128964900970459,
            0.727252721786499,
            0.6739293336868286,
            0.5618799924850464,
            0.5230364799499512,
            0.48218077421188354,
            0.4728424549102783,
            0.46184641122817993,
            0.4609302282333374,
            0.45891648530960083,
            0.4587247371673584,
            0.45551639795303345,
            0.4553889334201813,
            0.44638532400131226,
            0.4329982399940491,
            0.43265682458877563,
            0.4319315552711487,
            0.4284115433692932,
            0.4265103340148926,
            0.42623430490493774,
            0.42426151037216187,
            0.423048734664917,
            0.42100831866264343,
            0.41905301809310913,
            0.41756129264831543,
            0.41736406087875366,
            0.4173058271408081,
            0.4164424538612366,
            0.41374635696411133,
            0.4112602472305298,
            0.4108886122703552,
            0.40754467248916626,
            0.40700939297676086,
            0.4069605767726898,
            0.4060867428779602,
            0.40489262342453003,
            0.4019452929496765,
            0.40146392583847046,
            0.4013778865337372,
            0.40033021569252014,
            0.39979493618011475,
            0.39938774704933167,
            0.39874982833862305,
            0.3983357548713684,
            0.39789003133773804,
            0.3978798985481262,
            0.397035151720047,
            0.3957444429397583,
            0.3954753875732422,
            0.39430564641952515,
            0.39349764585494995,
            0.3922803997993469,
            0.3920553922653198,
            0.39164286851882935,
            0.3914128839969635,
            0.39095714688301086,
            0.39078187942504883,
            0.3904993534088135,
            0.39010700583457947,
            0.38909924030303955
        ]
    ],
    "last_action_method": "return_last_retrieved_list",
    "curr_top_k_docIDs": [
        "doc96266",
        "doc96270",
        "doc96297",
        "doc96269",
        "doc522904",
        "doc1803202",
        "doc646400",
        "doc381106",
        "doc1982708",
        "doc580079",
        "doc1605032",
        "doc1934274",
        "doc2324399",
        "doc388030",
        "doc247025",
        "doc1570999",
        "doc1570990",
        "doc74452",
        "doc1567662",
        "doc1874895",
        "doc560107",
        "doc800557",
        "doc2394905",
        "doc416245",
        "doc2384107",
        "doc1412998",
        "doc1673763",
        "doc2500602",
        "doc1353709",
        "doc2367685",
        "doc1495194",
        "doc655356",
        "doc1982693",
        "doc102335",
        "doc2349305",
        "doc242369",
        "doc367473",
        "doc1059336",
        "doc672435",
        "doc1018646",
        "doc1481674",
        "doc2327684",
        "doc2360233",
        "doc1378826",
        "doc2279547",
        "doc1741",
        "doc2174180",
        "doc767712",
        "doc2607094",
        "doc292891",
        "doc438840",
        "doc489516",
        "doc953963",
        "doc1330935",
        "doc962828",
        "doc1951726",
        "doc1025253",
        "doc61889",
        "doc1318672",
        "doc2610256"
    ],
    "terminate": true,
    "state_history": [
        {
            "queries": [
                "theme of the song roar by katy perry"
            ],
            "iteration": 0
        },
        {
            "queries": [
                "theme of the song roar by katy perry"
            ],
            "iteration": 0,
            "retrieved_lists": [
                [
                    "doc96266",
                    "doc96270",
                    "doc96297",
                    "doc96269",
                    "doc522904",
                    "doc1803202",
                    "doc646400",
                    "doc381106",
                    "doc1982708",
                    "doc580079",
                    "doc1605032",
                    "doc1934274",
                    "doc2324399",
                    "doc388030",
                    "doc247025",
                    "doc1570999",
                    "doc1570990",
                    "doc74452",
                    "doc1567662",
                    "doc1874895",
                    "doc560107",
                    "doc800557",
                    "doc2394905",
                    "doc416245",
                    "doc2384107",
                    "doc1412998",
                    "doc1673763",
                    "doc2500602",
                    "doc1353709",
                    "doc2367685",
                    "doc1495194",
                    "doc655356",
                    "doc1982693",
                    "doc102335",
                    "doc2349305",
                    "doc242369",
                    "doc367473",
                    "doc1059336",
                    "doc672435",
                    "doc1018646",
                    "doc1481674",
                    "doc2327684",
                    "doc2360233",
                    "doc1378826",
                    "doc2279547",
                    "doc1741",
                    "doc2174180",
                    "doc767712",
                    "doc2607094",
                    "doc292891",
                    "doc438840",
                    "doc489516",
                    "doc953963",
                    "doc1330935",
                    "doc962828",
                    "doc1951726",
                    "doc1025253",
                    "doc61889",
                    "doc1318672",
                    "doc2610256"
                ]
            ],