{
    "queries": [
        "Best cities to avoid crowds"
    ],
    "iteration": 0,
    "retrieved_lists": [
        [
            "520",
            "168",
            "320",
            "111",
            "492",
            "516",
            "251",
            "283",
            "201",
            "352"
        ]
    ],
    "all_sim_scores": [
        [
            0.5941122770309448,
            0.5725662112236023,
            0.5709986090660095,
            0.5704593658447266,
            0.5701008439064026,
            0.5689017176628113,
            0.5671294927597046,
            0.5654336810112,
            0.5642894506454468,
            0.5630055069923401
        ]
    ],
    "last_action_method": "return_last_retrieved_list",
    "curr_top_k_docIDs": [
        "520",
        "168",
        "320",
        "111",
        "492",
        "516",
        "251",
        "283",
        "201",
        "352"
    ],
    "terminate": true,
    "state_history": [
        {
            "queries": [
                "Best cities to avoid crowds"
            ],
            "iteration": 0
        },
        {
            "queries": [
                "Best cities to avoid crowds"
            ],
            "iteration": 0,
            "retrieved_lists": [
                [
                    "520",
                    "168",
                    "320",
                    "111",
                    "492",
                    "516",
                    "251",
                    "283",
                    "201",
                    "352"
                ]
            ],
            "all_sim_scores": [
                [
                    0.5941122770309448,
                    0.5725662112236023,
                    0.5709986090660095,
                    0.5704593658447266,
                    0.5701008439064026,
                    0.5689017176628113,
                    0.5671294927597046,
                    0.5654336810112,
                    0.5642894506454468,
                    0.5630055069923401
                ]
            ],
            "last_action_method": "rank"
        },
        {
            "queries": [
                "Best cities to avoid crowds"
            ],
            "iteration": 0,
            "retrieved_lists": [
                [
                    "520",
                    "168",
                    "320",
                    "111",
                    "492",
                    "516",
                    "251",
                    "283",
                    "201",
                    "352"
                ]
            ],
            "all_sim_scores": [
                [
                    0.5941122770309448,
                    0.5725662112236023,
                    0.5709986090660095,
                    0.5704593658447266,
                    0.5701008439064026,
                    0.5689017176628113,
                    0.5671294927597046,
                    0.5654336810112,
                    0.5642894506454468,
                    0.5630055069923401
                ]
            ],
            "last_action_method": "return_last_retrieved_list",
            "curr_top_k_docIDs": [
                "520",
                "168",
                "320",
                "111",
                "492",
                "516",
                "251",
                "283",
                "201",
                "352"
            ],
            "terminate": true
        }
    ]
}