{
    "queries": [
        "Best cities for museum enthusiasts"
    ],
    "iteration": 0,
    "retrieved_lists": [
        [
            "320",
            "352",
            "187",
            "105",
            "251",
            "120",
            "492",
            "168",
            "109",
            "95"
        ]
    ],
    "all_sim_scores": [
        [
            0.6370104551315308,
            0.6362231373786926,
            0.6284254193305969,
            0.6254006624221802,
            0.6251582503318787,
            0.6181842088699341,
            0.6141096353530884,
            0.6132100820541382,
            0.6120567321777344,
            0.6078921556472778
        ]
    ],
    "last_action_method": "return_last_retrieved_list",
    "curr_top_k_docIDs": [
        "320",
        "352",
        "187",
        "105",
        "251",
        "120",
        "492",
        "168",
        "109",
        "95"
    ],
    "terminate": true,
    "state_history": [
        {
            "queries": [
                "Best cities for museum enthusiasts"
            ],
            "iteration": 0
        },
        {
            "queries": [
                "Best cities for museum enthusiasts"
            ],
            "iteration": 0,
            "retrieved_lists": [
                [
                    "320",
                    "352",
                    "187",
                    "105",
                    "251",
                    "120",
                    "492",
                    "168",
                    "109",
                    "95"
                ]
            ],
            "all_sim_scores": [
                [
                    0.6370104551315308,
                    0.6362231373786926,
                    0.6284254193305969,
                    0.6254006624221802,
                    0.6251582503318787,
                    0.6181842088699341,
                    0.6141096353530884,
                    0.6132100820541382,
                    0.6120567321777344,
                    0.6078921556472778
                ]
            ],
            "last_action_method": "rank"
        },
        {
            "queries": [
                "Best cities for museum enthusiasts"
            ],
            "iteration": 0,
            "retrieved_lists": [
                [
                    "320",
                    "352",
                    "187",
                    "105",
                    "251",
                    "120",
                    "492",
                    "168",
                    "109",
                    "95"
                ]
            ],
            "all_sim_scores": [
                [
                    0.6370104551315308,
                    0.6362231373786926,
                    0.6284254193305969,
                    0.6254006624221802,
                    0.6251582503318787,
                    0.6181842088699341,
                    0.6141096353530884,
                    0.6132100820541382,
                    0.6120567321777344,
                    0.6078921556472778
                ]
            ],
            "last_action_method": "return_last_retrieved_list",
            "curr_top_k_docIDs": [
                "320",
                "352",
                "187",
                "105",
                "251",
                "120",
                "492",
                "168",
                "109",
                "95"
            ],
            "terminate": true
        }
    ]
}