{
    "queries": [
        "Best cities to visit for cultural experiences"
    ],
    "iteration": 0,
    "retrieved_lists": [
        [
            "428",
            "232",
            "310",
            "407",
            "283",
            "405",
            "497",
            "177",
            "96",
            "178"
        ]
    ],
    "all_sim_scores": [
        [
            0.3832073509693146,
            0.37931498885154724,
            0.37154895067214966,
            0.3676953911781311,
            0.36258286237716675,
            0.3615921437740326,
            0.3578224778175354,
            0.35679906606674194,
            0.35624930262565613,
            0.3555915355682373
        ]
    ],
    "last_action_method": "return_last_retrieved_list",
    "curr_top_k_docIDs": [
        "428",
        "232",
        "310",
        "407",
        "283",
        "405",
        "497",
        "177",
        "96",
        "178"
    ],
    "terminate": true,
    "state_history": [
        {
            "queries": [
                "Best cities to visit for cultural experiences"
            ],
            "iteration": 0
        },
        {
            "queries": [
                "Best cities to visit for cultural experiences"
            ],
            "iteration": 0,
            "retrieved_lists": [
                [
                    "428",
                    "232",
                    "310",
                    "407",
                    "283",
                    "405",
                    "497",
                    "177",
                    "96",
                    "178"
                ]
            ],
            "all_sim_scores": [
                [
                    0.3832073509693146,
                    0.37931498885154724,
                    0.37154895067214966,
                    0.3676953911781311,
                    0.36258286237716675,
                    0.3615921437740326,
                    0.3578224778175354,
                    0.35679906606674194,
                    0.35624930262565613,
                    0.3555915355682373
                ]
            ],
            "last_action_method": "rank"
        },
        {
            "queries": [
                "Best cities to visit for cultural experiences"
            ],
            "iteration": 0,
            "retrieved_lists": [
                [
                    "428",
                    "232",
                    "310",
                    "407",
                    "283",
                    "405",
                    "497",
                    "177",
                    "96",
                    "178"
                ]
            ],
            "all_sim_scores": [
                [
                    0.3832073509693146,
                    0.37931498885154724,
                    0.37154895067214966,
                    0.3676953911781311,
                    0.36258286237716675,
                    0.3615921437740326,
                    0.3578224778175354,
                    0.35679906606674194,
                    0.35624930262565613,
                    0.3555915355682373
                ]
            ],
            "last_action_method": "return_last_retrieved_list",
            "curr_top_k_docIDs": [
                "428",
                "232",
                "310",
                "407",
                "283",
                "405",
                "497",
                "177",
                "96",
                "178"
            ],
            "terminate": true
        }
    ]
}