{
    "queries": [
        "Culinary cities for food lovers"
    ],
    "iteration": 0,
    "retrieved_lists": [
        [
            "168",
            "352",
            "492",
            "105",
            "96",
            "320",
            "74",
            "120",
            "516",
            "251"
        ]
    ],
    "all_sim_scores": [
        [
            0.599804699420929,
            0.5995782017707825,
            0.5966176986694336,
            0.5941746830940247,
            0.5936787128448486,
            0.5927882194519043,
            0.591241717338562,
            0.5910091400146484,
            0.589108943939209,
            0.57798171043396
        ]
    ],
    "last_action_method": "return_last_retrieved_list",
    "curr_top_k_docIDs": [
        "168",
        "352",
        "492",
        "105",
        "96",
        "320",
        "74",
        "120",
        "516",
        "251"
    ],
    "terminate": true,
    "state_history": [
        {
            "queries": [
                "Culinary cities for food lovers"
            ],
            "iteration": 0
        },
        {
            "queries": [
                "Culinary cities for food lovers"
            ],
            "iteration": 0,
            "retrieved_lists": [
                [
                    "168",
                    "352",
                    "492",
                    "105",
                    "96",
                    "320",
                    "74",
                    "120",
                    "516",
                    "251"
                ]
            ],
            "all_sim_scores": [
                [
                    0.599804699420929,
                    0.5995782017707825,
                    0.5966176986694336,
                    0.5941746830940247,
                    0.5936787128448486,
                    0.5927882194519043,
                    0.591241717338562,
                    0.5910091400146484,
                    0.589108943939209,
                    0.57798171043396
                ]
            ],
            "last_action_method": "rank"
        },
        {
            "queries": [
                "Culinary cities for food lovers"
            ],
            "iteration": 0,
            "retrieved_lists": [
                [
                    "168",
                    "352",
                    "492",
                    "105",
                    "96",
                    "320",
                    "74",
                    "120",
                    "516",
                    "251"
                ]
            ],
            "all_sim_scores": [
                [
                    0.599804699420929,
                    0.5995782017707825,
                    0.5966176986694336,
                    0.5941746830940247,
                    0.5936787128448486,
                    0.5927882194519043,
                    0.591241717338562,
                    0.5910091400146484,
                    0.589108943939209,
                    0.57798171043396
                ]
            ],
            "last_action_method": "return_last_retrieved_list",
            "curr_top_k_docIDs": [
                "168",
                "352",
                "492",
                "105",
                "96",
                "320",
                "74",
                "120",
                "516",
                "251"
            ],
            "terminate": true
        }
    ]
}