{
    "queries": [
        "what is the series ozark about on netflix"
    ],
    "iteration": 0,
    "retrieved_lists": [
        [
            "doc89434",
            "doc169899",
            "doc2420016",
            "doc706678",
            "doc161078",
            "doc487937",
            "doc449622",
            "doc2672363",
            "doc1743630",
            "doc1168211",
            "doc546776",
            "doc1054262",
            "doc191609",
            "doc58676",
            "doc2287211",
            "doc1778999",
            "doc2676804",
            "doc2065966",
            "doc1759147",
            "doc1883676",
            "doc1886249",
            "doc1509072",
            "doc1475339",
            "doc1018671",
            "doc492237",
            "doc1465388",
            "doc1810763",
            "doc176593",
            "doc2419980",
            "doc1499313",
            "doc1648584",
            "doc1504114",
            "doc911474",
            "doc2609481",
            "doc1834542",
            "doc455757",
            "doc1571777",
            "doc1119558",
            "doc862887",
            "doc492055",
            "doc2442864",
            "doc739432",
            "doc1303709",
            "doc941626",
            "doc1018686",
            "doc2528732",
            "doc2113273",
            "doc2481022",
            "doc93992",
            "doc178850",
            "doc1571417",
            "doc1181149",
            "doc7260",
            "doc2669234",
            "doc1463526",
            "doc1893947",
            "doc2222695",
            "doc101544",
            "doc1915406",
            "doc756202"
        ]
    ],
    "all_sim_scores": [
        [
            0.7438543438911438,
            0.4426131844520569,
            0.4295695424079895,
            0.4016025960445404,
            0.37740951776504517,
            0.34140998125076294,
            0.34128129482269287,
            0.338022917509079,
            0.328874796628952,
            0.32816824316978455,
            0.32745957374572754,
            0.3273329436779022,
            0.32402098178863525,
            0.3213614225387573,
            0.3205799460411072,
            0.3166458010673523,
            0.31183552742004395,
            0.3113798201084137,
            0.31120219826698303,
            0.310028076171875,
            0.30841144919395447,
            0.3074588179588318,
            0.30735939741134644,
            0.30626675486564636,
            0.30252596735954285,
            0.30175596475601196,
            0.299888014793396,
            0.298919141292572,
            0.2952568531036377,
            0.29428598284721375,
            0.2942805886268616,
            0.29203563928604126,
            0.2917928099632263,
            0.2890913486480713,
            0.28691792488098145,
            0.2864929139614105,
            0.286414235830307,
            0.28533458709716797,
            0.2844640612602234,
            0.28301921486854553,
            0.2811339497566223,
            0.2808224558830261,
            0.2792401611804962,
            0.27922171354293823,
            0.2790835499763489,
            0.279023677110672,
            0.2786291241645813,
            0.2783729135990143,
            0.278214693069458,
            0.27530282735824585,
            0.2736189663410187,
            0.27336645126342773,
            0.2721666395664215,
            0.27107179164886475,
            0.2703319191932678,
            0.26970672607421875,
            0.2695390582084656,
            0.2685968279838562,
            0.2682047486305237,
            0.26738110184669495
        ]
    ],
    "last_action_method": "return_last_retrieved_list",
    "curr_top_k_docIDs": [
        "doc89434",
        "doc169899",
        "doc2420016",
        "doc706678",
        "doc161078",
        "doc487937",
        "doc449622",
        "doc2672363",
        "doc1743630",
        "doc1168211",
        "doc546776",
        "doc1054262",
        "doc191609",
        "doc58676",
        "doc2287211",
        "doc1778999",
        "doc2676804",
        "doc2065966",
        "doc1759147",
        "doc1883676",
        "doc1886249",
        "doc1509072",
        "doc1475339",
        "doc1018671",
        "doc492237",
        "doc1465388",
        "doc1810763",
        "doc176593",
        "doc2419980",
        "doc1499313",
        "doc1648584",
        "doc1504114",
        "doc911474",
        "doc2609481",
        "doc1834542",
        "doc455757",
        "doc1571777",
        "doc1119558",
        "doc862887",
        "doc492055",
        "doc2442864",
        "doc739432",
        "doc1303709",
        "doc941626",
        "doc1018686",
        "doc2528732",
        "doc2113273",
        "doc2481022",
        "doc93992",
        "doc178850",
        "doc1571417",
        "doc1181149",
        "doc7260",
        "doc2669234",
        "doc1463526",
        "doc1893947",
        "doc2222695",
        "doc101544",
        "doc1915406",
        "doc756202"
    ],
    "terminate": true,
    "state_history": [
        {
            "queries": [
                "what is the series ozark about on netflix"
            ],
            "iteration": 0
        },
        {
            "queries": [
                "what is the series ozark about on netflix"
            ],
            "iteration": 0,
            "retrieved_lists": [
                [
                    "doc89434",
                    "doc169899",
                    "doc2420016",
                    "doc706678",
                    "doc161078",
                    "doc487937",
                    "doc449622",
                    "doc2672363",
                    "doc1743630",
                    "doc1168211",
                    "doc546776",
                    "doc1054262",
                    "doc191609",
                    "doc58676",
                    "doc2287211",
                    "doc1778999",
                    "doc2676804",
                    "doc2065966",
                    "doc1759147",
                    "doc1883676",
                    "doc1886249",
                    "doc1509072",
                    "doc1475339",
                    "doc1018671",
                    "doc492237",
                    "doc1465388",
                    "doc1810763",
                    "doc176593",
                    "doc2419980",
                    "doc1499313",
                    "doc1648584",
                    "doc1504114",
                    "doc911474",
                    "doc2609481",
                    "doc1834542",
                    "doc455757",
                    "doc1571777",
                    "doc1119558",
                    "doc862887",
                    "doc492055",
                    "doc2442864",
                    "doc739432",
                    "doc1303709",
                    "doc941626",
                    "doc1018686",
                    "doc2528732",
                    "doc2113273",
                    "doc2481022",
                    "doc93992",
                    "doc178850",
                    "doc1571417",
                    "doc1181149",
                    "doc7260",
                    "doc2669234",
                    "doc1463526",
                    "doc1893947",
                    "doc2222695",
                    "doc101544",
                    "doc1915406",
                    "doc756202"
                ]
            ],