{
    "queries": [
        "Family friendly cities for vacations"
    ],
    "iteration": 0,
    "retrieved_lists": [
        [
            "303",
            "320",
            "347",
            "415",
            "199",
            "92",
            "497",
            "226",
            "338",
            "319"
        ]
    ],
    "all_sim_scores": [
        [
            0.3761170208454132,
            0.374297559261322,
            0.37366196513175964,
            0.3721410036087036,
            0.36475661396980286,
            0.35872480273246765,
            0.35737940669059753,
            0.3566415309906006,
            0.352070152759552,
            0.3497885763645172
        ]
    ],
    "last_action_method": "return_last_retrieved_list",
    "curr_top_k_docIDs": [
        "303",
        "320",
        "347",
        "415",
        "199",
        "92",
        "497",
        "226",
        "338",
        "319"
    ],
    "terminate": true,
    "state_history": [
        {
            "queries": [
                "Family friendly cities for vacations"
            ],
            "iteration": 0
        },
        {
            "queries": [
                "Family friendly cities for vacations"
            ],
            "iteration": 0,
            "retrieved_lists": [
                [
                    "303",
                    "320",
                    "347",
                    "415",
                    "199",
                    "92",
                    "497",
                    "226",
                    "338",
                    "319"
                ]
            ],
            "all_sim_scores": [
                [
                    0.3761170208454132,
                    0.374297559261322,
                    0.37366196513175964,
                    0.3721410036087036,
                    0.36475661396980286,
                    0.35872480273246765,
                    0.35737940669059753,
                    0.3566415309906006,
                    0.352070152759552,
                    0.3497885763645172
                ]
            ],
            "last_action_method": "rank"
        },
        {
            "queries": [
                "Family friendly cities for vacations"
            ],
            "iteration": 0,
            "retrieved_lists": [
                [
                    "303",
                    "320",
                    "347",
                    "415",
                    "199",
                    "92",
                    "497",
                    "226",
                    "338",
                    "319"
                ]
            ],
            "all_sim_scores": [
                [
                    0.3761170208454132,
                    0.374297559261322,
                    0.37366196513175964,
                    0.3721410036087036,
                    0.36475661396980286,
                    0.35872480273246765,
                    0.35737940669059753,
                    0.3566415309906006,
                    0.352070152759552,
                    0.3497885763645172
                ]
            ],
            "last_action_method": "return_last_retrieved_list",
            "curr_top_k_docIDs": [
                "303",
                "320",
                "347",
                "415",
                "199",
                "92",
                "497",
                "226",
                "338",
                "319"
            ],
            "terminate": true
        }
    ]
}