{
    "queries": [
        "men of mayhem wallet"
    ],
    "iteration": 0,
    "retrieved_lists": [
        [
            "391806",
            "974375",
            "661493",
            "978843",
            "933602",
            "38957",
            "561342",
            "21349",
            "1424720",
            "1089079"
        ]
    ],
    "all_sim_scores": [
        [
            0.6766613125801086,
            0.6692082285881042,
            0.6583738327026367,
            0.6562530994415283,
            0.6541365385055542,
            0.6539099812507629,
            0.6495501399040222,
            0.6439789533615112,
            0.6299359798431396,
            0.62943434715271
        ]
    ],
    "last_action_method": "return_last_retrieved_list",
    "curr_top_k_docIDs": [
        "391806",
        "974375",
        "661493",
        "978843",
        "933602",
        "38957",
        "561342",
        "21349",
        "1424720",
        "1089079"
    ],
    "terminate": true,
    "state_history": [
        {
            "queries": [
                "men of mayhem wallet"
            ],
            "iteration": 0
        },
        {
            "queries": [
                "men of mayhem wallet"
            ],
            "iteration": 0,
            "retrieved_lists": [
                [
                    "391806",
                    "974375",
                    "661493",
                    "978843",
                    "933602",
                    "38957",
                    "561342",
                    "21349",
                    "1424720",
                    "1089079"
                ]
            ],
            "all_sim_scores": [
                [
                    0.6766613125801086,
                    0.6692082285881042,
                    0.6583738327026367,
                    0.6562530994415283,
                    0.6541365385055542,
                    0.6539099812507629,
                    0.6495501399040222,
                    0.6439789533615112,
                    0.6299359798431396,
                    0.62943434715271
                ]
            ],
            "last_action_method": "rank"
        },
        {
            "queries": [
                "men of mayhem wallet"
            ],
            "iteration": 0,
            "retrieved_lists": [
                [
                    "391806",
                    "974375",
                    "661493",
                    "978843",
                    "933602",
                    "38957",
                    "561342",
                    "21349",
                    "1424720",
                    "1089079"
                ]
            ],
            "all_sim_scores": [
                [
                    0.6766613125801086,
                    0.6692082285881042,
                    0.6583738327026367,
                    0.6562530994415283,
                    0.6541365385055542,
                    0.6539099812507629,
                    0.6495501399040222,
                    0.6439789533615112,
                    0.6299359798431396,
                    0.62943434715271
                ]
            ],
            "last_action_method": "return_last_retrieved_list",
            "curr_top_k_docIDs": [
                "391806",
                "974375",
                "661493",
                "978843",
                "933602",
                "38957",
                "561342",
                "21349",
                "1424720",
                "1089079"
            ],
            "terminate": true
        }
    ]
}