{
    "queries": [
        "dorm safe"
    ],
    "iteration": 0,
    "retrieved_lists": [
        [
            "64224",
            "1411733",
            "1536882",
            "648090",
            "194769",
            "1455568",
            "249631",
            "1377883",
            "644929",
            "496757"
        ]
    ],
    "all_sim_scores": [
        [
            0.802043080329895,
            0.8009523153305054,
            0.7635767459869385,
            0.7574789524078369,
            0.7542979717254639,
            0.7104055285453796,
            0.7075169086456299,
            0.7000312805175781,
            0.6912124156951904,
            0.6909523010253906
        ]
    ],
    "last_action_method": "return_last_retrieved_list",
    "curr_top_k_docIDs": [
        "64224",
        "1411733",
        "1536882",
        "648090",
        "194769",
        "1455568",
        "249631",
        "1377883",
        "644929",
        "496757"
    ],
    "terminate": true,
    "state_history": [
        {
            "queries": [
                "dorm safe"
            ],
            "iteration": 0
        },
        {
            "queries": [
                "dorm safe"
            ],
            "iteration": 0,
            "retrieved_lists": [
                [
                    "64224",
                    "1411733",
                    "1536882",
                    "648090",
                    "194769",
                    "1455568",
                    "249631",
                    "1377883",
                    "644929",
                    "496757"
                ]
            ],
            "all_sim_scores": [
                [
                    0.802043080329895,
                    0.8009523153305054,
                    0.7635767459869385,
                    0.7574789524078369,
                    0.7542979717254639,
                    0.7104055285453796,
                    0.7075169086456299,
                    0.7000312805175781,
                    0.6912124156951904,
                    0.6909523010253906
                ]
            ],
            "last_action_method": "rank"
        },
        {
            "queries": [
                "dorm safe"
            ],
            "iteration": 0,
            "retrieved_lists": [
                [
                    "64224",
                    "1411733",
                    "1536882",
                    "648090",
                    "194769",
                    "1455568",
                    "249631",
                    "1377883",
                    "644929",
                    "496757"
                ]
            ],
            "all_sim_scores": [
                [
                    0.802043080329895,
                    0.8009523153305054,
                    0.7635767459869385,
                    0.7574789524078369,
                    0.7542979717254639,
                    0.7104055285453796,
                    0.7075169086456299,
                    0.7000312805175781,
                    0.6912124156951904,
                    0.6909523010253906
                ]
            ],
            "last_action_method": "return_last_retrieved_list",
            "curr_top_k_docIDs": [
                "64224",
                "1411733",
                "1536882",
                "648090",
                "194769",
                "1455568",
                "249631",
                "1377883",
                "644929",
                "496757"
            ],
            "terminate": true
        }
    ]
}