{
    "queries": [
        "I want to relax on beautiful beaches"
    ],
    "iteration": 0,
    "retrieved_lists": [
        [
            "539",
            "303",
            "366",
            "402",
            "264",
            "398",
            "293",
            "340",
            "6",
            "124"
        ]
    ],
    "all_sim_scores": [
        [
            0.36249640583992004,
            0.3088477551937103,
            0.3071850836277008,
            0.3037561774253845,
            0.29842913150787354,
            0.29324454069137573,
            0.2831886410713196,
            0.280842125415802,
            0.27475351095199585,
            0.2697524428367615
        ]
    ],
    "last_action_method": "return_last_retrieved_list",
    "curr_top_k_docIDs": [
        "539",
        "303",
        "366",
        "402",
        "264",
        "398",
        "293",
        "340",
        "6",
        "124"
    ],
    "terminate": true,
    "state_history": [
        {
            "queries": [
                "I want to relax on beautiful beaches"
            ],
            "iteration": 0
        },
        {
            "queries": [
                "I want to relax on beautiful beaches"
            ],
            "iteration": 0,
            "retrieved_lists": [
                [
                    "539",
                    "303",
                    "366",
                    "402",
                    "264",
                    "398",
                    "293",
                    "340",
                    "6",
                    "124"
                ]
            ],
            "all_sim_scores": [
                [
                    0.36249640583992004,
                    0.3088477551937103,
                    0.3071850836277008,
                    0.3037561774253845,
                    0.29842913150787354,
                    0.29324454069137573,
                    0.2831886410713196,
                    0.280842125415802,
                    0.27475351095199585,
                    0.2697524428367615
                ]
            ],
            "last_action_method": "rank"
        },
        {
            "queries": [
                "I want to relax on beautiful beaches"
            ],
            "iteration": 0,
            "retrieved_lists": [
                [
                    "539",
                    "303",
                    "366",
                    "402",
                    "264",
                    "398",
                    "293",
                    "340",
                    "6",
                    "124"
                ]
            ],
            "all_sim_scores": [
                [
                    0.36249640583992004,
                    0.3088477551937103,
                    0.3071850836277008,
                    0.3037561774253845,
                    0.29842913150787354,
                    0.29324454069137573,
                    0.2831886410713196,
                    0.280842125415802,
                    0.27475351095199585,
                    0.2697524428367615
                ]
            ],
            "last_action_method": "return_last_retrieved_list",
            "curr_top_k_docIDs": [
                "539",
                "303",
                "366",
                "402",
                "264",
                "398",
                "293",
                "340",
                "6",
                "124"
            ],
            "terminate": true
        }
    ]
}