{
    "queries": [
        "who controls the consolidated fund of the state"
    ],
    "iteration": 0,
    "retrieved_lists": [
        [
            "doc17068",
            "doc1068981",
            "doc2489877",
            "doc1841708",
            "doc2545848",
            "doc2187437",
            "doc334418",
            "doc551290",
            "doc2489689",
            "doc1863117",
            "doc170218",
            "doc2149160",
            "doc551337",
            "doc901749",
            "doc980900",
            "doc574402",
            "doc493556",
            "doc1495580",
            "doc778781",
            "doc316443",
            "doc942468",
            "doc686488",
            "doc1032106",
            "doc2431325",
            "doc1913732",
            "doc856083",
            "doc718462",
            "doc2631746",
            "doc1119551",
            "doc2444073",
            "doc1287876",
            "doc619629",
            "doc1024660",
            "doc1312792",
            "doc1653631",
            "doc1304529",
            "doc639294",
            "doc1702509",
            "doc263441",
            "doc2480237",
            "doc1410500",
            "doc2520787",
            "doc2551851",
            "doc100832",
            "doc1243205",
            "doc2275491",
            "doc1057270",
            "doc1535236",
            "doc275067",
            "doc2151303",
            "doc2460826",
            "doc49321",
            "doc672705",
            "doc922683",
            "doc15927",
            "doc356932",
            "doc2463299",
            "doc2527527",
            "doc691861",
            "doc126861"
        ]
    ],
    "all_sim_scores": [
        [
            0.6301704049110413,
            0.5357577800750732,
            0.4892091453075409,
            0.44132477045059204,
            0.41373831033706665,
            0.4073614776134491,
            0.390919029712677,
            0.3804140090942383,
            0.37899839878082275,
            0.37602701783180237,
            0.3727264106273651,
            0.3714449405670166,
            0.36953580379486084,
            0.3666554391384125,
            0.365909218788147,
            0.3614121377468109,
            0.36109012365341187,
            0.35716378688812256,
            0.3526412844657898,
            0.34924641251564026,
            0.3472450375556946,
            0.34663257002830505,
            0.34488189220428467,
            0.34034207463264465,
            0.33834534883499146,
            0.3361838757991791,
            0.3342953622341156,
            0.3338674306869507,
            0.3337530493736267,
            0.3327714204788208,
            0.3305279314517975,
            0.3301560878753662,
            0.3298816978931427,
            0.328574001789093,
            0.32767432928085327,
            0.3248217701911926,
            0.3227818012237549,
            0.3202515244483948,
            0.3201300799846649,
            0.3184065818786621,
            0.3172151446342468,
            0.31676235795021057,
            0.3155871331691742,
            0.31499314308166504,
            0.3112536072731018,
            0.30968979001045227,
            0.3077211380004883,
            0.30384954810142517,
            0.3036678433418274,
            0.30328860878944397,
            0.3017413318157196,
            0.3002997040748596,
            0.3001629114151001,
            0.30002403259277344,
            0.29930412769317627,
            0.2977220118045807,
            0.29714012145996094,
            0.2961325943470001,
            0.29523342847824097,
            0.2927718758583069
        ]
    ],
    "last_action_method": "return_last_retrieved_list",
    "curr_top_k_docIDs": [
        "doc17068",
        "doc1068981",
        "doc2489877",
        "doc1841708",
        "doc2545848",
        "doc2187437",
        "doc334418",
        "doc551290",
        "doc2489689",
        "doc1863117",
        "doc170218",
        "doc2149160",
        "doc551337",
        "doc901749",
        "doc980900",
        "doc574402",
        "doc493556",
        "doc1495580",
        "doc778781",
        "doc316443",
        "doc942468",
        "doc686488",
        "doc1032106",
        "doc2431325",
        "doc1913732",
        "doc856083",
        "doc718462",
        "doc2631746",
        "doc1119551",
        "doc2444073",
        "doc1287876",
        "doc619629",
        "doc1024660",
        "doc1312792",
        "doc1653631",
        "doc1304529",
        "doc639294",
        "doc1702509",
        "doc263441",
        "doc2480237",
        "doc1410500",
        "doc2520787",
        "doc2551851",
        "doc100832",
        "doc1243205",
        "doc2275491",
        "doc1057270",
        "doc1535236",
        "doc275067",
        "doc2151303",
        "doc2460826",
        "doc49321",
        "doc672705",
        "doc922683",
        "doc15927",
        "doc356932",
        "doc2463299",
        "doc2527527",
        "doc691861",
        "doc126861"
    ],
    "terminate": true,
    "state_history": [
        {
            "queries": [
                "who controls the consolidated fund of the state"
            ],
            "iteration": 0
        },
        {
            "queries": [
                "who controls the consolidated fund of the state"
            ],
            "iteration": 0,
            "retrieved_lists": [
                [
                    "doc17068",
                    "doc1068981",
                    "doc2489877",
                    "doc1841708",
                    "doc2545848",
                    "doc2187437",
                    "doc334418",
                    "doc551290",
                    "doc2489689",
                    "doc1863117",
                    "doc170218",
                    "doc2149160",
                    "doc551337",
                    "doc901749",
                    "doc980900",
                    "doc574402",
                    "doc493556",
                    "doc1495580",
                    "doc778781",
                    "doc316443",
                    "doc942468",
                    "doc686488",
                    "doc1032106",
                    "doc2431325",
                    "doc1913732",
                    "doc856083",
                    "doc718462",
                    "doc2631746",
                    "doc1119551",
                    "doc2444073",
                    "doc1287876",
                    "doc619629",
                    "doc1024660",
                    "doc1312792",
                    "doc1653631",
                    "doc1304529",
                    "doc639294",
                    "doc1702509",
                    "doc263441",
                    "doc2480237",
                    "doc1410500",
                    "doc2520787",
                    "doc2551851",
                    "doc100832",
                    "doc1243205",
                    "doc2275491",
                    "doc1057270",
                    "doc1535236",
                    "doc275067",
                    "doc2151303",
                    "doc2460826",
                    "doc49321",
                    "doc672705",
                    "doc922683",
                    "doc15927",
                    "doc356932",
                    "doc2463299",
                    "doc2527527",
                    "doc691861",
                    "doc126861"
                ]
            ],