{
    "queries": [
        "Recommended cities for company teambuilding"
    ],
    "iteration": 0,
    "retrieved_lists": [
        [
            "52",
            "120",
            "401",
            "423",
            "109",
            "392",
            "365",
            "385",
            "71",
            "251"
        ]
    ],
    "all_sim_scores": [
        [
            0.6260271668434143,
            0.6210838556289673,
            0.6207532286643982,
            0.6153189539909363,
            0.6103271842002869,
            0.6054123640060425,
            0.6048392653465271,
            0.6046404838562012,
            0.6039446592330933,
            0.6028076410293579
        ]
    ],
    "last_action_method": "return_last_retrieved_list",
    "curr_top_k_docIDs": [
        "52",
        "120",
        "401",
        "423",
        "109",
        "392",
        "365",
        "385",
        "71",
        "251"
    ],
    "terminate": true,
    "state_history": [
        {
            "queries": [
                "Recommended cities for company teambuilding"
            ],
            "iteration": 0
        },
        {
            "queries": [
                "Recommended cities for company teambuilding"
            ],
            "iteration": 0,
            "retrieved_lists": [
                [
                    "52",
                    "120",
                    "401",
                    "423",
                    "109",
                    "392",
                    "365",
                    "385",
                    "71",
                    "251"
                ]
            ],
            "all_sim_scores": [
                [
                    0.6260271668434143,
                    0.6210838556289673,
                    0.6207532286643982,
                    0.6153189539909363,
                    0.6103271842002869,
                    0.6054123640060425,
                    0.6048392653465271,
                    0.6046404838562012,
                    0.6039446592330933,
                    0.6028076410293579
                ]
            ],
            "last_action_method": "rank"
        },
        {
            "queries": [
                "Recommended cities for company teambuilding"
            ],
            "iteration": 0,
            "retrieved_lists": [
                [
                    "52",
                    "120",
                    "401",
                    "423",
                    "109",
                    "392",
                    "365",
                    "385",
                    "71",
                    "251"
                ]
            ],
            "all_sim_scores": [
                [
                    0.6260271668434143,
                    0.6210838556289673,
                    0.6207532286643982,
                    0.6153189539909363,
                    0.6103271842002869,
                    0.6054123640060425,
                    0.6048392653465271,
                    0.6046404838562012,
                    0.6039446592330933,
                    0.6028076410293579
                ]
            ],
            "last_action_method": "return_last_retrieved_list",
            "curr_top_k_docIDs": [
                "52",
                "120",
                "401",
                "423",
                "109",
                "392",
                "365",
                "385",
                "71",
                "251"
            ],
            "terminate": true
        }
    ]
}