{
    "queries": [
        "who plays noah newman on the young and the restless"
    ],
    "iteration": 0,
    "retrieved_lists": [
        [
            "doc38780",
            "doc808642",
            "doc1817624",
            "doc1958777",
            "doc1505484",
            "doc1660975",
            "doc868036",
            "doc204534",
            "doc2146870",
            "doc2314282",
            "doc229875",
            "doc2551041",
            "doc1501329",
            "doc618746",
            "doc2211118",
            "doc678398",
            "doc2668614",
            "doc293728",
            "doc1702538",
            "doc1617749",
            "doc1913253",
            "doc1330111",
            "doc1816053",
            "doc1735421",
            "doc2278279",
            "doc1129186",
            "doc1054262",
            "doc534447",
            "doc162322",
            "doc78508",
            "doc367594",
            "doc2450688",
            "doc1004824",
            "doc2010039",
            "doc459787",
            "doc392774",
            "doc2477067",
            "doc2639970",
            "doc58462",
            "doc2392405",
            "doc154365",
            "doc2281197",
            "doc1535946",
            "doc2235263",
            "doc1484951",
            "doc1247669",
            "doc697513",
            "doc590155",
            "doc448870",
            "doc1811908",
            "doc1099282",
            "doc1802247",
            "doc2664140",
            "doc1269571",
            "doc2164954",
            "doc25608",
            "doc757752",
            "doc1795728",
            "doc70506",
            "doc1040628"
        ]
    ],
    "all_sim_scores": [
        [
            0.6854019165039062,
            0.507565975189209,
            0.4931589365005493,
            0.45264679193496704,
            0.41383883357048035,
            0.39318570494651794,
            0.368358314037323,
            0.358748197555542,
            0.34816092252731323,
            0.34618547558784485,
            0.34565460681915283,
            0.3439028561115265,
            0.33922189474105835,
            0.3381388187408447,
            0.3329429626464844,
            0.32816600799560547,
            0.3204728960990906,
            0.31441059708595276,
            0.3134847581386566,
            0.3129197359085083,
            0.3119410276412964,
            0.31113654375076294,
            0.30314338207244873,
            0.30123794078826904,
            0.2958507537841797,
            0.29504597187042236,
            0.29332074522972107,
            0.29236218333244324,
            0.291861891746521,
            0.29179519414901733,
            0.2900984287261963,
            0.28770095109939575,
            0.28679025173187256,
            0.2863355278968811,
            0.28610387444496155,
            0.2859724462032318,
            0.28335148096084595,
            0.27557408809661865,
            0.27509835362434387,
            0.2744778096675873,
            0.27106577157974243,
            0.26818764209747314,
            0.2638911306858063,
            0.2633705735206604,
            0.2632029950618744,
            0.26031386852264404,
            0.25844597816467285,
            0.2583601176738739,
            0.2568039894104004,
            0.2567894458770752,
            0.25585129857063293,
            0.254975289106369,
            0.25460028648376465,
            0.25269562005996704,
            0.251409113407135,
            0.25130993127822876,
            0.25065502524375916,
            0.25018078088760376,
            0.24978595972061157,
            0.24941948056221008
        ]
    ],
    "last_action_method": "return_last_retrieved_list",
    "curr_top_k_docIDs": [
        "doc38780",
        "doc808642",
        "doc1817624",
        "doc1958777",
        "doc1505484",
        "doc1660975",
        "doc868036",
        "doc204534",
        "doc2146870",
        "doc2314282",
        "doc229875",
        "doc2551041",
        "doc1501329",
        "doc618746",
        "doc2211118",
        "doc678398",
        "doc2668614",
        "doc293728",
        "doc1702538",
        "doc1617749",
        "doc1913253",
        "doc1330111",
        "doc1816053",
        "doc1735421",
        "doc2278279",
        "doc1129186",
        "doc1054262",
        "doc534447",
        "doc162322",
        "doc78508",
        "doc367594",
        "doc2450688",
        "doc1004824",
        "doc2010039",
        "doc459787",
        "doc392774",
        "doc2477067",
        "doc2639970",
        "doc58462",
        "doc2392405",
        "doc154365",
        "doc2281197",
        "doc1535946",
        "doc2235263",
        "doc1484951",
        "doc1247669",
        "doc697513",
        "doc590155",
        "doc448870",
        "doc1811908",
        "doc1099282",
        "doc1802247",
        "doc2664140",
        "doc1269571",
        "doc2164954",
        "doc25608",
        "doc757752",
        "doc1795728",
        "doc70506",
        "doc1040628"
    ],
    "terminate": true,
    "state_history": [
        {
            "queries": [
                "who plays noah newman on the young and the restless"
            ],
            "iteration": 0
        },
        {
            "queries": [
                "who plays noah newman on the young and the restless"
            ],
            "iteration": 0,
            "retrieved_lists": [
                [
                    "doc38780",
                    "doc808642",
                    "doc1817624",
                    "doc1958777",
                    "doc1505484",
                    "doc1660975",
                    "doc868036",
                    "doc204534",
                    "doc2146870",
                    "doc2314282",
                    "doc229875",
                    "doc2551041",
                    "doc1501329",
                    "doc618746",
                    "doc2211118",
                    "doc678398",
                    "doc2668614",
                    "doc293728",
                    "doc1702538",
                    "doc1617749",
                    "doc1913253",
                    "doc1330111",
                    "doc1816053",
                    "doc1735421",
                    "doc2278279",
                    "doc1129186",
                    "doc1054262",
                    "doc534447",
                    "doc162322",
                    "doc78508",
                    "doc367594",
                    "doc2450688",
                    "doc1004824",
                    "doc2010039",
                    "doc459787",
                    "doc392774",
                    "doc2477067",
                    "doc2639970",
                    "doc58462",
                    "doc2392405",
                    "doc154365",
                    "doc2281197",
                    "doc1535946",
                    "doc2235263",
                    "doc1484951",
                    "doc1247669",
                    "doc697513",
                    "doc590155",
                    "doc448870",
                    "doc1811908",
                    "doc1099282",
                    "doc1802247",
                    "doc2664140",
                    "doc1269571",
                    "doc2164954",
                    "doc25608",
                    "doc757752",
                    "doc1795728",
                    "doc70506",
                    "doc1040628"
                ]
            ],