{
    "queries": [
        "Best cities for movie buffs"
    ],
    "iteration": 0,
    "retrieved_lists": [
        [
            "251",
            "320",
            "492",
            "141",
            "120",
            "43",
            "399",
            "516",
            "105",
            "187",
            "237",
            "352",
            "119",
            "400",
            "168",
            "109",
            "520",
            "284",
            "330",
            "201",
            "560",
            "296",
            "349",
            "283",
            "52",
            "265",
            "408",
            "46",
            "16",
            "61",
            "121",
            "81",
            "157",
            "300",
            "44",
            "51",
            "83",
            "380",
            "222",
            "204",
            "478",
            "82",
            "343",
            "378",
            "328",
            "74",
            "339",
            "58",
            "338",
            "365",
            "303",
            "304",
            "53",
            "77",
            "392",
            "382",
            "468",
            "92",
            "280",
            "95"
        ]
    ],
    "all_sim_scores": [
        [
            0.7032308578491211,
            0.6643231511116028,
            0.6617491841316223,
            0.6591651439666748,
            0.6575589179992676,
            0.6448855400085449,
            0.6444696187973022,
            0.6394146680831909,
            0.6386114358901978,
            0.6350598931312561,
            0.6346018314361572,
            0.6328326463699341,
            0.6324658393859863,
            0.6295269727706909,
            0.6290388703346252,
            0.6279736757278442,
            0.6253126263618469,
            0.6247050762176514,
            0.6244950294494629,
            0.6236518621444702,
            0.6216386556625366,
            0.6206488013267517,
            0.6201530694961548,
            0.6176636219024658,
            0.6171219348907471,
            0.6139919757843018,
            0.6116565465927124,
            0.611182689666748,
            0.6107260584831238,
            0.6097820401191711,
            0.6073992252349854,
            0.6059324145317078,
            0.6034485697746277,
            0.6033388376235962,
            0.6032708883285522,
            0.6029723882675171,
            0.6012723445892334,
            0.6012133955955505,
            0.6009305715560913,
            0.6008166074752808,
            0.6007656455039978,
            0.6007393002510071,
            0.600654661655426,
            0.6006057262420654,
            0.6004264950752258,
            0.598605215549469,
            0.5980480313301086,
            0.5973911285400391,
            0.5967952013015747,
            0.5965394973754883,
            0.5953418612480164,
            0.5946487188339233,
            0.5945401191711426,
            0.5943033695220947,
            0.5939244031906128,
            0.5935664176940918,
            0.5930842161178589,
            0.5925858616828918,
            0.5919910669326782,
            0.5919384956359863
        ]
    ],
    "last_action_method": "return_last_retrieved_list",
    "curr_top_k_docIDs": [
        "251",
        "320",
        "492",
        "141",
        "120",
        "43",
        "399",
        "516",
        "105",
        "187",
        "237",
        "352",
        "119",
        "400",
        "168",
        "109",
        "520",
        "284",
        "330",
        "201",
        "560",
        "296",
        "349",
        "283",
        "52",
        "265",
        "408",
        "46",
        "16",
        "61",
        "121",
        "81",
        "157",
        "300",
        "44",
        "51",
        "83",
        "380",
        "222",
        "204",
        "478",
        "82",
        "343",
        "378",
        "328",
        "74",
        "339",
        "58",
        "338",
        "365",
        "303",
        "304",
        "53",
        "77",
        "392",
        "382",
        "468",
        "92",
        "280",
        "95"
    ],
    "terminate": true,
    "state_history": [
        {
            "queries": [
                "Best cities for movie buffs"
            ],
            "iteration": 0
        },
        {
            "queries": [
                "Best cities for movie buffs"
            ],
            "iteration": 0,
            "retrieved_lists": [
                [
                    "251",
                    "320",
                    "492",
                    "141",
                    "120",
                    "43",
                    "399",
                    "516",
                    "105",
                    "187",
                    "237",
                    "352",
                    "119",
                    "400",
                    "168",
                    "109",
                    "520",
                    "284",
                    "330",
                    "201",
                    "560",
                    "296",
                    "349",
                    "283",
                    "52",
                    "265",
                    "408",
                    "46",
                    "16",
                    "61",
                    "121",
                    "81",
                    "157",
                    "300",
                    "44",
                    "51",
                    "83",
                    "380",
                    "222",
                    "204",
                    "478",
                    "82",
                    "343",
                    "378",
                    "328",
                    "74",
                    "339",
                    "58",
                    "338",
                    "365",
                    "303",
                    "304",
                    "53",
                    "77",
                    "392",
                    "382",
                    "468",
                    "92",
                    "280",
                    "95"
                ]
            ],