{
    "queries": [
        "windex without ammonia"
    ],
    "iteration": 0,
    "retrieved_lists": [
        [
            "381664",
            "320553",
            "374866",
            "1302939",
            "1600943",
            "577742",
            "1195583",
            "1550610",
            "458707",
            "1394547"
        ]
    ],
    "all_sim_scores": [
        [
            0.7673728466033936,
            0.7617568969726562,
            0.7522859573364258,
            0.7507576942443848,
            0.7411882281303406,
            0.7321165204048157,
            0.7277209162712097,
            0.719468355178833,
            0.7150166034698486,
            0.7106038331985474
        ]
    ],
    "last_action_method": "return_last_retrieved_list",
    "curr_top_k_docIDs": [
        "381664",
        "320553",
        "374866",
        "1302939",
        "1600943",
        "577742",
        "1195583",
        "1550610",
        "458707",
        "1394547"
    ],
    "terminate": true,
    "state_history": [
        {
            "queries": [
                "windex without ammonia"
            ],
            "iteration": 0
        },
        {
            "queries": [
                "windex without ammonia"
            ],
            "iteration": 0,
            "retrieved_lists": [
                [
                    "381664",
                    "320553",
                    "374866",
                    "1302939",
                    "1600943",
                    "577742",
                    "1195583",
                    "1550610",
                    "458707",
                    "1394547"
                ]
            ],
            "all_sim_scores": [
                [
                    0.7673728466033936,
                    0.7617568969726562,
                    0.7522859573364258,
                    0.7507576942443848,
                    0.7411882281303406,
                    0.7321165204048157,
                    0.7277209162712097,
                    0.719468355178833,
                    0.7150166034698486,
                    0.7106038331985474
                ]
            ],
            "last_action_method": "rank"
        },
        {
            "queries": [
                "windex without ammonia"
            ],
            "iteration": 0,
            "retrieved_lists": [
                [
                    "381664",
                    "320553",
                    "374866",
                    "1302939",
                    "1600943",
                    "577742",
                    "1195583",
                    "1550610",
                    "458707",
                    "1394547"
                ]
            ],
            "all_sim_scores": [
                [
                    0.7673728466033936,
                    0.7617568969726562,
                    0.7522859573364258,
                    0.7507576942443848,
                    0.7411882281303406,
                    0.7321165204048157,
                    0.7277209162712097,
                    0.719468355178833,
                    0.7150166034698486,
                    0.7106038331985474
                ]
            ],
            "last_action_method": "return_last_retrieved_list",
            "curr_top_k_docIDs": [
                "381664",
                "320553",
                "374866",
                "1302939",
                "1600943",
                "577742",
                "1195583",
                "1550610",
                "458707",
                "1394547"
            ],
            "terminate": true
        }
    ]
}