{
    "queries": [
        "Best cities for an anniversary celebration"
    ],
    "iteration": 0,
    "retrieved_lists": [
        [
            "283",
            "199",
            "320",
            "400",
            "497",
            "407",
            "160",
            "204",
            "237",
            "415"
        ]
    ],
    "all_sim_scores": [
        [
            0.3828659951686859,
            0.38002416491508484,
            0.3744414150714874,
            0.3653982877731323,
            0.3587593734264374,
            0.3567834198474884,
            0.3551201820373535,
            0.3526298701763153,
            0.35166633129119873,
            0.35145699977874756
        ]
    ],
    "last_action_method": "return_last_retrieved_list",
    "curr_top_k_docIDs": [
        "283",
        "199",
        "320",
        "400",
        "497",
        "407",
        "160",
        "204",
        "237",
        "415"
    ],
    "terminate": true,
    "state_history": [
        {
            "queries": [
                "Best cities for an anniversary celebration"
            ],
            "iteration": 0
        },
        {
            "queries": [
                "Best cities for an anniversary celebration"
            ],
            "iteration": 0,
            "retrieved_lists": [
                [
                    "283",
                    "199",
                    "320",
                    "400",
                    "497",
                    "407",
                    "160",
                    "204",
                    "237",
                    "415"
                ]
            ],
            "all_sim_scores": [
                [
                    0.3828659951686859,
                    0.38002416491508484,
                    0.3744414150714874,
                    0.3653982877731323,
                    0.3587593734264374,
                    0.3567834198474884,
                    0.3551201820373535,
                    0.3526298701763153,
                    0.35166633129119873,
                    0.35145699977874756
                ]
            ],
            "last_action_method": "rank"
        },
        {
            "queries": [
                "Best cities for an anniversary celebration"
            ],
            "iteration": 0,
            "retrieved_lists": [
                [
                    "283",
                    "199",
                    "320",
                    "400",
                    "497",
                    "407",
                    "160",
                    "204",
                    "237",
                    "415"
                ]
            ],
            "all_sim_scores": [
                [
                    0.3828659951686859,
                    0.38002416491508484,
                    0.3744414150714874,
                    0.3653982877731323,
                    0.3587593734264374,
                    0.3567834198474884,
                    0.3551201820373535,
                    0.3526298701763153,
                    0.35166633129119873,
                    0.35145699977874756
                ]
            ],
            "last_action_method": "return_last_retrieved_list",
            "curr_top_k_docIDs": [
                "283",
                "199",
                "320",
                "400",
                "497",
                "407",
                "160",
                "204",
                "237",
                "415"
            ],
            "terminate": true
        }
    ]
}