{
    "queries": [
        "light bulb socket"
    ],
    "iteration": 0,
    "retrieved_lists": [
        [
            "475302",
            "1031141",
            "229492",
            "590969",
            "73364",
            "1531421",
            "947854",
            "1543727",
            "1243408",
            "766242"
        ]
    ],
    "all_sim_scores": [
        [
            0.7488413453102112,
            0.7469016909599304,
            0.7197295427322388,
            0.7118759155273438,
            0.7096226811408997,
            0.7017732858657837,
            0.7002633213996887,
            0.6992470026016235,
            0.6968692541122437,
            0.6943404078483582
        ]
    ],
    "last_action_method": "return_last_retrieved_list",
    "curr_top_k_docIDs": [
        "475302",
        "1031141",
        "229492",
        "590969",
        "73364",
        "1531421",
        "947854",
        "1543727",
        "1243408",
        "766242"
    ],
    "terminate": true,
    "state_history": [
        {
            "queries": [
                "light bulb socket"
            ],
            "iteration": 0
        },
        {
            "queries": [
                "light bulb socket"
            ],
            "iteration": 0,
            "retrieved_lists": [
                [
                    "475302",
                    "1031141",
                    "229492",
                    "590969",
                    "73364",
                    "1531421",
                    "947854",
                    "1543727",
                    "1243408",
                    "766242"
                ]
            ],
            "all_sim_scores": [
                [
                    0.7488413453102112,
                    0.7469016909599304,
                    0.7197295427322388,
                    0.7118759155273438,
                    0.7096226811408997,
                    0.7017732858657837,
                    0.7002633213996887,
                    0.6992470026016235,
                    0.6968692541122437,
                    0.6943404078483582
                ]
            ],
            "last_action_method": "rank"
        },
        {
            "queries": [
                "light bulb socket"
            ],
            "iteration": 0,
            "retrieved_lists": [
                [
                    "475302",
                    "1031141",
                    "229492",
                    "590969",
                    "73364",
                    "1531421",
                    "947854",
                    "1543727",
                    "1243408",
                    "766242"
                ]
            ],
            "all_sim_scores": [
                [
                    0.7488413453102112,
                    0.7469016909599304,
                    0.7197295427322388,
                    0.7118759155273438,
                    0.7096226811408997,
                    0.7017732858657837,
                    0.7002633213996887,
                    0.6992470026016235,
                    0.6968692541122437,
                    0.6943404078483582
                ]
            ],
            "last_action_method": "return_last_retrieved_list",
            "curr_top_k_docIDs": [
                "475302",
                "1031141",
                "229492",
                "590969",
                "73364",
                "1531421",
                "947854",
                "1543727",
                "1243408",
                "766242"
            ],
            "terminate": true
        }
    ]
}