{
    "queries": [
        "probioslim"
    ],
    "iteration": 0,
    "retrieved_lists": [
        [
            "306150",
            "417648",
            "833588",
            "777614",
            "791312",
            "518927",
            "1288719",
            "13769",
            "590640",
            "1309945"
        ]
    ],
    "all_sim_scores": [
        [
            0.7859150767326355,
            0.782666027545929,
            0.7723338603973389,
            0.7683007121086121,
            0.7504342794418335,
            0.6849709153175354,
            0.6838889718055725,
            0.676200270652771,
            0.6712738275527954,
            0.6690022945404053
        ]
    ],
    "last_action_method": "return_last_retrieved_list",
    "curr_top_k_docIDs": [
        "306150",
        "417648",
        "833588",
        "777614",
        "791312",
        "518927",
        "1288719",
        "13769",
        "590640",
        "1309945"
    ],
    "terminate": true,
    "state_history": [
        {
            "queries": [
                "probioslim"
            ],
            "iteration": 0
        },
        {
            "queries": [
                "probioslim"
            ],
            "iteration": 0,
            "retrieved_lists": [
                [
                    "306150",
                    "417648",
                    "833588",
                    "777614",
                    "791312",
                    "518927",
                    "1288719",
                    "13769",
                    "590640",
                    "1309945"
                ]
            ],
            "all_sim_scores": [
                [
                    0.7859150767326355,
                    0.782666027545929,
                    0.7723338603973389,
                    0.7683007121086121,
                    0.7504342794418335,
                    0.6849709153175354,
                    0.6838889718055725,
                    0.676200270652771,
                    0.6712738275527954,
                    0.6690022945404053
                ]
            ],
            "last_action_method": "rank"
        },
        {
            "queries": [
                "probioslim"
            ],
            "iteration": 0,
            "retrieved_lists": [
                [
                    "306150",
                    "417648",
                    "833588",
                    "777614",
                    "791312",
                    "518927",
                    "1288719",
                    "13769",
                    "590640",
                    "1309945"
                ]
            ],
            "all_sim_scores": [
                [
                    0.7859150767326355,
                    0.782666027545929,
                    0.7723338603973389,
                    0.7683007121086121,
                    0.7504342794418335,
                    0.6849709153175354,
                    0.6838889718055725,
                    0.676200270652771,
                    0.6712738275527954,
                    0.6690022945404053
                ]
            ],
            "last_action_method": "return_last_retrieved_list",
            "curr_top_k_docIDs": [
                "306150",
                "417648",
                "833588",
                "777614",
                "791312",
                "518927",
                "1288719",
                "13769",
                "590640",
                "1309945"
            ],
            "terminate": true
        }
    ]
}