{
    "queries": [
        "Cities for sports enthusiasts"
    ],
    "iteration": 0,
    "retrieved_lists": [
        [
            "320",
            "204",
            "343",
            "392",
            "283",
            "349",
            "74",
            "121",
            "497",
            "187"
        ]
    ],
    "all_sim_scores": [
        [
            0.5574610233306885,
            0.5442565083503723,
            0.5350617170333862,
            0.5098642110824585,
            0.5060802698135376,
            0.4954164922237396,
            0.4941078722476959,
            0.49319547414779663,
            0.48590344190597534,
            0.48394590616226196
        ]
    ],
    "last_action_method": "return_last_retrieved_list",
    "curr_top_k_docIDs": [
        "320",
        "204",
        "343",
        "392",
        "283",
        "349",
        "74",
        "121",
        "497",
        "187"
    ],
    "terminate": true,
    "state_history": [
        {
            "queries": [
                "Cities for sports enthusiasts"
            ],
            "iteration": 0
        },
        {
            "queries": [
                "Cities for sports enthusiasts"
            ],
            "iteration": 0,
            "retrieved_lists": [
                [
                    "320",
                    "204",
                    "343",
                    "392",
                    "283",
                    "349",
                    "74",
                    "121",
                    "497",
                    "187"
                ]
            ],
            "all_sim_scores": [
                [
                    0.5574610233306885,
                    0.5442565083503723,
                    0.5350617170333862,
                    0.5098642110824585,
                    0.5060802698135376,
                    0.4954164922237396,
                    0.4941078722476959,
                    0.49319547414779663,
                    0.48590344190597534,
                    0.48394590616226196
                ]
            ],
            "last_action_method": "rank"
        },
        {
            "queries": [
                "Cities for sports enthusiasts"
            ],
            "iteration": 0,
            "retrieved_lists": [
                [
                    "320",
                    "204",
                    "343",
                    "392",
                    "283",
                    "349",
                    "74",
                    "121",
                    "497",
                    "187"
                ]
            ],
            "all_sim_scores": [
                [
                    0.5574610233306885,
                    0.5442565083503723,
                    0.5350617170333862,
                    0.5098642110824585,
                    0.5060802698135376,
                    0.4954164922237396,
                    0.4941078722476959,
                    0.49319547414779663,
                    0.48590344190597534,
                    0.48394590616226196
                ]
            ],
            "last_action_method": "return_last_retrieved_list",
            "curr_top_k_docIDs": [
                "320",
                "204",
                "343",
                "392",
                "283",
                "349",
                "74",
                "121",
                "497",
                "187"
            ],
            "terminate": true
        }
    ]
}