{
    "queries": [
        "Best cities for winter vacations"
    ],
    "iteration": 0,
    "retrieved_lists": [
        [
            "320",
            "410",
            "142",
            "392",
            "134",
            "400",
            "497",
            "188",
            "283",
            "409"
        ]
    ],
    "all_sim_scores": [
        [
            0.42175525426864624,
            0.3964174687862396,
            0.39148879051208496,
            0.38808804750442505,
            0.3863751292228699,
            0.3858252763748169,
            0.3836748003959656,
            0.37517401576042175,
            0.37504512071609497,
            0.37378841638565063
        ]
    ],
    "last_action_method": "return_last_retrieved_list",
    "curr_top_k_docIDs": [
        "320",
        "410",
        "142",
        "392",
        "134",
        "400",
        "497",
        "188",
        "283",
        "409"
    ],
    "terminate": true,
    "state_history": [
        {
            "queries": [
                "Best cities for winter vacations"
            ],
            "iteration": 0
        },
        {
            "queries": [
                "Best cities for winter vacations"
            ],
            "iteration": 0,
            "retrieved_lists": [
                [
                    "320",
                    "410",
                    "142",
                    "392",
                    "134",
                    "400",
                    "497",
                    "188",
                    "283",
                    "409"
                ]
            ],
            "all_sim_scores": [
                [
                    0.42175525426864624,
                    0.3964174687862396,
                    0.39148879051208496,
                    0.38808804750442505,
                    0.3863751292228699,
                    0.3858252763748169,
                    0.3836748003959656,
                    0.37517401576042175,
                    0.37504512071609497,
                    0.37378841638565063
                ]
            ],
            "last_action_method": "rank"
        },
        {
            "queries": [
                "Best cities for winter vacations"
            ],
            "iteration": 0,
            "retrieved_lists": [
                [
                    "320",
                    "410",
                    "142",
                    "392",
                    "134",
                    "400",
                    "497",
                    "188",
                    "283",
                    "409"
                ]
            ],
            "all_sim_scores": [
                [
                    0.42175525426864624,
                    0.3964174687862396,
                    0.39148879051208496,
                    0.38808804750442505,
                    0.3863751292228699,
                    0.3858252763748169,
                    0.3836748003959656,
                    0.37517401576042175,
                    0.37504512071609497,
                    0.37378841638565063
                ]
            ],
            "last_action_method": "return_last_retrieved_list",
            "curr_top_k_docIDs": [
                "320",
                "410",
                "142",
                "392",
                "134",
                "400",
                "497",
                "188",
                "283",
                "409"
            ],
            "terminate": true
        }
    ]
}