{
    "queries": [
        "who plays noah newman on the young and the restless"
    ],
    "iteration": 0,
    "retrieved_lists": [
        [
            "doc38780",
            "doc1131407",
            "doc1817593",
            "doc368167",
            "doc2467097",
            "doc808642",
            "doc1173640",
            "doc2467058",
            "doc1817624",
            "doc1223533",
            "doc1507130",
            "doc1988118",
            "doc1817670",
            "doc1507147",
            "doc1733696",
            "doc1958777",
            "doc2467016",
            "doc2241459",
            "doc1326892",
            "doc802200",
            "doc1325078",
            "doc56888",
            "doc1505484",
            "doc1507143",
            "doc1817668",
            "doc970615",
            "doc926766",
            "doc1660975",
            "doc757056",
            "doc508690",
            "doc1804277",
            "doc1313917",
            "doc498563",
            "doc283626",
            "doc270948",
            "doc480027",
            "doc2484556",
            "doc868036",
            "doc2160917",
            "doc1707374",
            "doc2241303",
            "doc261974",
            "doc204534",
            "doc1887621",
            "doc2184669",
            "doc2146870",
            "doc1953490",
            "doc2351013",
            "doc2413153",
            "doc1173445",
            "doc1123742",
            "doc2314282",
            "doc2571450",
            "doc229875",
            "doc2551041",
            "doc1643489",
            "doc1564807",
            "doc1118514",
            "doc2113502",
            "doc704393"
        ]
    ],
    "all_sim_scores": [
        [
            0.6854019165039062,
            0.6001335382461548,
            0.542654275894165,
            0.5356996059417725,
            0.5194578766822815,
            0.507565975189209,
            0.49722594022750854,
            0.4970875680446625,
            0.4931589365005493,
            0.488619863986969,
            0.48520204424858093,
            0.4817037582397461,
            0.47277164459228516,
            0.47127994894981384,
            0.4531420171260834,
            0.45264679193496704,
            0.4488765001296997,
            0.4408394694328308,
            0.43545207381248474,
            0.43060940504074097,
            0.42679792642593384,
            0.4218698740005493,
            0.41383883357048035,
            0.4102110266685486,
            0.4034196436405182,
            0.4024885296821594,
            0.3958163857460022,
            0.39318570494651794,
            0.39159369468688965,
            0.3860679864883423,
            0.38500598073005676,
            0.3827858567237854,
            0.3817223310470581,
            0.3766672909259796,
            0.37248802185058594,
            0.3721240162849426,
            0.3690968155860901,
            0.368358314037323,
            0.36464500427246094,
            0.3627035319805145,
            0.36184239387512207,
            0.3608344793319702,
            0.358748197555542,
            0.35381877422332764,
            0.3521210551261902,
            0.34816092252731323,
            0.3480299711227417,
            0.3478982150554657,
            0.34762704372406006,
            0.3469065725803375,
            0.3465535044670105,
            0.34618547558784485,
            0.3461367189884186,
            0.34565460681915283,
            0.3439028561115265,
            0.34201639890670776,
            0.34190255403518677,
            0.34177500009536743,
            0.3416043817996979,
            0.3395478129386902
        ]
    ],
    "last_action_method": "return_last_retrieved_list",
    "curr_top_k_docIDs": [
        "doc38780",
        "doc1131407",
        "doc1817593",
        "doc368167",
        "doc2467097",
        "doc808642",
        "doc1173640",
        "doc2467058",
        "doc1817624",
        "doc1223533",
        "doc1507130",
        "doc1988118",
        "doc1817670",
        "doc1507147",
        "doc1733696",
        "doc1958777",
        "doc2467016",
        "doc2241459",
        "doc1326892",
        "doc802200",
        "doc1325078",
        "doc56888",
        "doc1505484",
        "doc1507143",
        "doc1817668",
        "doc970615",
        "doc926766",
        "doc1660975",
        "doc757056",
        "doc508690",
        "doc1804277",
        "doc1313917",
        "doc498563",
        "doc283626",
        "doc270948",
        "doc480027",
        "doc2484556",
        "doc868036",
        "doc2160917",
        "doc1707374",
        "doc2241303",
        "doc261974",
        "doc204534",
        "doc1887621",
        "doc2184669",
        "doc2146870",
        "doc1953490",
        "doc2351013",
        "doc2413153",
        "doc1173445",
        "doc1123742",
        "doc2314282",
        "doc2571450",
        "doc229875",
        "doc2551041",
        "doc1643489",
        "doc1564807",
        "doc1118514",
        "doc2113502",
        "doc704393"
    ],
    "terminate": true,
    "state_history": [
        {
            "queries": [
                "who plays noah newman on the young and the restless"
            ],
            "iteration": 0
        },
        {
            "queries": [
                "who plays noah newman on the young and the restless"
            ],
            "iteration": 0,
            "retrieved_lists": [
                [
                    "doc38780",
                    "doc1131407",
                    "doc1817593",
                    "doc368167",
                    "doc2467097",
                    "doc808642",
                    "doc1173640",
                    "doc2467058",
                    "doc1817624",
                    "doc1223533",
                    "doc1507130",
                    "doc1988118",
                    "doc1817670",
                    "doc1507147",
                    "doc1733696",
                    "doc1958777",
                    "doc2467016",
                    "doc2241459",
                    "doc1326892",
                    "doc802200",
                    "doc1325078",
                    "doc56888",
                    "doc1505484",
                    "doc1507143",
                    "doc1817668",
                    "doc970615",
                    "doc926766",
                    "doc1660975",
                    "doc757056",
                    "doc508690",
                    "doc1804277",
                    "doc1313917",
                    "doc498563",
                    "doc283626",
                    "doc270948",
                    "doc480027",
                    "doc2484556",
                    "doc868036",
                    "doc2160917",
                    "doc1707374",
                    "doc2241303",
                    "doc261974",
                    "doc204534",
                    "doc1887621",
                    "doc2184669",
                    "doc2146870",
                    "doc1953490",
                    "doc2351013",
                    "doc2413153",
                    "doc1173445",
                    "doc1123742",
                    "doc2314282",
                    "doc2571450",
                    "doc229875",
                    "doc2551041",
                    "doc1643489",
                    "doc1564807",
                    "doc1118514",
                    "doc2113502",
                    "doc704393"
                ]
            ],