{
    "queries": [
        "fountain pen without cartridge"
    ],
    "iteration": 0,
    "retrieved_lists": [
        [
            "1581606",
            "1432962",
            "38050",
            "990833",
            "979203",
            "1652805",
            "240975",
            "1047108",
            "31879",
            "1538976"
        ]
    ],
    "all_sim_scores": [
        [
            0.7460123300552368,
            0.7420024871826172,
            0.7302765846252441,
            0.7262279987335205,
            0.7210373878479004,
            0.7200050354003906,
            0.7176240682601929,
            0.7158685922622681,
            0.7146410346031189,
            0.7105880975723267
        ]
    ],
    "last_action_method": "return_last_retrieved_list",
    "curr_top_k_docIDs": [
        "1581606",
        "1432962",
        "38050",
        "990833",
        "979203",
        "1652805",
        "240975",
        "1047108",
        "31879",
        "1538976"
    ],
    "terminate": true,
    "state_history": [
        {
            "queries": [
                "fountain pen without cartridge"
            ],
            "iteration": 0
        },
        {
            "queries": [
                "fountain pen without cartridge"
            ],
            "iteration": 0,
            "retrieved_lists": [
                [
                    "1581606",
                    "1432962",
                    "38050",
                    "990833",
                    "979203",
                    "1652805",
                    "240975",
                    "1047108",
                    "31879",
                    "1538976"
                ]
            ],
            "all_sim_scores": [
                [
                    0.7460123300552368,
                    0.7420024871826172,
                    0.7302765846252441,
                    0.7262279987335205,
                    0.7210373878479004,
                    0.7200050354003906,
                    0.7176240682601929,
                    0.7158685922622681,
                    0.7146410346031189,
                    0.7105880975723267
                ]
            ],
            "last_action_method": "rank"
        },
        {
            "queries": [
                "fountain pen without cartridge"
            ],
            "iteration": 0,
            "retrieved_lists": [
                [
                    "1581606",
                    "1432962",
                    "38050",
                    "990833",
                    "979203",
                    "1652805",
                    "240975",
                    "1047108",
                    "31879",
                    "1538976"
                ]
            ],
            "all_sim_scores": [
                [
                    0.7460123300552368,
                    0.7420024871826172,
                    0.7302765846252441,
                    0.7262279987335205,
                    0.7210373878479004,
                    0.7200050354003906,
                    0.7176240682601929,
                    0.7158685922622681,
                    0.7146410346031189,
                    0.7105880975723267
                ]
            ],
            "last_action_method": "return_last_retrieved_list",
            "curr_top_k_docIDs": [
                "1581606",
                "1432962",
                "38050",
                "990833",
                "979203",
                "1652805",
                "240975",
                "1047108",
                "31879",
                "1538976"
            ],
            "terminate": true
        }
    ]
}