{
    "queries": [
        "who said the only thing we have to fear is fear itself"
    ],
    "iteration": 0,
    "retrieved_lists": [
        [
            "doc63567",
            "doc955246",
            "doc1958132",
            "doc1227516",
            "doc1125231",
            "doc252845",
            "doc472196",
            "doc1286127",
            "doc226976",
            "doc255642",
            "doc2064058",
            "doc334778",
            "doc37321",
            "doc1175592",
            "doc1335971",
            "doc596878",
            "doc2454844",
            "doc1149654",
            "doc554542",
            "doc86558",
            "doc1876233",
            "doc328433",
            "doc2137580",
            "doc2011376",
            "doc1838556",
            "doc1594103",
            "doc2216264",
            "doc896973",
            "doc2617952",
            "doc1520690",
            "doc583103",
            "doc1662955",
            "doc1794097",
            "doc2340893",
            "doc787734",
            "doc1026886",
            "doc709096",
            "doc2347594",
            "doc539271",
            "doc541377",
            "doc2419328",
            "doc1478599",
            "doc1834959",
            "doc232556",
            "doc1946035",
            "doc1789720",
            "doc807834",
            "doc1705103",
            "doc1827324",
            "doc45925",
            "doc321591",
            "doc2017100",
            "doc1619891",
            "doc218146",
            "doc2530369",
            "doc1470130",
            "doc183580",
            "doc1588114",
            "doc752158",
            "doc2168631"
        ]
    ],
    "all_sim_scores": [
        [
            0.5113282203674316,
            0.4298434257507324,
            0.4124104380607605,
            0.37626945972442627,
            0.36778292059898376,
            0.3418307900428772,
            0.31606540083885193,
            0.31238019466400146,
            0.3022199273109436,
            0.3009336292743683,
            0.2986788749694824,
            0.2939518690109253,
            0.29259192943573,
            0.2921091318130493,
            0.29083487391471863,
            0.28548872470855713,
            0.2835416793823242,
            0.2799109220504761,
            0.2689155340194702,
            0.2651788592338562,
            0.26311665773391724,
            0.26242583990097046,
            0.2619186043739319,
            0.2603566348552704,
            0.26006990671157837,
            0.25714191794395447,
            0.2568722367286682,
            0.25477614998817444,
            0.2534467577934265,
            0.2528190612792969,
            0.25270700454711914,
            0.250673770904541,
            0.24847733974456787,
            0.24716566503047943,
            0.24647857248783112,
            0.24623778462409973,
            0.24586601555347443,
            0.24501724541187286,
            0.24445992708206177,
            0.24410519003868103,
            0.24207468330860138,
            0.24100610613822937,
            0.24057988822460175,
            0.2399270236492157,
            0.23867057263851166,
            0.23766674101352692,
            0.23750333487987518,
            0.23605187237262726,
            0.23591738939285278,
            0.2342095524072647,
            0.23391306400299072,
            0.23376327753067017,
            0.2331939935684204,
            0.23258239030838013,
            0.23205190896987915,
            0.23134782910346985,
            0.23106157779693604,
            0.230833500623703,
            0.23033082485198975,
            0.23012767732143402
        ]
    ],
    "last_action_method": "return_last_retrieved_list",
    "curr_top_k_docIDs": [
        "doc63567",
        "doc955246",
        "doc1958132",
        "doc1227516",
        "doc1125231",
        "doc252845",
        "doc472196",
        "doc1286127",
        "doc226976",
        "doc255642",
        "doc2064058",
        "doc334778",
        "doc37321",
        "doc1175592",
        "doc1335971",
        "doc596878",
        "doc2454844",
        "doc1149654",
        "doc554542",
        "doc86558",
        "doc1876233",
        "doc328433",
        "doc2137580",
        "doc2011376",
        "doc1838556",
        "doc1594103",
        "doc2216264",
        "doc896973",
        "doc2617952",
        "doc1520690",
        "doc583103",
        "doc1662955",
        "doc1794097",
        "doc2340893",
        "doc787734",
        "doc1026886",
        "doc709096",
        "doc2347594",
        "doc539271",
        "doc541377",
        "doc2419328",
        "doc1478599",
        "doc1834959",
        "doc232556",
        "doc1946035",
        "doc1789720",
        "doc807834",
        "doc1705103",
        "doc1827324",
        "doc45925",
        "doc321591",
        "doc2017100",
        "doc1619891",
        "doc218146",
        "doc2530369",
        "doc1470130",
        "doc183580",
        "doc1588114",
        "doc752158",
        "doc2168631"
    ],
    "terminate": true,
    "state_history": [
        {
            "queries": [
                "who said the only thing we have to fear is fear itself"
            ],
            "iteration": 0
        },
        {
            "queries": [
                "who said the only thing we have to fear is fear itself"
            ],
            "iteration": 0,
            "retrieved_lists": [
                [
                    "doc63567",
                    "doc955246",
                    "doc1958132",
                    "doc1227516",
                    "doc1125231",
                    "doc252845",
                    "doc472196",
                    "doc1286127",
                    "doc226976",
                    "doc255642",
                    "doc2064058",
                    "doc334778",
                    "doc37321",
                    "doc1175592",
                    "doc1335971",
                    "doc596878",
                    "doc2454844",
                    "doc1149654",
                    "doc554542",
                    "doc86558",
                    "doc1876233",
                    "doc328433",
                    "doc2137580",
                    "doc2011376",
                    "doc1838556",
                    "doc1594103",
                    "doc2216264",
                    "doc896973",
                    "doc2617952",
                    "doc1520690",
                    "doc583103",
                    "doc1662955",
                    "doc1794097",
                    "doc2340893",
                    "doc787734",
                    "doc1026886",
                    "doc709096",
                    "doc2347594",
                    "doc539271",
                    "doc541377",
                    "doc2419328",
                    "doc1478599",
                    "doc1834959",
                    "doc232556",
                    "doc1946035",
                    "doc1789720",
                    "doc807834",
                    "doc1705103",
                    "doc1827324",
                    "doc45925",
                    "doc321591",
                    "doc2017100",
                    "doc1619891",
                    "doc218146",
                    "doc2530369",
                    "doc1470130",
                    "doc183580",
                    "doc1588114",
                    "doc752158",
                    "doc2168631"
                ]
            ],