{
    "queries": [
        "does the jungle book take place in india"
    ],
    "iteration": 0,
    "retrieved_lists": [
        [
            "doc7050",
            "doc7056",
            "doc2630147",
            "doc39875",
            "doc1183175",
            "doc444144",
            "doc1588455",
            "doc1013123",
            "doc1026198",
            "doc1158371",
            "doc2152467",
            "doc2177798",
            "doc2343391",
            "doc952338",
            "doc785383",
            "doc444171",
            "doc468765",
            "doc485324",
            "doc627063",
            "doc117601",
            "doc2310986",
            "doc1125713",
            "doc611754",
            "doc1727732",
            "doc2172859",
            "doc2661031",
            "doc2274290",
            "doc1633352",
            "doc600196",
            "doc2036774",
            "doc881008",
            "doc759305",
            "doc2322424",
            "doc281421",
            "doc2177205",
            "doc2015591",
            "doc1319331",
            "doc1419677",
            "doc727326",
            "doc1759839",
            "doc1331784",
            "doc565225",
            "doc1781291",
            "doc369463",
            "doc1128353",
            "doc32345",
            "doc197674",
            "doc495829",
            "doc1592229",
            "doc1901876",
            "doc861159",
            "doc1824394",
            "doc397702",
            "doc1216402",
            "doc1167518",
            "doc2676919",
            "doc2199669",
            "doc1344191",
            "doc1540976",
            "doc2233626"
        ]
    ],
    "all_sim_scores": [
        [
            0.7024897336959839,
            0.6590879559516907,
            0.47506725788116455,
            0.44652825593948364,
            0.4048118591308594,
            0.3985196352005005,
            0.3978272080421448,
            0.3873552680015564,
            0.3815467357635498,
            0.37916067242622375,
            0.37848350405693054,
            0.37837931513786316,
            0.36877280473709106,
            0.3671039938926697,
            0.36504894495010376,
            0.3610013723373413,
            0.3598390519618988,
            0.35923004150390625,
            0.3570081889629364,
            0.3560715615749359,
            0.35529133677482605,
            0.3552809953689575,
            0.3524268865585327,
            0.3515661656856537,
            0.35087889432907104,
            0.34973767399787903,
            0.3496900796890259,
            0.34961456060409546,
            0.3491385877132416,
            0.34637928009033203,
            0.3454289436340332,
            0.34509140253067017,
            0.34452587366104126,
            0.34376662969589233,
            0.34248900413513184,
            0.3420513868331909,
            0.34162768721580505,
            0.34149718284606934,
            0.3383644223213196,
            0.33789771795272827,
            0.33738774061203003,
            0.3353179693222046,
            0.3352137804031372,
            0.3350699841976166,
            0.33490926027297974,
            0.33490222692489624,
            0.3331850469112396,
            0.3318231701850891,
            0.33049336075782776,
            0.3303024172782898,
            0.3301858901977539,
            0.3256804347038269,
            0.3254076838493347,
            0.3242594003677368,
            0.3238755166530609,
            0.32298773527145386,
            0.32297930121421814,
            0.32288995385169983,
            0.3225000500679016,
            0.32236987352371216
        ]
    ],
    "last_action_method": "return_last_retrieved_list",
    "curr_top_k_docIDs": [
        "doc7050",
        "doc7056",
        "doc2630147",
        "doc39875",
        "doc1183175",
        "doc444144",
        "doc1588455",
        "doc1013123",
        "doc1026198",
        "doc1158371",
        "doc2152467",
        "doc2177798",
        "doc2343391",
        "doc952338",
        "doc785383",
        "doc444171",
        "doc468765",
        "doc485324",
        "doc627063",
        "doc117601",
        "doc2310986",
        "doc1125713",
        "doc611754",
        "doc1727732",
        "doc2172859",
        "doc2661031",
        "doc2274290",
        "doc1633352",
        "doc600196",
        "doc2036774",
        "doc881008",
        "doc759305",
        "doc2322424",
        "doc281421",
        "doc2177205",
        "doc2015591",
        "doc1319331",
        "doc1419677",
        "doc727326",
        "doc1759839",
        "doc1331784",
        "doc565225",
        "doc1781291",
        "doc369463",
        "doc1128353",
        "doc32345",
        "doc197674",
        "doc495829",
        "doc1592229",
        "doc1901876",
        "doc861159",
        "doc1824394",
        "doc397702",
        "doc1216402",
        "doc1167518",
        "doc2676919",
        "doc2199669",
        "doc1344191",
        "doc1540976",
        "doc2233626"
    ],
    "terminate": true,
    "state_history": [
        {
            "queries": [
                "does the jungle book take place in india"
            ],
            "iteration": 0
        },
        {
            "queries": [
                "does the jungle book take place in india"
            ],
            "iteration": 0,
            "retrieved_lists": [
                [
                    "doc7050",
                    "doc7056",
                    "doc2630147",
                    "doc39875",
                    "doc1183175",
                    "doc444144",
                    "doc1588455",
                    "doc1013123",
                    "doc1026198",
                    "doc1158371",
                    "doc2152467",
                    "doc2177798",
                    "doc2343391",
                    "doc952338",
                    "doc785383",
                    "doc444171",
                    "doc468765",
                    "doc485324",
                    "doc627063",
                    "doc117601",
                    "doc2310986",
                    "doc1125713",
                    "doc611754",
                    "doc1727732",
                    "doc2172859",
                    "doc2661031",
                    "doc2274290",
                    "doc1633352",
                    "doc600196",
                    "doc2036774",
                    "doc881008",
                    "doc759305",
                    "doc2322424",
                    "doc281421",
                    "doc2177205",
                    "doc2015591",
                    "doc1319331",
                    "doc1419677",
                    "doc727326",
                    "doc1759839",
                    "doc1331784",
                    "doc565225",
                    "doc1781291",
                    "doc369463",
                    "doc1128353",
                    "doc32345",
                    "doc197674",
                    "doc495829",
                    "doc1592229",
                    "doc1901876",
                    "doc861159",
                    "doc1824394",
                    "doc397702",
                    "doc1216402",
                    "doc1167518",
                    "doc2676919",
                    "doc2199669",
                    "doc1344191",
                    "doc1540976",
                    "doc2233626"
                ]
            ],