{
    "queries": [
        "when do you pray the chaplet of divine mercy"
    ],
    "iteration": 0,
    "retrieved_lists": [
        [
            "doc24190",
            "doc24187",
            "doc24209",
            "doc1024793",
            "doc2417768",
            "doc2417737",
            "doc1010766",
            "doc348384",
            "doc648347",
            "doc2652442",
            "doc1592817",
            "doc423656",
            "doc1493128",
            "doc1075598",
            "doc2061788",
            "doc1040360",
            "doc2104671",
            "doc1831369",
            "doc1084273",
            "doc1105869",
            "doc2426593",
            "doc1185030",
            "doc236079",
            "doc2499430",
            "doc241440",
            "doc1905420",
            "doc1206101",
            "doc1881624",
            "doc1686288",
            "doc1014858",
            "doc1559541",
            "doc2396176",
            "doc463677",
            "doc2361351",
            "doc1296884",
            "doc1105804",
            "doc1167109",
            "doc2537111",
            "doc286202",
            "doc1424417",
            "doc274229",
            "doc220989",
            "doc1706534",
            "doc2110386",
            "doc2149309",
            "doc1367473",
            "doc274016",
            "doc760642",
            "doc1240788",
            "doc1602796",
            "doc141143",
            "doc580756",
            "doc69306",
            "doc98409",
            "doc2133591",
            "doc1646946",
            "doc244396",
            "doc112769",
            "doc1206107",
            "doc535293"
        ]
    ],
    "all_sim_scores": [
        [
            0.7724882364273071,
            0.7687722444534302,
            0.7122973203659058,
            0.3960227370262146,
            0.3823721408843994,
            0.38226738572120667,
            0.3647732138633728,
            0.3530843257904053,
            0.3447161316871643,
            0.3413512408733368,
            0.3390261232852936,
            0.3386397361755371,
            0.33668243885040283,
            0.3261570930480957,
            0.32329827547073364,
            0.322981595993042,
            0.3190697431564331,
            0.314801961183548,
            0.3135734796524048,
            0.31164345145225525,
            0.29997238516807556,
            0.2978166341781616,
            0.2973652780056,
            0.295701265335083,
            0.2928360104560852,
            0.29268142580986023,
            0.29202520847320557,
            0.29156696796417236,
            0.2908715009689331,
            0.2908278703689575,
            0.29016757011413574,
            0.2854675054550171,
            0.2840006351470947,
            0.2793077528476715,
            0.2791110575199127,
            0.2765870988368988,
            0.2762724459171295,
            0.27155131101608276,
            0.2710055708885193,
            0.2699207067489624,
            0.26959294080734253,
            0.2690281271934509,
            0.2690197825431824,
            0.26829519867897034,
            0.2671854496002197,
            0.26657766103744507,
            0.26583772897720337,
            0.2638692259788513,
            0.26385632157325745,
            0.26241838932037354,
            0.26239949464797974,
            0.2622467875480652,
            0.2620528042316437,
            0.26192498207092285,
            0.2614174485206604,
            0.26042836904525757,
            0.25990021228790283,
            0.2597862482070923,
            0.25971460342407227,
            0.25919434428215027
        ]
    ],
    "last_action_method": "return_last_retrieved_list",
    "curr_top_k_docIDs": [
        "doc24190",
        "doc24187",
        "doc24209",
        "doc1024793",
        "doc2417768",
        "doc2417737",
        "doc1010766",
        "doc348384",
        "doc648347",
        "doc2652442",
        "doc1592817",
        "doc423656",
        "doc1493128",
        "doc1075598",
        "doc2061788",
        "doc1040360",
        "doc2104671",
        "doc1831369",
        "doc1084273",
        "doc1105869",
        "doc2426593",
        "doc1185030",
        "doc236079",
        "doc2499430",
        "doc241440",
        "doc1905420",
        "doc1206101",
        "doc1881624",
        "doc1686288",
        "doc1014858",
        "doc1559541",
        "doc2396176",
        "doc463677",
        "doc2361351",
        "doc1296884",
        "doc1105804",
        "doc1167109",
        "doc2537111",
        "doc286202",
        "doc1424417",
        "doc274229",
        "doc220989",
        "doc1706534",
        "doc2110386",
        "doc2149309",
        "doc1367473",
        "doc274016",
        "doc760642",
        "doc1240788",
        "doc1602796",
        "doc141143",
        "doc580756",
        "doc69306",
        "doc98409",
        "doc2133591",
        "doc1646946",
        "doc244396",
        "doc112769",
        "doc1206107",
        "doc535293"
    ],
    "terminate": true,
    "state_history": [
        {
            "queries": [
                "when do you pray the chaplet of divine mercy"
            ],
            "iteration": 0
        },
        {
            "queries": [
                "when do you pray the chaplet of divine mercy"
            ],
            "iteration": 0,
            "retrieved_lists": [
                [
                    "doc24190",
                    "doc24187",
                    "doc24209",
                    "doc1024793",
                    "doc2417768",
                    "doc2417737",
                    "doc1010766",
                    "doc348384",
                    "doc648347",
                    "doc2652442",
                    "doc1592817",
                    "doc423656",
                    "doc1493128",
                    "doc1075598",
                    "doc2061788",
                    "doc1040360",
                    "doc2104671",
                    "doc1831369",
                    "doc1084273",
                    "doc1105869",
                    "doc2426593",
                    "doc1185030",
                    "doc236079",
                    "doc2499430",
                    "doc241440",
                    "doc1905420",
                    "doc1206101",
                    "doc1881624",
                    "doc1686288",
                    "doc1014858",
                    "doc1559541",
                    "doc2396176",
                    "doc463677",
                    "doc2361351",
                    "doc1296884",
                    "doc1105804",
                    "doc1167109",
                    "doc2537111",
                    "doc286202",
                    "doc1424417",
                    "doc274229",
                    "doc220989",
                    "doc1706534",
                    "doc2110386",
                    "doc2149309",
                    "doc1367473",
                    "doc274016",
                    "doc760642",
                    "doc1240788",
                    "doc1602796",
                    "doc141143",
                    "doc580756",
                    "doc69306",
                    "doc98409",
                    "doc2133591",
                    "doc1646946",
                    "doc244396",
                    "doc112769",
                    "doc1206107",
                    "doc535293"
                ]
            ],