{
    "queries": [
        "Spectacular coastal cities"
    ],
    "iteration": 0,
    "retrieved_lists": [
        [
            "408",
            "399",
            "520",
            "303",
            "156",
            "65",
            "92",
            "245",
            "168",
            "8"
        ]
    ],
    "all_sim_scores": [
        [
            0.7000041007995605,
            0.6996793746948242,
            0.6992225050926208,
            0.6729868054389954,
            0.6652464270591736,
            0.6630834937095642,
            0.6608412861824036,
            0.6594798564910889,
            0.656633734703064,
            0.6563133001327515
        ]
    ],
    "last_action_method": "return_last_retrieved_list",
    "curr_top_k_docIDs": [
        "408",
        "399",
        "520",
        "303",
        "156",
        "65",
        "92",
        "245",
        "168",
        "8"
    ],
    "terminate": true,
    "state_history": [
        {
            "queries": [
                "Spectacular coastal cities"
            ],
            "iteration": 0
        },
        {
            "queries": [
                "Spectacular coastal cities"
            ],
            "iteration": 0,
            "retrieved_lists": [
                [
                    "408",
                    "399",
                    "520",
                    "303",
                    "156",
                    "65",
                    "92",
                    "245",
                    "168",
                    "8"
                ]
            ],
            "all_sim_scores": [
                [
                    0.7000041007995605,
                    0.6996793746948242,
                    0.6992225050926208,
                    0.6729868054389954,
                    0.6652464270591736,
                    0.6630834937095642,
                    0.6608412861824036,
                    0.6594798564910889,
                    0.656633734703064,
                    0.6563133001327515
                ]
            ],
            "last_action_method": "rank"
        },
        {
            "queries": [
                "Spectacular coastal cities"
            ],
            "iteration": 0,
            "retrieved_lists": [
                [
                    "408",
                    "399",
                    "520",
                    "303",
                    "156",
                    "65",
                    "92",
                    "245",
                    "168",
                    "8"
                ]
            ],
            "all_sim_scores": [
                [
                    0.7000041007995605,
                    0.6996793746948242,
                    0.6992225050926208,
                    0.6729868054389954,
                    0.6652464270591736,
                    0.6630834937095642,
                    0.6608412861824036,
                    0.6594798564910889,
                    0.656633734703064,
                    0.6563133001327515
                ]
            ],
            "last_action_method": "return_last_retrieved_list",
            "curr_top_k_docIDs": [
                "408",
                "399",
                "520",
                "303",
                "156",
                "65",
                "92",
                "245",
                "168",
                "8"
            ],
            "terminate": true
        }
    ]
}