{
    "queries": [
        "I love histroy and culture in Rome. I want similar cities."
    ],
    "iteration": 0,
    "retrieved_lists": [
        [
            "383",
            "116",
            "15",
            "138",
            "520",
            "153",
            "325",
            "96",
            "1",
            "522"
        ]
    ],
    "all_sim_scores": [
        [
            0.5144363641738892,
            0.3758581280708313,
            0.36906981468200684,
            0.36277446150779724,
            0.3553760051727295,
            0.35332295298576355,
            0.35289621353149414,
            0.35156989097595215,
            0.34847795963287354,
            0.34119486808776855
        ]
    ],
    "last_action_method": "return_last_retrieved_list",
    "curr_top_k_docIDs": [
        "383",
        "116",
        "15",
        "138",
        "520",
        "153",
        "325",
        "96",
        "1",
        "522"
    ],
    "terminate": true,
    "state_history": [
        {
            "queries": [
                "I love histroy and culture in Rome. I want similar cities."
            ],
            "iteration": 0
        },
        {
            "queries": [
                "I love histroy and culture in Rome. I want similar cities."
            ],
            "iteration": 0,
            "retrieved_lists": [
                [
                    "383",
                    "116",
                    "15",
                    "138",
                    "520",
                    "153",
                    "325",
                    "96",
                    "1",
                    "522"
                ]
            ],
            "all_sim_scores": [
                [
                    0.5144363641738892,
                    0.3758581280708313,
                    0.36906981468200684,
                    0.36277446150779724,
                    0.3553760051727295,
                    0.35332295298576355,
                    0.35289621353149414,
                    0.35156989097595215,
                    0.34847795963287354,
                    0.34119486808776855
                ]
            ],
            "last_action_method": "rank"
        },
        {
            "queries": [
                "I love histroy and culture in Rome. I want similar cities."
            ],
            "iteration": 0,
            "retrieved_lists": [
                [
                    "383",
                    "116",
                    "15",
                    "138",
                    "520",
                    "153",
                    "325",
                    "96",
                    "1",
                    "522"
                ]
            ],
            "all_sim_scores": [
                [
                    0.5144363641738892,
                    0.3758581280708313,
                    0.36906981468200684,
                    0.36277446150779724,
                    0.3553760051727295,
                    0.35332295298576355,
                    0.35289621353149414,
                    0.35156989097595215,
                    0.34847795963287354,
                    0.34119486808776855
                ]
            ],
            "last_action_method": "return_last_retrieved_list",
            "curr_top_k_docIDs": [
                "383",
                "116",
                "15",
                "138",
                "520",
                "153",
                "325",
                "96",
                "1",
                "522"
            ],
            "terminate": true
        }
    ]
}