{
    "queries": [
        "Picturesque cities for photography enthusiasts"
    ],
    "iteration": 0,
    "retrieved_lists": [
        [
            "92",
            "520",
            "320",
            "251",
            "516",
            "201",
            "283",
            "492",
            "265",
            "120",
            "352",
            "157",
            "61",
            "378",
            "450",
            "168",
            "413",
            "82",
            "338",
            "356",
            "560",
            "227",
            "299",
            "81",
            "105",
            "245",
            "22",
            "355",
            "141",
            "222"
        ]
    ],
    "all_sim_scores": [
        [
            0.6504320502281189,
            0.6426451206207275,
            0.6408834457397461,
            0.6403070688247681,
            0.6399678587913513,
            0.6389221549034119,
            0.6376962661743164,
            0.6372857093811035,
            0.6369713544845581,
            0.6333999633789062,
            0.6328408122062683,
            0.6289589405059814,
            0.62812340259552,
            0.6272842884063721,
            0.6269434094429016,
            0.6249688267707825,
            0.6232955455780029,
            0.6219543218612671,
            0.6217173933982849,
            0.6216393709182739,
            0.6215515732765198,
            0.6192693114280701,
            0.6186487674713135,
            0.6185541152954102,
            0.6179468035697937,
            0.6178836822509766,
            0.6167635321617126,
            0.6160372495651245,
            0.6143372058868408,
            0.6137497425079346
        ]
    ],
    "last_action_method": "check_max_q_reforms",
    "prompts": [
        "Return the best ordering of 10 of the document ids below given the query.\nFollow the output format example exactly and return only a python list of docIDs with exactly 10 IDs.\nDo not output city names.\n\nExample\n***\nQuery: tropical vacation destinations\n\nDocuments:\nDOCID: 1\t|\t TEXT: London\nDOCID: 4   |    TEXT: Cancun\nDOCID: 2456\t|\tTEXT: Myrtle Beach\n\nOutput: [\"4\", \"2456\", \"1\"]\n***\n\nInputs:\n***\nQuery: Picturesque cities for photography enthusiasts\n\nDocuments:\n\nDOCID: 92\t|\tTEXT: Cape Town\n\nDOCID: 520\t|\tTEXT: Venice\n\nDOCID: 320\t|\tTEXT: New York City\n\nDOCID: 251\t|\tTEXT: Los Angeles\n\nDOCID: 516\t|\tTEXT: Vancouver\n\nDOCID: 201\t|\tTEXT: Johannesburg\n\nDOCID: 283\t|\tTEXT: Mexico City\n\nDOCID: 492\t|\tTEXT: Toronto\n\nDOCID: 265\t|\tTEXT: Malm\u00f6\n\nDOCID: 120\t|\tTEXT: Denver\n\nDOCID: 352\t|\tTEXT: Portland (Oregon)\n\nDOCID: 157\t|\tTEXT: Gothenburg\n\nDOCID: 61\t|\tTEXT: Belize City\n\nDOCID: 378\t|\tTEXT: Riga\n\nDOCID: 450\t|\tTEXT: Stockholm\n\nDOCID: 168\t|\tTEXT: Hamburg\n\nDOCID: 413\t|\tTEXT: Santiago\n\nDOCID: 82\t|\tTEXT: Budapest\n\nDOCID: 338\t|\tTEXT: Panama City\n\nDOCID: 356\t|\tTEXT: Pretoria\n\nDOCID: 560\t|\tTEXT: Zagreb\n\nDOCID: 227\t|\tTEXT: Krak\u00f3w\n\nDOCID: 299\t|\tTEXT: Moscow\n\nDOCID: 81\t|\tTEXT: Bucharest\n\nDOCID: 105\t|\tTEXT: Chicago\n\nDOCID: 245\t|\tTEXT: Lisbon\n\nDOCID: 22\t|\tTEXT: Amsterdam\n\nDOCID: 355\t|\tTEXT: Prague\n\nDOCID: 141\t|\tTEXT: Fort Lauderdale\n\nDOCID: 222\t|\tTEXT: Kolkata\n\n***\n\nOutput:"
    ],
    "responses": [
        "```python\n[\"520\", \"92\", \"22\", \"227\", \"355\", \"157\", \"82\", \"450\", \"168\", \"245\"]\n```\n"
    ],
    "curr_top_k_docIDs": [
        "520",
        "92",
        "22",
        "227",
        "355",
        "157",
        "82",
        "450",
        "168",
        "245"
    ],
    "terminate": true,
    "state_history": [
        {
            "queries": [
                "Picturesque cities for photography enthusiasts"
            ],
            "iteration": 0
        },
        {
            "queries": [
                "Picturesque cities for photography enthusiasts"
            ],
            "iteration": 0,
            "retrieved_lists": [
                [
                    "92",
                    "520",
                    "320",
                    "251",
                    "516",
                    "201",
                    "283",
                    "492",
                    "265",
                    "120",
                    "352",
                    "157",
                    "61",
                    "378",
                    "450",
                    "168",
                    "413",
                    "82",
                    "338",
                    "356",
                    "560",
                    "227",
                    "299",
                    "81",
                    "105",
                    "245",
                    "22",
                    "355",
                    "141",
                    "222"
                ]
            ],
            "all_sim_scores": [
                [
                    0.6504320502281189,
                    0.6426451206207275,
                    0.6408834457397461,
                    0.6403070688247681,
                    0.6399678587913513,
                    0.6389221549034119,
                    0.6376962661743164,
                    0.6372857093811035,
                    0.6369713544845581,
                    0.6333999633789062,
                    0.6328408122062683,
                    0.6289589405059814,
                    0.62812340259552,
                    0.6272842884063721,
                    0.6269434094429016,
                    0.6249688267707825,
                    0.6232955455780029,
                    0.6219543218612671,
                    0.6217173933982849,
                    0.6216393709182739,
                    0.6215515732765198,
                    0.6192693114280701,
                    0.6186487674713135,
                    0.6185541152954102,
                    0.6179468035697937,
                    0.6178836822509766,
                    0.6167635321617126,
                    0.6160372495651245,
                    0.6143372058868408,
                    0.6137497425079346
                ]
            ],
            "last_action_method": "rank"
        },
        {
            "queries": [
                "Picturesque cities for photography enthusiasts"
            ],
            "iteration": 0,
            "retrieved_lists": [
                [
                    "92",
                    "520",
                    "320",
                    "251",
                    "516",
                    "201",
                    "283",
                    "492",
                    "265",
                    "120",
                    "352",
                    "157",
                    "61",
                    "378",
                    "450",
                    "168",
                    "413",
                    "82",
                    "338",
                    "356",
                    "560",
                    "227",
                    "299",
                    "81",
                    "105",
                    "245",
                    "22",
                    "355",
                    "141",
                    "222"
                ]
            ],