{
    "queries": [
        "how many branches of reserve bank of india in india"
    ],
    "iteration": 0,
    "retrieved_lists": [
        [
            "doc80042",
            "doc1640396",
            "doc980900",
            "doc2215541",
            "doc851128",
            "doc836073",
            "doc2463299",
            "doc700421",
            "doc942468",
            "doc2038748",
            "doc848842",
            "doc277187",
            "doc1183175",
            "doc1445882",
            "doc1232369",
            "doc1158999",
            "doc803930",
            "doc807371",
            "doc660387",
            "doc1827741",
            "doc1280323",
            "doc2392271",
            "doc39875",
            "doc648484",
            "doc1702509",
            "doc803913",
            "doc1875342",
            "doc17068",
            "doc1747233",
            "doc1216402",
            "doc1913732",
            "doc1526965",
            "doc1704186",
            "doc716244",
            "doc2149160",
            "doc549009",
            "doc161260",
            "doc600196",
            "doc1356617",
            "doc850329",
            "doc759305",
            "doc730281",
            "doc2159476",
            "doc343260",
            "doc875211",
            "doc1159988",
            "doc1342493",
            "doc2444908",
            "doc1317721",
            "doc863805",
            "doc1419615",
            "doc811611",
            "doc2134820",
            "doc1611184",
            "doc2101319",
            "doc1458813",
            "doc1204468",
            "doc405341",
            "doc2008722",
            "doc212095"
        ]
    ],
    "all_sim_scores": [
        [
            0.6480135917663574,
            0.5341004133224487,
            0.508446455001831,
            0.4801926910877228,
            0.4731389284133911,
            0.436099112033844,
            0.4146847128868103,
            0.3937232494354248,
            0.3872416317462921,
            0.3830893635749817,
            0.381847620010376,
            0.3809225261211395,
            0.3658789396286011,
            0.36441993713378906,
            0.3571341037750244,
            0.35461172461509705,
            0.34975969791412354,
            0.3485041856765747,
            0.34817248582839966,
            0.3431192636489868,
            0.3430975079536438,
            0.3401726484298706,
            0.3382757902145386,
            0.334142804145813,
            0.3341001272201538,
            0.3328915238380432,
            0.330207884311676,
            0.3291206955909729,
            0.328831285238266,
            0.3260807991027832,
            0.3251315951347351,
            0.3246922492980957,
            0.32395416498184204,
            0.32162657380104065,
            0.32161206007003784,
            0.31998729705810547,
            0.3196865916252136,
            0.3188987076282501,
            0.31811821460723877,
            0.3149948716163635,
            0.3146161139011383,
            0.3122836947441101,
            0.3113674819469452,
            0.30756938457489014,
            0.3061838746070862,
            0.3053784966468811,
            0.30356988310813904,
            0.30188918113708496,
            0.3015400469303131,
            0.3013599216938019,
            0.3010683059692383,
            0.2995331883430481,
            0.29926902055740356,
            0.2991839051246643,
            0.29831674695014954,
            0.29681795835494995,
            0.2962157130241394,
            0.28947168588638306,
            0.28817057609558105,
            0.2872345745563507
        ]
    ],
    "last_action_method": "return_last_retrieved_list",
    "curr_top_k_docIDs": [
        "doc80042",
        "doc1640396",
        "doc980900",
        "doc2215541",
        "doc851128",
        "doc836073",
        "doc2463299",
        "doc700421",
        "doc942468",
        "doc2038748",
        "doc848842",
        "doc277187",
        "doc1183175",
        "doc1445882",
        "doc1232369",
        "doc1158999",
        "doc803930",
        "doc807371",
        "doc660387",
        "doc1827741",
        "doc1280323",
        "doc2392271",
        "doc39875",
        "doc648484",
        "doc1702509",
        "doc803913",
        "doc1875342",
        "doc17068",
        "doc1747233",
        "doc1216402",
        "doc1913732",
        "doc1526965",
        "doc1704186",
        "doc716244",
        "doc2149160",
        "doc549009",
        "doc161260",
        "doc600196",
        "doc1356617",
        "doc850329",
        "doc759305",
        "doc730281",
        "doc2159476",
        "doc343260",
        "doc875211",
        "doc1159988",
        "doc1342493",
        "doc2444908",
        "doc1317721",
        "doc863805",
        "doc1419615",
        "doc811611",
        "doc2134820",
        "doc1611184",
        "doc2101319",
        "doc1458813",
        "doc1204468",
        "doc405341",
        "doc2008722",
        "doc212095"
    ],
    "terminate": true,
    "state_history": [
        {
            "queries": [
                "how many branches of reserve bank of india in india"
            ],
            "iteration": 0
        },
        {
            "queries": [
                "how many branches of reserve bank of india in india"
            ],
            "iteration": 0,
            "retrieved_lists": [
                [
                    "doc80042",
                    "doc1640396",
                    "doc980900",
                    "doc2215541",
                    "doc851128",
                    "doc836073",
                    "doc2463299",
                    "doc700421",
                    "doc942468",
                    "doc2038748",
                    "doc848842",
                    "doc277187",
                    "doc1183175",
                    "doc1445882",
                    "doc1232369",
                    "doc1158999",
                    "doc803930",
                    "doc807371",
                    "doc660387",
                    "doc1827741",
                    "doc1280323",
                    "doc2392271",
                    "doc39875",
                    "doc648484",
                    "doc1702509",
                    "doc803913",
                    "doc1875342",
                    "doc17068",
                    "doc1747233",
                    "doc1216402",
                    "doc1913732",
                    "doc1526965",
                    "doc1704186",
                    "doc716244",
                    "doc2149160",
                    "doc549009",
                    "doc161260",
                    "doc600196",
                    "doc1356617",
                    "doc850329",
                    "doc759305",
                    "doc730281",
                    "doc2159476",
                    "doc343260",
                    "doc875211",
                    "doc1159988",
                    "doc1342493",
                    "doc2444908",
                    "doc1317721",
                    "doc863805",
                    "doc1419615",
                    "doc811611",
                    "doc2134820",
                    "doc1611184",
                    "doc2101319",
                    "doc1458813",
                    "doc1204468",
                    "doc405341",
                    "doc2008722",
                    "doc212095"
                ]
            ],