{
    "queries": [
        "where was a hologram for the king filmed"
    ],
    "iteration": 0,
    "retrieved_lists": [
        [
            "doc20544",
            "doc1224665",
            "doc1882751",
            "doc159824",
            "doc430883",
            "doc197507",
            "doc203214",
            "doc33193",
            "doc1482829",
            "doc162309",
            "doc1037687",
            "doc1807577",
            "doc1221683",
            "doc1274319",
            "doc1800087",
            "doc1665025",
            "doc110729",
            "doc1217448",
            "doc670486",
            "doc78951",
            "doc1224619",
            "doc2222311",
            "doc355761",
            "doc1966583",
            "doc811",
            "doc1495601",
            "doc2048902",
            "doc1715051",
            "doc2341673",
            "doc1522682",
            "doc1210970",
            "doc2057671",
            "doc2087841",
            "doc301611",
            "doc761940",
            "doc1489922",
            "doc2473825",
            "doc155856",
            "doc1266527",
            "doc952486",
            "doc1689089",
            "doc913654",
            "doc11864",
            "doc1835701",
            "doc2030814",
            "doc587088",
            "doc1886587",
            "doc183782",
            "doc2416584",
            "doc303504",
            "doc245900",
            "doc717783",
            "doc1582302",
            "doc1833176",
            "doc2455438",
            "doc931829",
            "doc379047",
            "doc389023",
            "doc731628",
            "doc2387488"
        ]
    ],
    "all_sim_scores": [
        [
            0.9104825854301453,
            0.43967825174331665,
            0.39863133430480957,
            0.3977126181125641,
            0.38129323720932007,
            0.3712042570114136,
            0.36317065358161926,
            0.35602885484695435,
            0.3358302712440491,
            0.3337503671646118,
            0.33298736810684204,
            0.3321669101715088,
            0.3299565017223358,
            0.32391470670700073,
            0.317512571811676,
            0.3128320574760437,
            0.30983924865722656,
            0.3070274293422699,
            0.3064786195755005,
            0.3064478635787964,
            0.30595022439956665,
            0.30081677436828613,
            0.29906195402145386,
            0.2973865866661072,
            0.29397889971733093,
            0.2937770485877991,
            0.2934380769729614,
            0.2934255599975586,
            0.29189708828926086,
            0.28664326667785645,
            0.28614455461502075,
            0.2835247814655304,
            0.283397912979126,
            0.28230226039886475,
            0.27973106503486633,
            0.2794229984283447,
            0.27912700176239014,
            0.27537640929222107,
            0.2729837894439697,
            0.27247321605682373,
            0.27134695649147034,
            0.271286278963089,
            0.26652345061302185,
            0.2658657133579254,
            0.2648000717163086,
            0.2646584212779999,
            0.2641270160675049,
            0.2629089057445526,
            0.2617366313934326,
            0.2610548436641693,
            0.2609861195087433,
            0.25831344723701477,
            0.25335073471069336,
            0.2527821362018585,
            0.25223755836486816,
            0.2519923448562622,
            0.2505336403846741,
            0.250224232673645,
            0.2497372329235077,
            0.24917083978652954
        ]
    ],
    "last_action_method": "return_last_retrieved_list",
    "curr_top_k_docIDs": [
        "doc20544",
        "doc1224665",
        "doc1882751",
        "doc159824",
        "doc430883",
        "doc197507",
        "doc203214",
        "doc33193",
        "doc1482829",
        "doc162309",
        "doc1037687",
        "doc1807577",
        "doc1221683",
        "doc1274319",
        "doc1800087",
        "doc1665025",
        "doc110729",
        "doc1217448",
        "doc670486",
        "doc78951",
        "doc1224619",
        "doc2222311",
        "doc355761",
        "doc1966583",
        "doc811",
        "doc1495601",
        "doc2048902",
        "doc1715051",
        "doc2341673",
        "doc1522682",
        "doc1210970",
        "doc2057671",
        "doc2087841",
        "doc301611",
        "doc761940",
        "doc1489922",
        "doc2473825",
        "doc155856",
        "doc1266527",
        "doc952486",
        "doc1689089",
        "doc913654",
        "doc11864",
        "doc1835701",
        "doc2030814",
        "doc587088",
        "doc1886587",
        "doc183782",
        "doc2416584",
        "doc303504",
        "doc245900",
        "doc717783",
        "doc1582302",
        "doc1833176",
        "doc2455438",
        "doc931829",
        "doc379047",
        "doc389023",
        "doc731628",
        "doc2387488"
    ],
    "terminate": true,
    "state_history": [
        {
            "queries": [
                "where was a hologram for the king filmed"
            ],
            "iteration": 0
        },
        {
            "queries": [
                "where was a hologram for the king filmed"
            ],
            "iteration": 0,
            "retrieved_lists": [
                [
                    "doc20544",
                    "doc1224665",
                    "doc1882751",
                    "doc159824",
                    "doc430883",
                    "doc197507",
                    "doc203214",
                    "doc33193",
                    "doc1482829",
                    "doc162309",
                    "doc1037687",
                    "doc1807577",
                    "doc1221683",
                    "doc1274319",
                    "doc1800087",
                    "doc1665025",
                    "doc110729",
                    "doc1217448",
                    "doc670486",
                    "doc78951",
                    "doc1224619",
                    "doc2222311",
                    "doc355761",
                    "doc1966583",
                    "doc811",
                    "doc1495601",
                    "doc2048902",
                    "doc1715051",
                    "doc2341673",
                    "doc1522682",
                    "doc1210970",
                    "doc2057671",
                    "doc2087841",
                    "doc301611",
                    "doc761940",
                    "doc1489922",
                    "doc2473825",
                    "doc155856",
                    "doc1266527",
                    "doc952486",
                    "doc1689089",
                    "doc913654",
                    "doc11864",
                    "doc1835701",
                    "doc2030814",
                    "doc587088",
                    "doc1886587",
                    "doc183782",
                    "doc2416584",
                    "doc303504",
                    "doc245900",
                    "doc717783",
                    "doc1582302",
                    "doc1833176",
                    "doc2455438",
                    "doc931829",
                    "doc379047",
                    "doc389023",
                    "doc731628",
                    "doc2387488"
                ]
            ],