{
    "queries": [
        "Cities with a natural atmosphere"
    ],
    "iteration": 0,
    "retrieved_lists": [
        [
            "520",
            "83",
            "352",
            "492",
            "378",
            "560",
            "111",
            "168",
            "231",
            "65",
            "516",
            "55",
            "320",
            "457",
            "245",
            "283",
            "120",
            "251",
            "337",
            "22",
            "450",
            "400",
            "1",
            "82",
            "105",
            "81",
            "413",
            "339",
            "285",
            "299",
            "157",
            "332",
            "280",
            "355",
            "109",
            "265",
            "380",
            "532",
            "408",
            "353",
            "153",
            "297",
            "115",
            "130",
            "77",
            "402",
            "76",
            "478",
            "61",
            "3",
            "475",
            "255",
            "44",
            "42",
            "94",
            "525",
            "304",
            "296",
            "95",
            "75"
        ]
    ],
    "all_sim_scores": [
        [
            0.6789978742599487,
            0.6586093902587891,
            0.657157838344574,
            0.6551882028579712,
            0.6527273058891296,
            0.6518141031265259,
            0.6515281796455383,
            0.6500951051712036,
            0.6485468149185181,
            0.6463491320610046,
            0.646134614944458,
            0.6458076238632202,
            0.6445311307907104,
            0.6429094076156616,
            0.6422996520996094,
            0.6418046951293945,
            0.6412034034729004,
            0.6404626369476318,
            0.6404140591621399,
            0.6399083137512207,
            0.6381344795227051,
            0.6366488933563232,
            0.6366137862205505,
            0.6362247467041016,
            0.6342641115188599,
            0.6326526999473572,
            0.6320334076881409,
            0.6306619644165039,
            0.629332423210144,
            0.6277825832366943,
            0.6270098090171814,
            0.625626802444458,
            0.6254395246505737,
            0.625374972820282,
            0.6244385242462158,
            0.6240052580833435,
            0.6238559484481812,
            0.6232505440711975,
            0.6231677532196045,
            0.6227245330810547,
            0.6226743459701538,
            0.6220641136169434,
            0.6211534142494202,
            0.6209329962730408,
            0.6205730438232422,
            0.6191943883895874,
            0.6191533207893372,
            0.6191282272338867,
            0.6190946102142334,
            0.6189635396003723,
            0.6182102560997009,
            0.6179471015930176,
            0.6176665425300598,
            0.6172325611114502,
            0.6172201037406921,
            0.6172187924385071,
            0.6171790361404419,
            0.6169496774673462,
            0.6163774728775024,
            0.6162174940109253
        ]
    ],
    "last_action_method": "return_last_retrieved_list",
    "curr_top_k_docIDs": [
        "520",
        "83",
        "352",
        "492",
        "378",
        "560",
        "111",
        "168",
        "231",
        "65",
        "516",
        "55",
        "320",
        "457",
        "245",
        "283",
        "120",
        "251",
        "337",
        "22",
        "450",
        "400",
        "1",
        "82",
        "105",
        "81",
        "413",
        "339",
        "285",
        "299",
        "157",
        "332",
        "280",
        "355",
        "109",
        "265",
        "380",
        "532",
        "408",
        "353",
        "153",
        "297",
        "115",
        "130",
        "77",
        "402",
        "76",
        "478",
        "61",
        "3",
        "475",
        "255",
        "44",
        "42",
        "94",
        "525",
        "304",
        "296",
        "95",
        "75"
    ],
    "terminate": true,
    "state_history": [
        {
            "queries": [
                "Cities with a natural atmosphere"
            ],
            "iteration": 0
        },
        {
            "queries": [
                "Cities with a natural atmosphere"
            ],
            "iteration": 0,
            "retrieved_lists": [
                [
                    "520",
                    "83",
                    "352",
                    "492",
                    "378",
                    "560",
                    "111",
                    "168",
                    "231",
                    "65",
                    "516",
                    "55",
                    "320",
                    "457",
                    "245",
                    "283",
                    "120",
                    "251",
                    "337",
                    "22",
                    "450",
                    "400",
                    "1",
                    "82",
                    "105",
                    "81",
                    "413",
                    "339",
                    "285",
                    "299",
                    "157",
                    "332",
                    "280",
                    "355",
                    "109",
                    "265",
                    "380",
                    "532",
                    "408",
                    "353",
                    "153",
                    "297",
                    "115",
                    "130",
                    "77",
                    "402",
                    "76",
                    "478",
                    "61",
                    "3",
                    "475",
                    "255",
                    "44",
                    "42",
                    "94",
                    "525",
                    "304",
                    "296",
                    "95",
                    "75"
                ]
            ],