{
    "queries": [
        "who did the astros play last time they were in the world series"
    ],
    "iteration": 0,
    "retrieved_lists": [
        [
            "doc2073009",
            "doc57703",
            "doc4505",
            "doc2073003",
            "doc1291554",
            "doc2302162",
            "doc4533",
            "doc637397",
            "doc4477",
            "doc4464",
            "doc1112479",
            "doc2073013",
            "doc1188101",
            "doc1917618",
            "doc107926",
            "doc86231",
            "doc1771973",
            "doc527574",
            "doc1959398",
            "doc1112880",
            "doc972472",
            "doc2492665",
            "doc1059098",
            "doc641475",
            "doc1857639",
            "doc2675526",
            "doc1993463",
            "doc1264569",
            "doc1928508",
            "doc1149097",
            "doc254407",
            "doc2103969",
            "doc1791791",
            "doc2459329",
            "doc508066",
            "doc1917571",
            "doc1307527",
            "doc1186542",
            "doc6006",
            "doc1505960",
            "doc57704",
            "doc1044494",
            "doc885218",
            "doc1668010",
            "doc1917591",
            "doc1917596",
            "doc1011810",
            "doc701448",
            "doc366350",
            "doc463031",
            "doc301111",
            "doc2155286",
            "doc763958",
            "doc948651",
            "doc1724025",
            "doc2025885",
            "doc1747538",
            "doc1959428",
            "doc1149102",
            "doc2275704"
        ]
    ],
    "all_sim_scores": [
        [
            0.7948266267776489,
            0.7435907125473022,
            0.6632517576217651,
            0.6414705514907837,
            0.6267284154891968,
            0.6095350980758667,
            0.6077380180358887,
            0.5985885858535767,
            0.5933368802070618,
            0.5808138847351074,
            0.5785168409347534,
            0.5722736120223999,
            0.5712186694145203,
            0.559109091758728,
            0.5571243166923523,
            0.5525467395782471,
            0.5405927300453186,
            0.5391561985015869,
            0.5381287932395935,
            0.5378267765045166,
            0.5368508696556091,
            0.5324445366859436,
            0.5319499969482422,
            0.5303675532341003,
            0.5296236872673035,
            0.529005229473114,
            0.5285937786102295,
            0.527075469493866,
            0.5267020463943481,
            0.5266867280006409,
            0.5248107314109802,
            0.5242856740951538,
            0.5240411162376404,
            0.5238031148910522,
            0.5236725807189941,
            0.5227062702178955,
            0.5224683284759521,
            0.521847665309906,
            0.521748960018158,
            0.5217000246047974,
            0.5207391381263733,
            0.5197407007217407,
            0.516983151435852,
            0.5164889693260193,
            0.5146481394767761,
            0.5137120485305786,
            0.5125924348831177,
            0.5125058889389038,
            0.5117177963256836,
            0.509757399559021,
            0.5019077062606812,
            0.5015465021133423,
            0.5010189414024353,
            0.49967730045318604,
            0.4993082284927368,
            0.4990508258342743,
            0.4980427026748657,
            0.49769240617752075,
            0.4967397451400757,
            0.4963594079017639
        ]
    ],
    "last_action_method": "return_last_retrieved_list",
    "curr_top_k_docIDs": [
        "doc2073009",
        "doc57703",
        "doc4505",
        "doc2073003",
        "doc1291554",
        "doc2302162",
        "doc4533",
        "doc637397",
        "doc4477",
        "doc4464",
        "doc1112479",
        "doc2073013",
        "doc1188101",
        "doc1917618",
        "doc107926",
        "doc86231",
        "doc1771973",
        "doc527574",
        "doc1959398",
        "doc1112880",
        "doc972472",
        "doc2492665",
        "doc1059098",
        "doc641475",
        "doc1857639",
        "doc2675526",
        "doc1993463",
        "doc1264569",
        "doc1928508",
        "doc1149097",
        "doc254407",
        "doc2103969",
        "doc1791791",
        "doc2459329",
        "doc508066",
        "doc1917571",
        "doc1307527",
        "doc1186542",
        "doc6006",
        "doc1505960",
        "doc57704",
        "doc1044494",
        "doc885218",
        "doc1668010",
        "doc1917591",
        "doc1917596",
        "doc1011810",
        "doc701448",
        "doc366350",
        "doc463031",
        "doc301111",
        "doc2155286",
        "doc763958",
        "doc948651",
        "doc1724025",
        "doc2025885",
        "doc1747538",
        "doc1959428",
        "doc1149102",
        "doc2275704"
    ],
    "terminate": true,
    "state_history": [
        {
            "queries": [
                "who did the astros play last time they were in the world series"
            ],
            "iteration": 0
        },
        {
            "queries": [
                "who did the astros play last time they were in the world series"
            ],
            "iteration": 0,
            "retrieved_lists": [
                [
                    "doc2073009",
                    "doc57703",
                    "doc4505",
                    "doc2073003",
                    "doc1291554",
                    "doc2302162",
                    "doc4533",
                    "doc637397",
                    "doc4477",
                    "doc4464",
                    "doc1112479",
                    "doc2073013",
                    "doc1188101",
                    "doc1917618",
                    "doc107926",
                    "doc86231",
                    "doc1771973",
                    "doc527574",
                    "doc1959398",
                    "doc1112880",
                    "doc972472",
                    "doc2492665",
                    "doc1059098",
                    "doc641475",
                    "doc1857639",
                    "doc2675526",
                    "doc1993463",
                    "doc1264569",
                    "doc1928508",
                    "doc1149097",
                    "doc254407",
                    "doc2103969",
                    "doc1791791",
                    "doc2459329",
                    "doc508066",
                    "doc1917571",
                    "doc1307527",
                    "doc1186542",
                    "doc6006",
                    "doc1505960",
                    "doc57704",
                    "doc1044494",
                    "doc885218",
                    "doc1668010",
                    "doc1917591",
                    "doc1917596",
                    "doc1011810",
                    "doc701448",
                    "doc366350",
                    "doc463031",
                    "doc301111",
                    "doc2155286",
                    "doc763958",
                    "doc948651",
                    "doc1724025",
                    "doc2025885",
                    "doc1747538",
                    "doc1959428",
                    "doc1149102",
                    "doc2275704"
                ]
            ],