{
    "queries": [
        "romper dress for women"
    ],
    "iteration": 0,
    "retrieved_lists": [
        [
            "875113",
            "370600",
            "1068513",
            "697165",
            "1201684",
            "1244678",
            "1265861",
            "1478902",
            "247149",
            "1394785"
        ]
    ],
    "all_sim_scores": [
        [
            0.7887992858886719,
            0.762376606464386,
            0.7557386159896851,
            0.7472359538078308,
            0.7241461277008057,
            0.7194745540618896,
            0.7156339287757874,
            0.7136117815971375,
            0.7135839462280273,
            0.7115105986595154
        ]
    ],
    "last_action_method": "return_last_retrieved_list",
    "curr_top_k_docIDs": [
        "875113",
        "370600",
        "1068513",
        "697165",
        "1201684",
        "1244678",
        "1265861",
        "1478902",
        "247149",
        "1394785"
    ],
    "terminate": true,
    "state_history": [
        {
            "queries": [
                "romper dress for women"
            ],
            "iteration": 0
        },
        {
            "queries": [
                "romper dress for women"
            ],
            "iteration": 0,
            "retrieved_lists": [
                [
                    "875113",
                    "370600",
                    "1068513",
                    "697165",
                    "1201684",
                    "1244678",
                    "1265861",
                    "1478902",
                    "247149",
                    "1394785"
                ]
            ],
            "all_sim_scores": [
                [
                    0.7887992858886719,
                    0.762376606464386,
                    0.7557386159896851,
                    0.7472359538078308,
                    0.7241461277008057,
                    0.7194745540618896,
                    0.7156339287757874,
                    0.7136117815971375,
                    0.7135839462280273,
                    0.7115105986595154
                ]
            ],
            "last_action_method": "rank"
        },
        {
            "queries": [
                "romper dress for women"
            ],
            "iteration": 0,
            "retrieved_lists": [
                [
                    "875113",
                    "370600",
                    "1068513",
                    "697165",
                    "1201684",
                    "1244678",
                    "1265861",
                    "1478902",
                    "247149",
                    "1394785"
                ]
            ],
            "all_sim_scores": [
                [
                    0.7887992858886719,
                    0.762376606464386,
                    0.7557386159896851,
                    0.7472359538078308,
                    0.7241461277008057,
                    0.7194745540618896,
                    0.7156339287757874,
                    0.7136117815971375,
                    0.7135839462280273,
                    0.7115105986595154
                ]
            ],
            "last_action_method": "return_last_retrieved_list",
            "curr_top_k_docIDs": [
                "875113",
                "370600",
                "1068513",
                "697165",
                "1201684",
                "1244678",
                "1265861",
                "1478902",
                "247149",
                "1394785"
            ],
            "terminate": true
        }
    ]
}