{
    "queries": [
        "porch shades outdoor roll up"
    ],
    "iteration": 0,
    "retrieved_lists": [
        [
            "1082306",
            "702417",
            "1627341",
            "340805",
            "420395",
            "125297",
            "1653445",
            "701868",
            "324611",
            "1324664"
        ]
    ],
    "all_sim_scores": [
        [
            0.7742668986320496,
            0.7728861570358276,
            0.7727522850036621,
            0.7649592161178589,
            0.7642641663551331,
            0.762012779712677,
            0.757712185382843,
            0.7572332620620728,
            0.7534826993942261,
            0.7528375387191772
        ]
    ],
    "last_action_method": "return_last_retrieved_list",
    "curr_top_k_docIDs": [
        "1082306",
        "702417",
        "1627341",
        "340805",
        "420395",
        "125297",
        "1653445",
        "701868",
        "324611",
        "1324664"
    ],
    "terminate": true,
    "state_history": [
        {
            "queries": [
                "porch shades outdoor roll up"
            ],
            "iteration": 0
        },
        {
            "queries": [
                "porch shades outdoor roll up"
            ],
            "iteration": 0,
            "retrieved_lists": [
                [
                    "1082306",
                    "702417",
                    "1627341",
                    "340805",
                    "420395",
                    "125297",
                    "1653445",
                    "701868",
                    "324611",
                    "1324664"
                ]
            ],
            "all_sim_scores": [
                [
                    0.7742668986320496,
                    0.7728861570358276,
                    0.7727522850036621,
                    0.7649592161178589,
                    0.7642641663551331,
                    0.762012779712677,
                    0.757712185382843,
                    0.7572332620620728,
                    0.7534826993942261,
                    0.7528375387191772
                ]
            ],
            "last_action_method": "rank"
        },
        {
            "queries": [
                "porch shades outdoor roll up"
            ],
            "iteration": 0,
            "retrieved_lists": [
                [
                    "1082306",
                    "702417",
                    "1627341",
                    "340805",
                    "420395",
                    "125297",
                    "1653445",
                    "701868",
                    "324611",
                    "1324664"
                ]
            ],
            "all_sim_scores": [
                [
                    0.7742668986320496,
                    0.7728861570358276,
                    0.7727522850036621,
                    0.7649592161178589,
                    0.7642641663551331,
                    0.762012779712677,
                    0.757712185382843,
                    0.7572332620620728,
                    0.7534826993942261,
                    0.7528375387191772
                ]
            ],
            "last_action_method": "return_last_retrieved_list",
            "curr_top_k_docIDs": [
                "1082306",
                "702417",
                "1627341",
                "340805",
                "420395",
                "125297",
                "1653445",
                "701868",
                "324611",
                "1324664"
            ],
            "terminate": true
        }
    ]
}