{
    "queries": [
        "who played cory's older brother on boy meets world"
    ],
    "iteration": 0,
    "retrieved_lists": [
        [
            "doc81007",
            "doc2442864",
            "doc2462685",
            "doc107870",
            "doc58462",
            "doc1179151",
            "doc781880",
            "doc1669959",
            "doc1717655",
            "doc1701129",
            "doc1953268",
            "doc263103",
            "doc902023",
            "doc2392405",
            "doc729210",
            "doc2481656",
            "doc1913253",
            "doc1396731",
            "doc1102345",
            "doc2261959",
            "doc107873",
            "doc1359579",
            "doc656372",
            "doc293728",
            "doc2010039",
            "doc1751269",
            "doc1662297",
            "doc1778754",
            "doc1584890",
            "doc242429",
            "doc367636",
            "doc1715795",
            "doc1892973",
            "doc169899",
            "doc695005",
            "doc1958770",
            "doc743307",
            "doc86057",
            "doc911555",
            "doc1492528",
            "doc2447243",
            "doc756202",
            "doc534447",
            "doc2632391",
            "doc2284645",
            "doc2164954",
            "doc1702538",
            "doc1177337",
            "doc784444",
            "doc757752",
            "doc2639970",
            "doc2633243",
            "doc2434393",
            "doc25521",
            "doc459787",
            "doc1309466",
            "doc315544",
            "doc2472382",
            "doc2605964",
            "doc2251672"
        ]
    ],
    "all_sim_scores": [
        [
            0.719928503036499,
            0.47777700424194336,
            0.4067314863204956,
            0.4057784378528595,
            0.38982468843460083,
            0.3878170847892761,
            0.3852007985115051,
            0.37499648332595825,
            0.3345085382461548,
            0.3323509097099304,
            0.32918915152549744,
            0.32873162627220154,
            0.3208012878894806,
            0.3158080577850342,
            0.3154451251029968,
            0.31505700945854187,
            0.31469595432281494,
            0.314444363117218,
            0.3122422993183136,
            0.3091561496257782,
            0.30673134326934814,
            0.30554959177970886,
            0.3054419457912445,
            0.30397602915763855,
            0.30337023735046387,
            0.3021443486213684,
            0.2998173236846924,
            0.2897821366786957,
            0.2877654433250427,
            0.28738510608673096,
            0.2869334816932678,
            0.2845624089241028,
            0.28383809328079224,
            0.2783361077308655,
            0.2755850553512573,
            0.27503764629364014,
            0.2748908996582031,
            0.27463769912719727,
            0.27361446619033813,
            0.2725570499897003,
            0.2717147767543793,
            0.27161461114883423,
            0.27149438858032227,
            0.26999419927597046,
            0.2697518765926361,
            0.269293874502182,
            0.2687339782714844,
            0.26654332876205444,
            0.26641368865966797,
            0.2652965486049652,
            0.26478180289268494,
            0.26451095938682556,
            0.26377251744270325,
            0.2636820077896118,
            0.26309671998023987,
            0.26218777894973755,
            0.2620723247528076,
            0.26206427812576294,
            0.26167193055152893,
            0.26055145263671875
        ]
    ],
    "last_action_method": "return_last_retrieved_list",
    "curr_top_k_docIDs": [
        "doc81007",
        "doc2442864",
        "doc2462685",
        "doc107870",
        "doc58462",
        "doc1179151",
        "doc781880",
        "doc1669959",
        "doc1717655",
        "doc1701129",
        "doc1953268",
        "doc263103",
        "doc902023",
        "doc2392405",
        "doc729210",
        "doc2481656",
        "doc1913253",
        "doc1396731",
        "doc1102345",
        "doc2261959",
        "doc107873",
        "doc1359579",
        "doc656372",
        "doc293728",
        "doc2010039",
        "doc1751269",
        "doc1662297",
        "doc1778754",
        "doc1584890",
        "doc242429",
        "doc367636",
        "doc1715795",
        "doc1892973",
        "doc169899",
        "doc695005",
        "doc1958770",
        "doc743307",
        "doc86057",
        "doc911555",
        "doc1492528",
        "doc2447243",
        "doc756202",
        "doc534447",
        "doc2632391",
        "doc2284645",
        "doc2164954",
        "doc1702538",
        "doc1177337",
        "doc784444",
        "doc757752",
        "doc2639970",
        "doc2633243",
        "doc2434393",
        "doc25521",
        "doc459787",
        "doc1309466",
        "doc315544",
        "doc2472382",
        "doc2605964",
        "doc2251672"
    ],
    "terminate": true,
    "state_history": [
        {
            "queries": [
                "who played cory's older brother on boy meets world"
            ],
            "iteration": 0
        },
        {
            "queries": [
                "who played cory's older brother on boy meets world"
            ],
            "iteration": 0,
            "retrieved_lists": [
                [
                    "doc81007",
                    "doc2442864",
                    "doc2462685",
                    "doc107870",
                    "doc58462",
                    "doc1179151",
                    "doc781880",
                    "doc1669959",
                    "doc1717655",
                    "doc1701129",
                    "doc1953268",
                    "doc263103",
                    "doc902023",
                    "doc2392405",
                    "doc729210",
                    "doc2481656",
                    "doc1913253",
                    "doc1396731",
                    "doc1102345",
                    "doc2261959",
                    "doc107873",
                    "doc1359579",
                    "doc656372",
                    "doc293728",
                    "doc2010039",
                    "doc1751269",
                    "doc1662297",
                    "doc1778754",
                    "doc1584890",
                    "doc242429",
                    "doc367636",
                    "doc1715795",
                    "doc1892973",
                    "doc169899",
                    "doc695005",
                    "doc1958770",
                    "doc743307",
                    "doc86057",
                    "doc911555",
                    "doc1492528",
                    "doc2447243",
                    "doc756202",
                    "doc534447",
                    "doc2632391",
                    "doc2284645",
                    "doc2164954",
                    "doc1702538",
                    "doc1177337",
                    "doc784444",
                    "doc757752",
                    "doc2639970",
                    "doc2633243",
                    "doc2434393",
                    "doc25521",
                    "doc459787",
                    "doc1309466",
                    "doc315544",
                    "doc2472382",
                    "doc2605964",
                    "doc2251672"
                ]
            ],