{
    "queries": [
        "Cities with the most interesting and unique content for vloggers"
    ],
    "iteration": 0,
    "retrieved_lists": [
        [
            "320",
            "251",
            "516",
            "265",
            "141",
            "168",
            "378",
            "492",
            "157",
            "332"
        ]
    ],
    "all_sim_scores": [
        [
            0.6334496736526489,
            0.6319111585617065,
            0.6223119497299194,
            0.6181660890579224,
            0.6159447431564331,
            0.6139557957649231,
            0.6131327152252197,
            0.6109949350357056,
            0.6087132096290588,
            0.6085403561592102
        ]
    ],
    "last_action_method": "return_last_retrieved_list",
    "curr_top_k_docIDs": [
        "320",
        "251",
        "516",
        "265",
        "141",
        "168",
        "378",
        "492",
        "157",
        "332"
    ],
    "terminate": true,
    "state_history": [
        {
            "queries": [
                "Cities with the most interesting and unique content for vloggers"
            ],
            "iteration": 0
        },
        {
            "queries": [
                "Cities with the most interesting and unique content for vloggers"
            ],
            "iteration": 0,
            "retrieved_lists": [
                [
                    "320",
                    "251",
                    "516",
                    "265",
                    "141",
                    "168",
                    "378",
                    "492",
                    "157",
                    "332"
                ]
            ],
            "all_sim_scores": [
                [
                    0.6334496736526489,
                    0.6319111585617065,
                    0.6223119497299194,
                    0.6181660890579224,
                    0.6159447431564331,
                    0.6139557957649231,
                    0.6131327152252197,
                    0.6109949350357056,
                    0.6087132096290588,
                    0.6085403561592102
                ]
            ],
            "last_action_method": "rank"
        },
        {
            "queries": [
                "Cities with the most interesting and unique content for vloggers"
            ],
            "iteration": 0,
            "retrieved_lists": [
                [
                    "320",
                    "251",
                    "516",
                    "265",
                    "141",
                    "168",
                    "378",
                    "492",
                    "157",
                    "332"
                ]
            ],
            "all_sim_scores": [
                [
                    0.6334496736526489,
                    0.6319111585617065,
                    0.6223119497299194,
                    0.6181660890579224,
                    0.6159447431564331,
                    0.6139557957649231,
                    0.6131327152252197,
                    0.6109949350357056,
                    0.6087132096290588,
                    0.6085403561592102
                ]
            ],
            "last_action_method": "return_last_retrieved_list",
            "curr_top_k_docIDs": [
                "320",
                "251",
                "516",
                "265",
                "141",
                "168",
                "378",
                "492",
                "157",
                "332"
            ],
            "terminate": true
        }
    ]
}