{
    "queries": [
        "islamic term for the community of the faithful"
    ],
    "iteration": 0,
    "retrieved_lists": [
        [
            "doc42698",
            "doc1574947",
            "doc2623861",
            "doc2369631",
            "doc771906",
            "doc1228791",
            "doc1688310",
            "doc2439170",
            "doc2094974",
            "doc1775323",
            "doc2107977",
            "doc343382",
            "doc341600",
            "doc580775",
            "doc289715",
            "doc559406",
            "doc1493128",
            "doc1828875",
            "doc2362713",
            "doc479160",
            "doc920612",
            "doc314733",
            "doc1526347",
            "doc707698",
            "doc424870",
            "doc2396176",
            "doc682092",
            "doc1001412",
            "doc646814",
            "doc1720609",
            "doc1363773",
            "doc2464047",
            "doc1033312",
            "doc1914657",
            "doc206697",
            "doc71091",
            "doc1190574",
            "doc1061611",
            "doc2111220",
            "doc1474966",
            "doc2146265",
            "doc800079",
            "doc1996514",
            "doc1983670",
            "doc2309369",
            "doc947222",
            "doc1705791",
            "doc1501535",
            "doc580756",
            "doc1687469",
            "doc198345",
            "doc813888",
            "doc464212",
            "doc842685",
            "doc1357679",
            "doc2443375",
            "doc1267008",
            "doc1033295",
            "doc1018097",
            "doc2141461"
        ]
    ],
    "all_sim_scores": [
        [
            0.6124422550201416,
            0.4963299036026001,
            0.477036714553833,
            0.4426005482673645,
            0.42786628007888794,
            0.4093690514564514,
            0.4093116521835327,
            0.40271851420402527,
            0.40104445815086365,
            0.40059739351272583,
            0.39741986989974976,
            0.39691004157066345,
            0.3897630572319031,
            0.3892577886581421,
            0.38896995782852173,
            0.38739317655563354,
            0.38579273223876953,
            0.3856034576892853,
            0.3811561167240143,
            0.37577688694000244,
            0.3752197027206421,
            0.37165769934654236,
            0.3650272488594055,
            0.3634469509124756,
            0.36198702454566956,
            0.3586055636405945,
            0.3573340177536011,
            0.3559388518333435,
            0.3533271551132202,
            0.3532560467720032,
            0.350710391998291,
            0.34665846824645996,
            0.3455510437488556,
            0.3432883620262146,
            0.34035050868988037,
            0.34030061960220337,
            0.3386046290397644,
            0.33759361505508423,
            0.336891770362854,
            0.3350527882575989,
            0.33266812562942505,
            0.33179759979248047,
            0.33160829544067383,
            0.3299017548561096,
            0.32990145683288574,
            0.32961905002593994,
            0.3295820653438568,
            0.32836633920669556,
            0.327567458152771,
            0.3274534344673157,
            0.3245851397514343,
            0.3237517178058624,
            0.32325899600982666,
            0.3229905962944031,
            0.32228684425354004,
            0.32166409492492676,
            0.3204008638858795,
            0.3198806941509247,
            0.3195635974407196,
            0.31772950291633606
        ]
    ],
    "last_action_method": "return_last_retrieved_list",
    "curr_top_k_docIDs": [
        "doc42698",
        "doc1574947",
        "doc2623861",
        "doc2369631",
        "doc771906",
        "doc1228791",
        "doc1688310",
        "doc2439170",
        "doc2094974",
        "doc1775323",
        "doc2107977",
        "doc343382",
        "doc341600",
        "doc580775",
        "doc289715",
        "doc559406",
        "doc1493128",
        "doc1828875",
        "doc2362713",
        "doc479160",
        "doc920612",
        "doc314733",
        "doc1526347",
        "doc707698",
        "doc424870",
        "doc2396176",
        "doc682092",
        "doc1001412",
        "doc646814",
        "doc1720609",
        "doc1363773",
        "doc2464047",
        "doc1033312",
        "doc1914657",
        "doc206697",
        "doc71091",
        "doc1190574",
        "doc1061611",
        "doc2111220",
        "doc1474966",
        "doc2146265",
        "doc800079",
        "doc1996514",
        "doc1983670",
        "doc2309369",
        "doc947222",
        "doc1705791",
        "doc1501535",
        "doc580756",
        "doc1687469",
        "doc198345",
        "doc813888",
        "doc464212",
        "doc842685",
        "doc1357679",
        "doc2443375",
        "doc1267008",
        "doc1033295",
        "doc1018097",
        "doc2141461"
    ],
    "terminate": true,
    "state_history": [
        {
            "queries": [
                "islamic term for the community of the faithful"
            ],
            "iteration": 0
        },
        {
            "queries": [
                "islamic term for the community of the faithful"
            ],
            "iteration": 0,
            "retrieved_lists": [
                [
                    "doc42698",
                    "doc1574947",
                    "doc2623861",
                    "doc2369631",
                    "doc771906",
                    "doc1228791",
                    "doc1688310",
                    "doc2439170",
                    "doc2094974",
                    "doc1775323",
                    "doc2107977",
                    "doc343382",
                    "doc341600",
                    "doc580775",
                    "doc289715",
                    "doc559406",
                    "doc1493128",
                    "doc1828875",
                    "doc2362713",
                    "doc479160",
                    "doc920612",
                    "doc314733",
                    "doc1526347",
                    "doc707698",
                    "doc424870",
                    "doc2396176",
                    "doc682092",
                    "doc1001412",
                    "doc646814",
                    "doc1720609",
                    "doc1363773",
                    "doc2464047",
                    "doc1033312",
                    "doc1914657",
                    "doc206697",
                    "doc71091",
                    "doc1190574",
                    "doc1061611",
                    "doc2111220",
                    "doc1474966",
                    "doc2146265",
                    "doc800079",
                    "doc1996514",
                    "doc1983670",
                    "doc2309369",
                    "doc947222",
                    "doc1705791",
                    "doc1501535",
                    "doc580756",
                    "doc1687469",
                    "doc198345",
                    "doc813888",
                    "doc464212",
                    "doc842685",
                    "doc1357679",
                    "doc2443375",
                    "doc1267008",
                    "doc1033295",
                    "doc1018097",
                    "doc2141461"
                ]
            ],