{
    "queries": [
        "Educational cities for student trips"
    ],
    "iteration": 0,
    "retrieved_lists": [
        [
            "343",
            "486",
            "352",
            "378",
            "71",
            "81",
            "320",
            "283",
            "332",
            "168"
        ]
    ],
    "all_sim_scores": [
        [
            0.5949147343635559,
            0.5892746448516846,
            0.5857505202293396,
            0.5856969356536865,
            0.585442304611206,
            0.5792414546012878,
            0.5780181288719177,
            0.5766003131866455,
            0.5758459568023682,
            0.5756034255027771
        ]
    ],
    "last_action_method": "return_last_retrieved_list",
    "curr_top_k_docIDs": [
        "343",
        "486",
        "352",
        "378",
        "71",
        "81",
        "320",
        "283",
        "332",
        "168"
    ],
    "terminate": true,
    "state_history": [
        {
            "queries": [
                "Educational cities for student trips"
            ],
            "iteration": 0
        },
        {
            "queries": [
                "Educational cities for student trips"
            ],
            "iteration": 0,
            "retrieved_lists": [
                [
                    "343",
                    "486",
                    "352",
                    "378",
                    "71",
                    "81",
                    "320",
                    "283",
                    "332",
                    "168"
                ]
            ],
            "all_sim_scores": [
                [
                    0.5949147343635559,
                    0.5892746448516846,
                    0.5857505202293396,
                    0.5856969356536865,
                    0.585442304611206,
                    0.5792414546012878,
                    0.5780181288719177,
                    0.5766003131866455,
                    0.5758459568023682,
                    0.5756034255027771
                ]
            ],
            "last_action_method": "rank"
        },
        {
            "queries": [
                "Educational cities for student trips"
            ],
            "iteration": 0,
            "retrieved_lists": [
                [
                    "343",
                    "486",
                    "352",
                    "378",
                    "71",
                    "81",
                    "320",
                    "283",
                    "332",
                    "168"
                ]
            ],
            "all_sim_scores": [
                [
                    0.5949147343635559,
                    0.5892746448516846,
                    0.5857505202293396,
                    0.5856969356536865,
                    0.585442304611206,
                    0.5792414546012878,
                    0.5780181288719177,
                    0.5766003131866455,
                    0.5758459568023682,
                    0.5756034255027771
                ]
            ],
            "last_action_method": "return_last_retrieved_list",
            "curr_top_k_docIDs": [
                "343",
                "486",
                "352",
                "378",
                "71",
                "81",
                "320",
                "283",
                "332",
                "168"
            ],
            "terminate": true
        }
    ]
}