{
    "queries": [
        "Cities for a rejuvenating retreat"
    ],
    "iteration": 0,
    "retrieved_lists": [
        [
            "8",
            "520",
            "141",
            "399",
            "335",
            "378",
            "251",
            "366",
            "338",
            "243",
            "120",
            "408",
            "352",
            "92",
            "1",
            "53",
            "320",
            "552",
            "105",
            "237",
            "316",
            "156",
            "226",
            "154",
            "124",
            "82",
            "347",
            "304",
            "532",
            "91",
            "283",
            "265",
            "96",
            "492",
            "201",
            "61",
            "284",
            "330",
            "560",
            "71",
            "44",
            "52",
            "245",
            "77",
            "363",
            "305",
            "111",
            "400",
            "231",
            "87",
            "380",
            "377",
            "19",
            "376",
            "31",
            "392",
            "256",
            "94",
            "294",
            "373"
        ]
    ],
    "all_sim_scores": [
        [
            0.6619139909744263,
            0.626775860786438,
            0.6267514824867249,
            0.6226505041122437,
            0.6225816607475281,
            0.6091920733451843,
            0.6085461378097534,
            0.6085372567176819,
            0.6050963401794434,
            0.6049162149429321,
            0.6036408543586731,
            0.6026545763015747,
            0.6024566888809204,
            0.6021409630775452,
            0.601341962814331,
            0.6003304719924927,
            0.5999358892440796,
            0.5989344120025635,
            0.5980863571166992,
            0.5970698595046997,
            0.597069263458252,
            0.5970603227615356,
            0.5968601703643799,
            0.5968315601348877,
            0.5963435173034668,
            0.5960699915885925,
            0.5958000421524048,
            0.5954627394676208,
            0.5951845049858093,
            0.5945166349411011,
            0.5942913889884949,
            0.594088613986969,
            0.5936700701713562,
            0.5936021208763123,
            0.5934054851531982,
            0.592982292175293,
            0.592467188835144,
            0.5919094085693359,
            0.5915000438690186,
            0.5906260013580322,
            0.590207576751709,
            0.5899547934532166,
            0.589815616607666,
            0.5890209674835205,
            0.5883704423904419,
            0.5883328318595886,
            0.5870358943939209,
            0.58701491355896,
            0.5867201685905457,
            0.5859910249710083,
            0.5859200954437256,
            0.5855194926261902,
            0.5849190354347229,
            0.5848487615585327,
            0.5843385457992554,
            0.5841924548149109,
            0.5840356349945068,
            0.5834998488426208,
            0.5831030607223511,
            0.583088755607605
        ]
    ],
    "last_action_method": "return_last_retrieved_list",
    "curr_top_k_docIDs": [
        "8",
        "520",
        "141",
        "399",
        "335",
        "378",
        "251",
        "366",
        "338",
        "243",
        "120",
        "408",
        "352",
        "92",
        "1",
        "53",
        "320",
        "552",
        "105",
        "237",
        "316",
        "156",
        "226",
        "154",
        "124",
        "82",
        "347",
        "304",
        "532",
        "91",
        "283",
        "265",
        "96",
        "492",
        "201",
        "61",
        "284",
        "330",
        "560",
        "71",
        "44",
        "52",
        "245",
        "77",
        "363",
        "305",
        "111",
        "400",
        "231",
        "87",
        "380",
        "377",
        "19",
        "376",
        "31",
        "392",
        "256",
        "94",
        "294",
        "373"
    ],
    "terminate": true,
    "state_history": [
        {
            "queries": [
                "Cities for a rejuvenating retreat"
            ],
            "iteration": 0
        },
        {
            "queries": [
                "Cities for a rejuvenating retreat"
            ],
            "iteration": 0,
            "retrieved_lists": [
                [
                    "8",
                    "520",
                    "141",
                    "399",
                    "335",
                    "378",
                    "251",
                    "366",
                    "338",
                    "243",
                    "120",
                    "408",
                    "352",
                    "92",
                    "1",
                    "53",
                    "320",
                    "552",
                    "105",
                    "237",
                    "316",
                    "156",
                    "226",
                    "154",
                    "124",
                    "82",
                    "347",
                    "304",
                    "532",
                    "91",
                    "283",
                    "265",
                    "96",
                    "492",
                    "201",
                    "61",
                    "284",
                    "330",
                    "560",
                    "71",
                    "44",
                    "52",
                    "245",
                    "77",
                    "363",
                    "305",
                    "111",
                    "400",
                    "231",
                    "87",
                    "380",
                    "377",
                    "19",
                    "376",
                    "31",
                    "392",
                    "256",
                    "94",
                    "294",
                    "373"
                ]
            ],