{
    "queries": [
        "what do the films mean in high castle"
    ],
    "iteration": 0,
    "retrieved_lists": [
        [
            "doc409564",
            "doc58987",
            "doc2678015",
            "doc2502349",
            "doc409560",
            "doc41810",
            "doc925016",
            "doc1054750",
            "doc2492257",
            "doc1930874",
            "doc361073",
            "doc19419",
            "doc411423",
            "doc19375",
            "doc1035400",
            "doc1938149",
            "doc2134060",
            "doc1054719",
            "doc1703285",
            "doc2502358",
            "doc670595",
            "doc76034",
            "doc361091",
            "doc282654",
            "doc923360",
            "doc779921",
            "doc857484",
            "doc564539",
            "doc2474547",
            "doc423050",
            "doc2474544",
            "doc593850",
            "doc2296088",
            "doc2576334",
            "doc1750530",
            "doc58982",
            "doc1088820",
            "doc144894",
            "doc296820",
            "doc2645259",
            "doc33355",
            "doc1819699",
            "doc20544",
            "doc1177334",
            "doc1846805",
            "doc2539351",
            "doc1609956",
            "doc2474464",
            "doc2474557",
            "doc450104",
            "doc1796778",
            "doc19366",
            "doc2576343",
            "doc1071157",
            "doc1674103",
            "doc2373955",
            "doc1409827",
            "doc891308",
            "doc372068",
            "doc1049597"
        ]
    ],
    "all_sim_scores": [
        [
            0.6682276725769043,
            0.6010078191757202,
            0.4517471492290497,
            0.45066553354263306,
            0.4326625466346741,
            0.4313777685165405,
            0.43044090270996094,
            0.42979979515075684,
            0.42668527364730835,
            0.4216948449611664,
            0.4197329580783844,
            0.4181590676307678,
            0.41305994987487793,
            0.40909820795059204,
            0.4073319435119629,
            0.40618011355400085,
            0.40103673934936523,
            0.40099233388900757,
            0.39994072914123535,
            0.39354127645492554,
            0.3915613889694214,
            0.3915213346481323,
            0.38432496786117554,
            0.38365232944488525,
            0.38102954626083374,
            0.38035985827445984,
            0.3791145980358124,
            0.3785035014152527,
            0.37703192234039307,
            0.374429315328598,
            0.3732154667377472,
            0.37236034870147705,
            0.3708954155445099,
            0.3693503737449646,
            0.36921167373657227,
            0.36919787526130676,
            0.36755284667015076,
            0.36363062262535095,
            0.361528217792511,
            0.36031800508499146,
            0.3592718839645386,
            0.35742658376693726,
            0.35653993487358093,
            0.3562452793121338,
            0.35578519105911255,
            0.3551238775253296,
            0.35434862971305847,
            0.3511583209037781,
            0.3510757386684418,
            0.350350558757782,
            0.34945783019065857,
            0.34887945652008057,
            0.3462977707386017,
            0.3457963466644287,
            0.34187716245651245,
            0.34089958667755127,
            0.34081369638442993,
            0.34040185809135437,
            0.3395330309867859,
            0.3391539454460144
        ]
    ],
    "last_action_method": "return_last_retrieved_list",
    "curr_top_k_docIDs": [
        "doc409564",
        "doc58987",
        "doc2678015",
        "doc2502349",
        "doc409560",
        "doc41810",
        "doc925016",
        "doc1054750",
        "doc2492257",
        "doc1930874",
        "doc361073",
        "doc19419",
        "doc411423",
        "doc19375",
        "doc1035400",
        "doc1938149",
        "doc2134060",
        "doc1054719",
        "doc1703285",
        "doc2502358",
        "doc670595",
        "doc76034",
        "doc361091",
        "doc282654",
        "doc923360",
        "doc779921",
        "doc857484",
        "doc564539",
        "doc2474547",
        "doc423050",
        "doc2474544",
        "doc593850",
        "doc2296088",
        "doc2576334",
        "doc1750530",
        "doc58982",
        "doc1088820",
        "doc144894",
        "doc296820",
        "doc2645259",
        "doc33355",
        "doc1819699",
        "doc20544",
        "doc1177334",
        "doc1846805",
        "doc2539351",
        "doc1609956",
        "doc2474464",
        "doc2474557",
        "doc450104",
        "doc1796778",
        "doc19366",
        "doc2576343",
        "doc1071157",
        "doc1674103",
        "doc2373955",
        "doc1409827",
        "doc891308",
        "doc372068",
        "doc1049597"
    ],
    "terminate": true,
    "state_history": [
        {
            "queries": [
                "what do the films mean in high castle"
            ],
            "iteration": 0
        },
        {
            "queries": [
                "what do the films mean in high castle"
            ],
            "iteration": 0,
            "retrieved_lists": [
                [
                    "doc409564",
                    "doc58987",
                    "doc2678015",
                    "doc2502349",
                    "doc409560",
                    "doc41810",
                    "doc925016",
                    "doc1054750",
                    "doc2492257",
                    "doc1930874",
                    "doc361073",
                    "doc19419",
                    "doc411423",
                    "doc19375",
                    "doc1035400",
                    "doc1938149",
                    "doc2134060",
                    "doc1054719",
                    "doc1703285",
                    "doc2502358",
                    "doc670595",
                    "doc76034",
                    "doc361091",
                    "doc282654",
                    "doc923360",
                    "doc779921",
                    "doc857484",
                    "doc564539",
                    "doc2474547",
                    "doc423050",
                    "doc2474544",
                    "doc593850",
                    "doc2296088",
                    "doc2576334",
                    "doc1750530",
                    "doc58982",
                    "doc1088820",
                    "doc144894",
                    "doc296820",
                    "doc2645259",
                    "doc33355",
                    "doc1819699",
                    "doc20544",
                    "doc1177334",
                    "doc1846805",
                    "doc2539351",
                    "doc1609956",
                    "doc2474464",
                    "doc2474557",
                    "doc450104",
                    "doc1796778",
                    "doc19366",
                    "doc2576343",
                    "doc1071157",
                    "doc1674103",
                    "doc2373955",
                    "doc1409827",
                    "doc891308",
                    "doc372068",
                    "doc1049597"
                ]
            ],