{
    "queries": [
        "Best cities for winter vacations"
    ],
    "iteration": 0,
    "retrieved_lists": [
        [
            "71",
            "376",
            "23",
            "449",
            "34",
            "8",
            "332",
            "111",
            "120",
            "505",
            "174",
            "320",
            "237",
            "299",
            "408",
            "95",
            "520",
            "168",
            "352",
            "378",
            "560",
            "516",
            "500",
            "43",
            "105",
            "115",
            "399",
            "450",
            "16",
            "172",
            "392",
            "187",
            "368",
            "253",
            "82",
            "134",
            "386",
            "141",
            "330",
            "349",
            "556",
            "121",
            "297",
            "390",
            "92",
            "109",
            "251",
            "76",
            "499",
            "339",
            "265",
            "89",
            "55",
            "284",
            "555",
            "5",
            "74",
            "126",
            "226",
            "152"
        ]
    ],
    "all_sim_scores": [
        [
            0.6013196706771851,
            0.5963929295539856,
            0.5935215950012207,
            0.5893293619155884,
            0.5887918472290039,
            0.5866694450378418,
            0.5848469138145447,
            0.5841218829154968,
            0.5803178548812866,
            0.5801373720169067,
            0.5796765089035034,
            0.5697491765022278,
            0.569682240486145,
            0.569331169128418,
            0.5687999129295349,
            0.5685045719146729,
            0.5679072141647339,
            0.5672228336334229,
            0.566588282585144,
            0.5661191344261169,
            0.5660433769226074,
            0.562142014503479,
            0.5615267157554626,
            0.5615193843841553,
            0.5612886548042297,
            0.560404896736145,
            0.5598396062850952,
            0.5585063695907593,
            0.5580161213874817,
            0.5577831864356995,
            0.5573073625564575,
            0.5566402673721313,
            0.556484043598175,
            0.5562862157821655,
            0.5527715682983398,
            0.5524909496307373,
            0.552452802658081,
            0.5499798059463501,
            0.5497989654541016,
            0.5486953258514404,
            0.548646092414856,
            0.5474638342857361,
            0.5473950505256653,
            0.5470657348632812,
            0.5458060503005981,
            0.545518159866333,
            0.5448781251907349,
            0.5447527170181274,
            0.5445228219032288,
            0.5441300272941589,
            0.5440109968185425,
            0.5435534715652466,
            0.5428258180618286,
            0.5420405864715576,
            0.5417003035545349,
            0.5416103601455688,
            0.5415061712265015,
            0.540780246257782,
            0.5394746661186218,
            0.5393260717391968
        ]
    ],
    "last_action_method": "return_last_retrieved_list",
    "curr_top_k_docIDs": [
        "71",
        "376",
        "23",
        "449",
        "34",
        "8",
        "332",
        "111",
        "120",
        "505",
        "174",
        "320",
        "237",
        "299",
        "408",
        "95",
        "520",
        "168",
        "352",
        "378",
        "560",
        "516",
        "500",
        "43",
        "105",
        "115",
        "399",
        "450",
        "16",
        "172",
        "392",
        "187",
        "368",
        "253",
        "82",
        "134",
        "386",
        "141",
        "330",
        "349",
        "556",
        "121",
        "297",
        "390",
        "92",
        "109",
        "251",
        "76",
        "499",
        "339",
        "265",
        "89",
        "55",
        "284",
        "555",
        "5",
        "74",
        "126",
        "226",
        "152"
    ],
    "terminate": true,
    "state_history": [
        {
            "queries": [
                "Best cities for winter vacations"
            ],
            "iteration": 0
        },
        {
            "queries": [
                "Best cities for winter vacations"
            ],
            "iteration": 0,
            "retrieved_lists": [
                [
                    "71",
                    "376",
                    "23",
                    "449",
                    "34",
                    "8",
                    "332",
                    "111",
                    "120",
                    "505",
                    "174",
                    "320",
                    "237",
                    "299",
                    "408",
                    "95",
                    "520",
                    "168",
                    "352",
                    "378",
                    "560",
                    "516",
                    "500",
                    "43",
                    "105",
                    "115",
                    "399",
                    "450",
                    "16",
                    "172",
                    "392",
                    "187",
                    "368",
                    "253",
                    "82",
                    "134",
                    "386",
                    "141",
                    "330",
                    "349",
                    "556",
                    "121",
                    "297",
                    "390",
                    "92",
                    "109",
                    "251",
                    "76",
                    "499",
                    "339",
                    "265",
                    "89",
                    "55",
                    "284",
                    "555",
                    "5",
                    "74",
                    "126",
                    "226",
                    "152"
                ]
            ],