{
    "queries": [
        "metal saga ps2"
    ],
    "iteration": 0,
    "retrieved_lists": [
        [
            "1097933",
            "64416",
            "929272",
            "168287",
            "800060",
            "372319",
            "1487774",
            "205301",
            "415213",
            "383857"
        ]
    ],
    "all_sim_scores": [
        [
            0.7494723200798035,
            0.7302742600440979,
            0.7258872985839844,
            0.7193328142166138,
            0.6936940550804138,
            0.6715841293334961,
            0.6487826704978943,
            0.6442462205886841,
            0.6271166801452637,
            0.6229750514030457
        ]
    ],
    "last_action_method": "return_last_retrieved_list",
    "curr_top_k_docIDs": [
        "1097933",
        "64416",
        "929272",
        "168287",
        "800060",
        "372319",
        "1487774",
        "205301",
        "415213",
        "383857"
    ],
    "terminate": true,
    "state_history": [
        {
            "queries": [
                "metal saga ps2"
            ],
            "iteration": 0
        },
        {
            "queries": [
                "metal saga ps2"
            ],
            "iteration": 0,
            "retrieved_lists": [
                [
                    "1097933",
                    "64416",
                    "929272",
                    "168287",
                    "800060",
                    "372319",
                    "1487774",
                    "205301",
                    "415213",
                    "383857"
                ]
            ],
            "all_sim_scores": [
                [
                    0.7494723200798035,
                    0.7302742600440979,
                    0.7258872985839844,
                    0.7193328142166138,
                    0.6936940550804138,
                    0.6715841293334961,
                    0.6487826704978943,
                    0.6442462205886841,
                    0.6271166801452637,
                    0.6229750514030457
                ]
            ],
            "last_action_method": "rank"
        },
        {
            "queries": [
                "metal saga ps2"
            ],
            "iteration": 0,
            "retrieved_lists": [
                [
                    "1097933",
                    "64416",
                    "929272",
                    "168287",
                    "800060",
                    "372319",
                    "1487774",
                    "205301",
                    "415213",
                    "383857"
                ]
            ],
            "all_sim_scores": [
                [
                    0.7494723200798035,
                    0.7302742600440979,
                    0.7258872985839844,
                    0.7193328142166138,
                    0.6936940550804138,
                    0.6715841293334961,
                    0.6487826704978943,
                    0.6442462205886841,
                    0.6271166801452637,
                    0.6229750514030457
                ]
            ],
            "last_action_method": "return_last_retrieved_list",
            "curr_top_k_docIDs": [
                "1097933",
                "64416",
                "929272",
                "168287",
                "800060",
                "372319",
                "1487774",
                "205301",
                "415213",
                "383857"
            ],
            "terminate": true
        }
    ]
}