{
    "queries": [
        "Recommended cities for company teambuilding"
    ],
    "iteration": 0,
    "retrieved_lists": [
        [
            "52",
            "120",
            "401",
            "423",
            "109",
            "392",
            "365",
            "385",
            "71",
            "251",
            "486",
            "432",
            "119",
            "201",
            "157",
            "371",
            "320",
            "378",
            "187",
            "204",
            "400",
            "352",
            "399",
            "105",
            "307",
            "43",
            "349",
            "338",
            "468",
            "96"
        ]
    ],
    "all_sim_scores": [
        [
            0.6260272264480591,
            0.6210837960243225,
            0.6207533478736877,
            0.6153189539909363,
            0.6103271842002869,
            0.6054123640060425,
            0.6048393249511719,
            0.6046404242515564,
            0.603944718837738,
            0.6028076410293579,
            0.5997494459152222,
            0.5995253920555115,
            0.598995566368103,
            0.5985919237136841,
            0.5973713994026184,
            0.596881628036499,
            0.5965699553489685,
            0.5953959226608276,
            0.5952359437942505,
            0.5950272679328918,
            0.594579815864563,
            0.593728244304657,
            0.5932527780532837,
            0.5914269685745239,
            0.5903249979019165,
            0.589911937713623,
            0.5883604288101196,
            0.5872611999511719,
            0.5871723890304565,
            0.5851402282714844
        ]
    ],
    "last_action_method": "check_max_q_reforms",
    "prompts": [
        "Return the best ordering of 10 of the document ids below given the query.\nFollow the output format example exactly and return only a python list of docIDs with exactly 10 IDs.\nDo not output city names.\n\nExample\n***\nQuery: tropical vacation destinations\n\nDocuments:\nDOCID: 1\t|\t TEXT: London\nDOCID: 4   |    TEXT: Cancun\nDOCID: 2456\t|\tTEXT: Myrtle Beach\n\nOutput: [\"4\", \"2456\", \"1\"]\n***\n\nInputs:\n***\nQuery: Recommended cities for company teambuilding\n\nDocuments:\n\nDOCID: 52\t|\tTEXT: Bangalore\n\nDOCID: 120\t|\tTEXT: Denver\n\nDOCID: 401\t|\tTEXT: San Jose (California)\n\nDOCID: 423\t|\tTEXT: Seattle\n\nDOCID: 109\t|\tTEXT: Cleveland\n\nDOCID: 392\t|\tTEXT: Salt Lake City\n\nDOCID: 365\t|\tTEXT: Pune\n\nDOCID: 385\t|\tTEXT: Sacramento\n\nDOCID: 71\t|\tTEXT: Boise\n\nDOCID: 251\t|\tTEXT: Los Angeles\n\nDOCID: 486\t|\tTEXT: Timi\u0219oara\n\nDOCID: 432\t|\tTEXT: Shenzhen\n\nDOCID: 119\t|\tTEXT: Dallas\n\nDOCID: 201\t|\tTEXT: Johannesburg\n\nDOCID: 157\t|\tTEXT: Gothenburg\n\nDOCID: 371\t|\tTEXT: Raleigh\n\nDOCID: 320\t|\tTEXT: New York City\n\nDOCID: 378\t|\tTEXT: Riga\n\nDOCID: 187\t|\tTEXT: Indianapolis\n\nDOCID: 204\t|\tTEXT: Kansas City\n\nDOCID: 400\t|\tTEXT: San Francisco\n\nDOCID: 352\t|\tTEXT: Portland (Oregon)\n\nDOCID: 399\t|\tTEXT: San Diego\n\nDOCID: 105\t|\tTEXT: Chicago\n\nDOCID: 307\t|\tTEXT: Nagoya\n\nDOCID: 43\t|\tTEXT: Atlanta\n\nDOCID: 349\t|\tTEXT: Pittsburgh\n\nDOCID: 338\t|\tTEXT: Panama City\n\nDOCID: 468\t|\tTEXT: Tampa\n\nDOCID: 96\t|\tTEXT: Cebu City\n\n***\n\nOutput:"
    ],
    "responses": [
        "```python\n[\"120\", \"401\", \"423\", \"109\", \"392\", \"385\", \"71\", \"251\", \"119\", \"400\"]\n```\n"
    ],
    "curr_top_k_docIDs": [
        "120",
        "401",
        "423",
        "109",
        "392",
        "385",
        "71",
        "251",
        "119",
        "400"
    ],
    "terminate": true,
    "state_history": [
        {
            "queries": [
                "Recommended cities for company teambuilding"
            ],
            "iteration": 0
        },
        {
            "queries": [
                "Recommended cities for company teambuilding"
            ],
            "iteration": 0,
            "retrieved_lists": [
                [
                    "52",
                    "120",
                    "401",
                    "423",
                    "109",
                    "392",
                    "365",
                    "385",
                    "71",
                    "251",
                    "486",
                    "432",
                    "119",
                    "201",
                    "157",
                    "371",
                    "320",
                    "378",
                    "187",
                    "204",
                    "400",
                    "352",
                    "399",
                    "105",
                    "307",
                    "43",
                    "349",
                    "338",
                    "468",
                    "96"
                ]
            ],
            "all_sim_scores": [
                [
                    0.6260272264480591,
                    0.6210837960243225,
                    0.6207533478736877,
                    0.6153189539909363,
                    0.6103271842002869,
                    0.6054123640060425,
                    0.6048393249511719,
                    0.6046404242515564,
                    0.603944718837738,
                    0.6028076410293579,
                    0.5997494459152222,
                    0.5995253920555115,
                    0.598995566368103,
                    0.5985919237136841,
                    0.5973713994026184,
                    0.596881628036499,
                    0.5965699553489685,
                    0.5953959226608276,
                    0.5952359437942505,
                    0.5950272679328918,
                    0.594579815864563,
                    0.593728244304657,
                    0.5932527780532837,
                    0.5914269685745239,
                    0.5903249979019165,
                    0.589911937713623,
                    0.5883604288101196,
                    0.5872611999511719,
                    0.5871723890304565,
                    0.5851402282714844
                ]
            ],
            "last_action_method": "rank"
        },
        {
            "queries": [
                "Recommended cities for company teambuilding"
            ],
            "iteration": 0,
            "retrieved_lists": [
                [
                    "52",
                    "120",
                    "401",
                    "423",
                    "109",
                    "392",
                    "365",
                    "385",
                    "71",
                    "251",
                    "486",
                    "432",
                    "119",
                    "201",
                    "157",
                    "371",
                    "320",
                    "378",
                    "187",
                    "204",
                    "400",
                    "352",
                    "399",
                    "105",
                    "307",
                    "43",
                    "349",
                    "338",
                    "468",
                    "96"
                ]
            ],