{
    "queries": [
        "where does the white witch live in narnia"
    ],
    "iteration": 0,
    "retrieved_lists": [
        [
            "doc797849",
            "doc62368",
            "doc62358",
            "doc797823",
            "doc62375",
            "doc910365",
            "doc745926",
            "doc797839",
            "doc374359",
            "doc797899",
            "doc797844",
            "doc374372",
            "doc2134015",
            "doc797873",
            "doc1839977",
            "doc73664",
            "doc797817",
            "doc2562593",
            "doc1181168",
            "doc797826",
            "doc760276",
            "doc1839969",
            "doc325342",
            "doc1985166",
            "doc278222",
            "doc1839988",
            "doc1332284",
            "doc1854059",
            "doc506980",
            "doc2498293",
            "doc1172924",
            "doc1181149",
            "doc1839962",
            "doc2496884",
            "doc640388",
            "doc334979",
            "doc1905953",
            "doc760280",
            "doc572115",
            "doc797838",
            "doc170451",
            "doc2505777",
            "doc447571",
            "doc819290",
            "doc1133682",
            "doc2501112",
            "doc442715",
            "doc283969",
            "doc506972",
            "doc334986",
            "doc2533857",
            "doc496633",
            "doc283973",
            "doc2360748",
            "doc1906007",
            "doc365545",
            "doc542039",
            "doc2445838",
            "doc1274319",
            "doc2050431"
        ]
    ],
    "all_sim_scores": [
        [
            0.7780544757843018,
            0.7089323401451111,
            0.6130496859550476,
            0.5945978164672852,
            0.5587905049324036,
            0.5565164089202881,
            0.5339669585227966,
            0.5247765779495239,
            0.5246983766555786,
            0.5232497453689575,
            0.5131304264068604,
            0.510162353515625,
            0.4770117998123169,
            0.4707396924495697,
            0.45986491441726685,
            0.4578227996826172,
            0.45377689599990845,
            0.4536896049976349,
            0.45223236083984375,
            0.452101469039917,
            0.44848084449768066,
            0.4446812570095062,
            0.4428269863128662,
            0.4427843987941742,
            0.4387512803077698,
            0.43295004963874817,
            0.4269840717315674,
            0.419217586517334,
            0.41780927777290344,
            0.4177359342575073,
            0.4155248999595642,
            0.4149599075317383,
            0.412276953458786,
            0.4105280637741089,
            0.4097718596458435,
            0.40949174761772156,
            0.40720444917678833,
            0.4026660919189453,
            0.39733514189720154,
            0.3972041606903076,
            0.3953094482421875,
            0.3922274112701416,
            0.39147475361824036,
            0.39141473174095154,
            0.3887942433357239,
            0.3862583637237549,
            0.38621243834495544,
            0.38547229766845703,
            0.38421326875686646,
            0.38399538397789,
            0.38261204957962036,
            0.3820158541202545,
            0.3813610374927521,
            0.3799821436405182,
            0.37518173456192017,
            0.37324920296669006,
            0.3716053366661072,
            0.3639206886291504,
            0.3638644218444824,
            0.3614279627799988
        ]
    ],
    "last_action_method": "return_last_retrieved_list",
    "curr_top_k_docIDs": [
        "doc797849",
        "doc62368",
        "doc62358",
        "doc797823",
        "doc62375",
        "doc910365",
        "doc745926",
        "doc797839",
        "doc374359",
        "doc797899",
        "doc797844",
        "doc374372",
        "doc2134015",
        "doc797873",
        "doc1839977",
        "doc73664",
        "doc797817",
        "doc2562593",
        "doc1181168",
        "doc797826",
        "doc760276",
        "doc1839969",
        "doc325342",
        "doc1985166",
        "doc278222",
        "doc1839988",
        "doc1332284",
        "doc1854059",
        "doc506980",
        "doc2498293",
        "doc1172924",
        "doc1181149",
        "doc1839962",
        "doc2496884",
        "doc640388",
        "doc334979",
        "doc1905953",
        "doc760280",
        "doc572115",
        "doc797838",
        "doc170451",
        "doc2505777",
        "doc447571",
        "doc819290",
        "doc1133682",
        "doc2501112",
        "doc442715",
        "doc283969",
        "doc506972",
        "doc334986",
        "doc2533857",
        "doc496633",
        "doc283973",
        "doc2360748",
        "doc1906007",
        "doc365545",
        "doc542039",
        "doc2445838",
        "doc1274319",
        "doc2050431"
    ],
    "terminate": true,
    "state_history": [
        {
            "queries": [
                "where does the white witch live in narnia"
            ],
            "iteration": 0
        },
        {
            "queries": [
                "where does the white witch live in narnia"
            ],
            "iteration": 0,
            "retrieved_lists": [
                [
                    "doc797849",
                    "doc62368",
                    "doc62358",
                    "doc797823",
                    "doc62375",
                    "doc910365",
                    "doc745926",
                    "doc797839",
                    "doc374359",
                    "doc797899",
                    "doc797844",
                    "doc374372",
                    "doc2134015",
                    "doc797873",
                    "doc1839977",
                    "doc73664",
                    "doc797817",
                    "doc2562593",
                    "doc1181168",
                    "doc797826",
                    "doc760276",
                    "doc1839969",
                    "doc325342",
                    "doc1985166",
                    "doc278222",
                    "doc1839988",
                    "doc1332284",
                    "doc1854059",
                    "doc506980",
                    "doc2498293",
                    "doc1172924",
                    "doc1181149",
                    "doc1839962",
                    "doc2496884",
                    "doc640388",
                    "doc334979",
                    "doc1905953",
                    "doc760280",
                    "doc572115",
                    "doc797838",
                    "doc170451",
                    "doc2505777",
                    "doc447571",
                    "doc819290",
                    "doc1133682",
                    "doc2501112",
                    "doc442715",
                    "doc283969",
                    "doc506972",
                    "doc334986",
                    "doc2533857",
                    "doc496633",
                    "doc283973",
                    "doc2360748",
                    "doc1906007",
                    "doc365545",
                    "doc542039",
                    "doc2445838",
                    "doc1274319",
                    "doc2050431"
                ]
            ],