{
    "queries": [
        "Cities known for entertainment"
    ],
    "iteration": 0,
    "retrieved_lists": [
        [
            "283",
            "320",
            "199",
            "177",
            "233",
            "226",
            "204",
            "392",
            "96",
            "497"
        ]
    ],
    "all_sim_scores": [
        [
            0.3854639530181885,
            0.3683251440525055,
            0.36503517627716064,
            0.3545647859573364,
            0.3421415388584137,
            0.3416282832622528,
            0.33191078901290894,
            0.3305681347846985,
            0.32648640871047974,
            0.3232385516166687
        ]
    ],
    "last_action_method": "return_last_retrieved_list",
    "curr_top_k_docIDs": [
        "283",
        "320",
        "199",
        "177",
        "233",
        "226",
        "204",
        "392",
        "96",
        "497"
    ],
    "terminate": true,
    "state_history": [
        {
            "queries": [
                "Cities known for entertainment"
            ],
            "iteration": 0
        },
        {
            "queries": [
                "Cities known for entertainment"
            ],
            "iteration": 0,
            "retrieved_lists": [
                [
                    "283",
                    "320",
                    "199",
                    "177",
                    "233",
                    "226",
                    "204",
                    "392",
                    "96",
                    "497"
                ]
            ],
            "all_sim_scores": [
                [
                    0.3854639530181885,
                    0.3683251440525055,
                    0.36503517627716064,
                    0.3545647859573364,
                    0.3421415388584137,
                    0.3416282832622528,
                    0.33191078901290894,
                    0.3305681347846985,
                    0.32648640871047974,
                    0.3232385516166687
                ]
            ],
            "last_action_method": "rank"
        },
        {
            "queries": [
                "Cities known for entertainment"
            ],
            "iteration": 0,
            "retrieved_lists": [
                [
                    "283",
                    "320",
                    "199",
                    "177",
                    "233",
                    "226",
                    "204",
                    "392",
                    "96",
                    "497"
                ]
            ],
            "all_sim_scores": [
                [
                    0.3854639530181885,
                    0.3683251440525055,
                    0.36503517627716064,
                    0.3545647859573364,
                    0.3421415388584137,
                    0.3416282832622528,
                    0.33191078901290894,
                    0.3305681347846985,
                    0.32648640871047974,
                    0.3232385516166687
                ]
            ],
            "last_action_method": "return_last_retrieved_list",
            "curr_top_k_docIDs": [
                "283",
                "320",
                "199",
                "177",
                "233",
                "226",
                "204",
                "392",
                "96",
                "497"
            ],
            "terminate": true
        }
    ]
}