{
    "queries": [
        "when did the granite mountain hotshots get certified"
    ],
    "iteration": 0,
    "retrieved_lists": [
        [
            "doc110851",
            "doc862779",
            "doc752321",
            "doc981623",
            "doc704009",
            "doc250364",
            "doc1451214",
            "doc1035520",
            "doc885526",
            "doc1107060",
            "doc862768",
            "doc1777875",
            "doc1093968",
            "doc988123",
            "doc908576",
            "doc1671805",
            "doc2616696",
            "doc1777894",
            "doc889501",
            "doc1492685",
            "doc2109691",
            "doc2269382",
            "doc956897",
            "doc428418",
            "doc1157894",
            "doc360289",
            "doc2621119",
            "doc2069045",
            "doc185191",
            "doc699597",
            "doc2252535",
            "doc2372499",
            "doc1777881",
            "doc2240324",
            "doc1902111",
            "doc2560919",
            "doc2095645",
            "doc862741",
            "doc2088819",
            "doc1162896",
            "doc1731177",
            "doc1693157",
            "doc643459",
            "doc506009",
            "doc2334406",
            "doc1790549",
            "doc1838499",
            "doc12616",
            "doc905566",
            "doc307732",
            "doc77232",
            "doc2299415",
            "doc1050931",
            "doc2527337",
            "doc102104",
            "doc335121",
            "doc1267424",
            "doc956899",
            "doc975368",
            "doc1472030"
        ]
    ],
    "all_sim_scores": [
        [
            0.555797815322876,
            0.3817041516304016,
            0.37720948457717896,
            0.35557135939598083,
            0.3500670790672302,
            0.3456149101257324,
            0.33602219820022583,
            0.3339472711086273,
            0.3218659460544586,
            0.3170006275177002,
            0.3104812502861023,
            0.31014639139175415,
            0.30734121799468994,
            0.306348979473114,
            0.3023725748062134,
            0.29944050312042236,
            0.29882553219795227,
            0.2973388135433197,
            0.29303932189941406,
            0.29002925753593445,
            0.28808027505874634,
            0.28671514987945557,
            0.28530049324035645,
            0.28510209918022156,
            0.2846088409423828,
            0.2830069065093994,
            0.2828049659729004,
            0.2821216583251953,
            0.2810989022254944,
            0.2803601026535034,
            0.2795107662677765,
            0.2793083190917969,
            0.2789466381072998,
            0.2789270281791687,
            0.2788289487361908,
            0.2776046395301819,
            0.2763436734676361,
            0.2762548327445984,
            0.27609971165657043,
            0.27453333139419556,
            0.2745049297809601,
            0.2744516134262085,
            0.2739788889884949,
            0.2733549475669861,
            0.27251821756362915,
            0.2723589241504669,
            0.27213454246520996,
            0.27208489179611206,
            0.27199649810791016,
            0.27027395367622375,
            0.2693764567375183,
            0.269059419631958,
            0.26711714267730713,
            0.2665697932243347,
            0.2664949893951416,
            0.26648640632629395,
            0.26567700505256653,
            0.26517289876937866,
            0.26506927609443665,
            0.2650034725666046
        ]
    ],
    "last_action_method": "return_last_retrieved_list",
    "curr_top_k_docIDs": [
        "doc110851",
        "doc862779",
        "doc752321",
        "doc981623",
        "doc704009",
        "doc250364",
        "doc1451214",
        "doc1035520",
        "doc885526",
        "doc1107060",
        "doc862768",
        "doc1777875",
        "doc1093968",
        "doc988123",
        "doc908576",
        "doc1671805",
        "doc2616696",
        "doc1777894",
        "doc889501",
        "doc1492685",
        "doc2109691",
        "doc2269382",
        "doc956897",
        "doc428418",
        "doc1157894",
        "doc360289",
        "doc2621119",
        "doc2069045",
        "doc185191",
        "doc699597",
        "doc2252535",
        "doc2372499",
        "doc1777881",
        "doc2240324",
        "doc1902111",
        "doc2560919",
        "doc2095645",
        "doc862741",
        "doc2088819",
        "doc1162896",
        "doc1731177",
        "doc1693157",
        "doc643459",
        "doc506009",
        "doc2334406",
        "doc1790549",
        "doc1838499",
        "doc12616",
        "doc905566",
        "doc307732",
        "doc77232",
        "doc2299415",
        "doc1050931",
        "doc2527337",
        "doc102104",
        "doc335121",
        "doc1267424",
        "doc956899",
        "doc975368",
        "doc1472030"
    ],
    "terminate": true,
    "state_history": [
        {
            "queries": [
                "when did the granite mountain hotshots get certified"
            ],
            "iteration": 0
        },
        {
            "queries": [
                "when did the granite mountain hotshots get certified"
            ],
            "iteration": 0,
            "retrieved_lists": [
                [
                    "doc110851",
                    "doc862779",
                    "doc752321",
                    "doc981623",
                    "doc704009",
                    "doc250364",
                    "doc1451214",
                    "doc1035520",
                    "doc885526",
                    "doc1107060",
                    "doc862768",
                    "doc1777875",
                    "doc1093968",
                    "doc988123",
                    "doc908576",
                    "doc1671805",
                    "doc2616696",
                    "doc1777894",
                    "doc889501",
                    "doc1492685",
                    "doc2109691",
                    "doc2269382",
                    "doc956897",
                    "doc428418",
                    "doc1157894",
                    "doc360289",
                    "doc2621119",
                    "doc2069045",
                    "doc185191",
                    "doc699597",
                    "doc2252535",
                    "doc2372499",
                    "doc1777881",
                    "doc2240324",
                    "doc1902111",
                    "doc2560919",
                    "doc2095645",
                    "doc862741",
                    "doc2088819",
                    "doc1162896",
                    "doc1731177",
                    "doc1693157",
                    "doc643459",
                    "doc506009",
                    "doc2334406",
                    "doc1790549",
                    "doc1838499",
                    "doc12616",
                    "doc905566",
                    "doc307732",
                    "doc77232",
                    "doc2299415",
                    "doc1050931",
                    "doc2527337",
                    "doc102104",
                    "doc335121",
                    "doc1267424",
                    "doc956899",
                    "doc975368",
                    "doc1472030"
                ]
            ],