{
    "queries": [
        "Cities for sports enthusiasts"
    ],
    "iteration": 0,
    "retrieved_lists": [
        [
            "120",
            "251",
            "109",
            "352",
            "187",
            "492",
            "349",
            "328",
            "201",
            "43"
        ]
    ],
    "all_sim_scores": [
        [
            0.6693459749221802,
            0.6640487909317017,
            0.6596876382827759,
            0.6495651006698608,
            0.6478230357170105,
            0.646390974521637,
            0.6391762495040894,
            0.638177752494812,
            0.6360464692115784,
            0.6354995965957642
        ]
    ],
    "last_action_method": "return_last_retrieved_list",
    "curr_top_k_docIDs": [
        "120",
        "251",
        "109",
        "352",
        "187",
        "492",
        "349",
        "328",
        "201",
        "43"
    ],
    "terminate": true,
    "state_history": [
        {
            "queries": [
                "Cities for sports enthusiasts"
            ],
            "iteration": 0
        },
        {
            "queries": [
                "Cities for sports enthusiasts"
            ],
            "iteration": 0,
            "retrieved_lists": [
                [
                    "120",
                    "251",
                    "109",
                    "352",
                    "187",
                    "492",
                    "349",
                    "328",
                    "201",
                    "43"
                ]
            ],
            "all_sim_scores": [
                [
                    0.6693459749221802,
                    0.6640487909317017,
                    0.6596876382827759,
                    0.6495651006698608,
                    0.6478230357170105,
                    0.646390974521637,
                    0.6391762495040894,
                    0.638177752494812,
                    0.6360464692115784,
                    0.6354995965957642
                ]
            ],
            "last_action_method": "rank"
        },
        {
            "queries": [
                "Cities for sports enthusiasts"
            ],
            "iteration": 0,
            "retrieved_lists": [
                [
                    "120",
                    "251",
                    "109",
                    "352",
                    "187",
                    "492",
                    "349",
                    "328",
                    "201",
                    "43"
                ]
            ],
            "all_sim_scores": [
                [
                    0.6693459749221802,
                    0.6640487909317017,
                    0.6596876382827759,
                    0.6495651006698608,
                    0.6478230357170105,
                    0.646390974521637,
                    0.6391762495040894,
                    0.638177752494812,
                    0.6360464692115784,
                    0.6354995965957642
                ]
            ],
            "last_action_method": "return_last_retrieved_list",
            "curr_top_k_docIDs": [
                "120",
                "251",
                "109",
                "352",
                "187",
                "492",
                "349",
                "328",
                "201",
                "43"
            ],
            "terminate": true
        }
    ]
}