{
    "queries": [
        "when did aint get added to the dictionary"
    ],
    "iteration": 0,
    "retrieved_lists": [
        [
            "doc13774",
            "doc2677340",
            "doc2189505",
            "doc734300",
            "doc1564139",
            "doc1650251",
            "doc629500",
            "doc1474231",
            "doc2560289",
            "doc710225",
            "doc1408722",
            "doc1361871",
            "doc2165069",
            "doc1543954",
            "doc1018703",
            "doc310154",
            "doc1632676",
            "doc1364696",
            "doc2647260",
            "doc591490",
            "doc383574",
            "doc514228",
            "doc2589461",
            "doc1116600",
            "doc2001091",
            "doc1544135",
            "doc1723350",
            "doc1260675",
            "doc2407888",
            "doc722143",
            "doc1070340",
            "doc1243447",
            "doc1767437",
            "doc814963",
            "doc2249370",
            "doc203337",
            "doc1414832",
            "doc879203",
            "doc983574",
            "doc319625",
            "doc443744",
            "doc1724338",
            "doc1660547",
            "doc2391291",
            "doc685857",
            "doc37321",
            "doc1287012",
            "doc2204195",
            "doc1121808",
            "doc1208086",
            "doc1397417",
            "doc868571",
            "doc201557",
            "doc283575",
            "doc2366179",
            "doc1590462",
            "doc292891",
            "doc2582951",
            "doc940616",
            "doc2008407"
        ]
    ],
    "all_sim_scores": [
        [
            0.6257498264312744,
            0.40117472410202026,
            0.3518155813217163,
            0.34500595927238464,
            0.3262977600097656,
            0.3086211085319519,
            0.29805970191955566,
            0.2933828830718994,
            0.28742143511772156,
            0.2863540053367615,
            0.27933186292648315,
            0.27463823556900024,
            0.2738438844680786,
            0.27351266145706177,
            0.272124707698822,
            0.2644888162612915,
            0.2624766230583191,
            0.26206910610198975,
            0.26157358288764954,
            0.2602527141571045,
            0.2601056694984436,
            0.2592214345932007,
            0.2585308253765106,
            0.25644636154174805,
            0.2552458941936493,
            0.2537098228931427,
            0.25317254662513733,
            0.2529449164867401,
            0.250213623046875,
            0.24649280309677124,
            0.2456703931093216,
            0.2443554848432541,
            0.2437034398317337,
            0.24324434995651245,
            0.24215245246887207,
            0.24141180515289307,
            0.24107186496257782,
            0.240313321352005,
            0.24013051390647888,
            0.23736737668514252,
            0.2364252507686615,
            0.2363518476486206,
            0.2354237139225006,
            0.23439323902130127,
            0.23188531398773193,
            0.23175211250782013,
            0.23081770539283752,
            0.2306315004825592,
            0.23031333088874817,
            0.23020382225513458,
            0.22938212752342224,
            0.22860001027584076,
            0.2282310128211975,
            0.22612209618091583,
            0.22552457451820374,
            0.22538383305072784,
            0.22315895557403564,
            0.22314195334911346,
            0.22213329374790192,
            0.22152423858642578
        ]
    ],
    "last_action_method": "return_last_retrieved_list",
    "curr_top_k_docIDs": [
        "doc13774",
        "doc2677340",
        "doc2189505",
        "doc734300",
        "doc1564139",
        "doc1650251",
        "doc629500",
        "doc1474231",
        "doc2560289",
        "doc710225",
        "doc1408722",
        "doc1361871",
        "doc2165069",
        "doc1543954",
        "doc1018703",
        "doc310154",
        "doc1632676",
        "doc1364696",
        "doc2647260",
        "doc591490",
        "doc383574",
        "doc514228",
        "doc2589461",
        "doc1116600",
        "doc2001091",
        "doc1544135",
        "doc1723350",
        "doc1260675",
        "doc2407888",
        "doc722143",
        "doc1070340",
        "doc1243447",
        "doc1767437",
        "doc814963",
        "doc2249370",
        "doc203337",
        "doc1414832",
        "doc879203",
        "doc983574",
        "doc319625",
        "doc443744",
        "doc1724338",
        "doc1660547",
        "doc2391291",
        "doc685857",
        "doc37321",
        "doc1287012",
        "doc2204195",
        "doc1121808",
        "doc1208086",
        "doc1397417",
        "doc868571",
        "doc201557",
        "doc283575",
        "doc2366179",
        "doc1590462",
        "doc292891",
        "doc2582951",
        "doc940616",
        "doc2008407"
    ],
    "terminate": true,
    "state_history": [
        {
            "queries": [
                "when did aint get added to the dictionary"
            ],
            "iteration": 0
        },
        {
            "queries": [
                "when did aint get added to the dictionary"
            ],
            "iteration": 0,
            "retrieved_lists": [
                [
                    "doc13774",
                    "doc2677340",
                    "doc2189505",
                    "doc734300",
                    "doc1564139",
                    "doc1650251",
                    "doc629500",
                    "doc1474231",
                    "doc2560289",
                    "doc710225",
                    "doc1408722",
                    "doc1361871",
                    "doc2165069",
                    "doc1543954",
                    "doc1018703",
                    "doc310154",
                    "doc1632676",
                    "doc1364696",
                    "doc2647260",
                    "doc591490",
                    "doc383574",
                    "doc514228",
                    "doc2589461",
                    "doc1116600",
                    "doc2001091",
                    "doc1544135",
                    "doc1723350",
                    "doc1260675",
                    "doc2407888",
                    "doc722143",
                    "doc1070340",
                    "doc1243447",
                    "doc1767437",
                    "doc814963",
                    "doc2249370",
                    "doc203337",
                    "doc1414832",
                    "doc879203",
                    "doc983574",
                    "doc319625",
                    "doc443744",
                    "doc1724338",
                    "doc1660547",
                    "doc2391291",
                    "doc685857",
                    "doc37321",
                    "doc1287012",
                    "doc2204195",
                    "doc1121808",
                    "doc1208086",
                    "doc1397417",
                    "doc868571",
                    "doc201557",
                    "doc283575",
                    "doc2366179",
                    "doc1590462",
                    "doc292891",
                    "doc2582951",
                    "doc940616",
                    "doc2008407"
                ]
            ],