{
    "queries": [
        "I want to explore unique local events"
    ],
    "iteration": 0,
    "retrieved_lists": [
        [
            "467",
            "376",
            "425",
            "482",
            "497",
            "82",
            "446",
            "330",
            "464",
            "44",
            "530",
            "398",
            "193",
            "420",
            "418",
            "77",
            "557",
            "490",
            "59",
            "174",
            "537",
            "437",
            "415",
            "171",
            "307",
            "520",
            "392",
            "179",
            "53",
            "315",
            "96",
            "428",
            "233",
            "368",
            "226",
            "259",
            "237",
            "265",
            "227",
            "48",
            "102",
            "57",
            "110",
            "149",
            "61",
            "151",
            "450",
            "543",
            "186",
            "127",
            "283",
            "229",
            "280",
            "439",
            "300",
            "407",
            "6",
            "475",
            "382",
            "165"
        ]
    ],
    "all_sim_scores": [
        [
            0.3044602572917938,
            0.2954832911491394,
            0.28480786085128784,
            0.2842031419277191,
            0.28167715668678284,
            0.27646586298942566,
            0.27546602487564087,
            0.2752683162689209,
            0.27480652928352356,
            0.2738850712776184,
            0.2660005986690521,
            0.26552215218544006,
            0.2639198303222656,
            0.26222532987594604,
            0.26012861728668213,
            0.2599117159843445,
            0.25703275203704834,
            0.25693631172180176,
            0.25631600618362427,
            0.2544478178024292,
            0.25349169969558716,
            0.2529146671295166,
            0.2519831657409668,
            0.2519097924232483,
            0.2516601085662842,
            0.25148582458496094,
            0.24964526295661926,
            0.2492910772562027,
            0.24582503736019135,
            0.24522550404071808,
            0.24518904089927673,
            0.24417737126350403,
            0.24347428977489471,
            0.24287867546081543,
            0.2425847053527832,
            0.2423364222049713,
            0.24060389399528503,
            0.24055323004722595,
            0.23998050391674042,
            0.2394271343946457,
            0.23922869563102722,
            0.23921474814414978,
            0.23882558941841125,
            0.23869720101356506,
            0.2386096864938736,
            0.23825471103191376,
            0.2382003664970398,
            0.23757530748844147,
            0.23719215393066406,
            0.23695993423461914,
            0.23656214773654938,
            0.23523271083831787,
            0.23473837971687317,
            0.2347327172756195,
            0.23467546701431274,
            0.23446057736873627,
            0.23354533314704895,
            0.23317930102348328,
            0.2331009954214096,
            0.2326989322900772
        ]
    ],
    "last_action_method": "return_last_retrieved_list",
    "curr_top_k_docIDs": [
        "467",
        "376",
        "425",
        "482",
        "497",
        "82",
        "446",
        "330",
        "464",
        "44",
        "530",
        "398",
        "193",
        "420",
        "418",
        "77",
        "557",
        "490",
        "59",
        "174",
        "537",
        "437",
        "415",
        "171",
        "307",
        "520",
        "392",
        "179",
        "53",
        "315",
        "96",
        "428",
        "233",
        "368",
        "226",
        "259",
        "237",
        "265",
        "227",
        "48",
        "102",
        "57",
        "110",
        "149",
        "61",
        "151",
        "450",
        "543",
        "186",
        "127",
        "283",
        "229",
        "280",
        "439",
        "300",
        "407",
        "6",
        "475",
        "382",
        "165"
    ],
    "terminate": true,
    "state_history": [
        {
            "queries": [
                "I want to explore unique local events"
            ],
            "iteration": 0
        },
        {
            "queries": [
                "I want to explore unique local events"
            ],
            "iteration": 0,
            "retrieved_lists": [
                [
                    "467",
                    "376",
                    "425",
                    "482",
                    "497",
                    "82",
                    "446",
                    "330",
                    "464",
                    "44",
                    "530",
                    "398",
                    "193",
                    "420",
                    "418",
                    "77",
                    "557",
                    "490",
                    "59",
                    "174",
                    "537",
                    "437",
                    "415",
                    "171",
                    "307",
                    "520",
                    "392",
                    "179",
                    "53",
                    "315",
                    "96",
                    "428",
                    "233",
                    "368",
                    "226",
                    "259",
                    "237",
                    "265",
                    "227",
                    "48",
                    "102",
                    "57",
                    "110",
                    "149",
                    "61",
                    "151",
                    "450",
                    "543",
                    "186",
                    "127",
                    "283",
                    "229",
                    "280",
                    "439",
                    "300",
                    "407",
                    "6",
                    "475",
                    "382",
                    "165"
                ]
            ],