{
    "queries": [
        "rodillo de madera para masajes reductores"
    ],
    "iteration": 0,
    "retrieved_lists": [
        [
            "1282306",
            "377102",
            "1292543",
            "1633300",
            "1493481",
            "823065",
            "907672",
            "178993",
            "608360",
            "1646457"
        ]
    ],
    "all_sim_scores": [
        [
            0.6359201669692993,
            0.6352899074554443,
            0.6352211833000183,
            0.6342702507972717,
            0.6306026577949524,
            0.629973292350769,
            0.6297839283943176,
            0.6285626888275146,
            0.6282147169113159,
            0.6232846975326538
        ]
    ],
    "last_action_method": "return_last_retrieved_list",
    "curr_top_k_docIDs": [
        "1282306",
        "377102",
        "1292543",
        "1633300",
        "1493481",
        "823065",
        "907672",
        "178993",
        "608360",
        "1646457"
    ],
    "terminate": true,
    "state_history": [
        {
            "queries": [
                "rodillo de madera para masajes reductores"
            ],
            "iteration": 0
        },
        {
            "queries": [
                "rodillo de madera para masajes reductores"
            ],
            "iteration": 0,
            "retrieved_lists": [
                [
                    "1282306",
                    "377102",
                    "1292543",
                    "1633300",
                    "1493481",
                    "823065",
                    "907672",
                    "178993",
                    "608360",
                    "1646457"
                ]
            ],
            "all_sim_scores": [
                [
                    0.6359201669692993,
                    0.6352899074554443,
                    0.6352211833000183,
                    0.6342702507972717,
                    0.6306026577949524,
                    0.629973292350769,
                    0.6297839283943176,
                    0.6285626888275146,
                    0.6282147169113159,
                    0.6232846975326538
                ]
            ],
            "last_action_method": "rank"
        },
        {
            "queries": [
                "rodillo de madera para masajes reductores"
            ],
            "iteration": 0,
            "retrieved_lists": [
                [
                    "1282306",
                    "377102",
                    "1292543",
                    "1633300",
                    "1493481",
                    "823065",
                    "907672",
                    "178993",
                    "608360",
                    "1646457"
                ]
            ],
            "all_sim_scores": [
                [
                    0.6359201669692993,
                    0.6352899074554443,
                    0.6352211833000183,
                    0.6342702507972717,
                    0.6306026577949524,
                    0.629973292350769,
                    0.6297839283943176,
                    0.6285626888275146,
                    0.6282147169113159,
                    0.6232846975326538
                ]
            ],
            "last_action_method": "return_last_retrieved_list",
            "curr_top_k_docIDs": [
                "1282306",
                "377102",
                "1292543",
                "1633300",
                "1493481",
                "823065",
                "907672",
                "178993",
                "608360",
                "1646457"
            ],
            "terminate": true
        }
    ]
}