{
    "queries": [
        "when did scotland last qualify for world cup"
    ],
    "iteration": 0,
    "retrieved_lists": [
        [
            "doc8271",
            "doc712044",
            "doc2157199",
            "doc1051275",
            "doc265105",
            "doc422098",
            "doc631552",
            "doc1236010",
            "doc2278802",
            "doc2485049",
            "doc1756947",
            "doc212580",
            "doc1489210",
            "doc1730389",
            "doc1783957",
            "doc2166428",
            "doc584226",
            "doc79399",
            "doc1286368",
            "doc1513557",
            "doc1432849",
            "doc2658482",
            "doc825017",
            "doc2320834",
            "doc165028",
            "doc1437819",
            "doc1884202",
            "doc1561402",
            "doc789372",
            "doc927859",
            "doc2325963",
            "doc570692",
            "doc1826594",
            "doc592471",
            "doc2494786",
            "doc2402514",
            "doc695166",
            "doc595315",
            "doc531636",
            "doc856801",
            "doc825192",
            "doc2277332",
            "doc1068139",
            "doc947222",
            "doc487149",
            "doc96076",
            "doc405108",
            "doc291702",
            "doc495100",
            "doc1108385",
            "doc228692",
            "doc1490468",
            "doc1273514",
            "doc2134237",
            "doc1869392",
            "doc389936",
            "doc1247059",
            "doc838730",
            "doc716089",
            "doc576689"
        ]
    ],
    "all_sim_scores": [
        [
            0.8183349370956421,
            0.4734850227832794,
            0.4701083302497864,
            0.46783018112182617,
            0.4541740119457245,
            0.4056428074836731,
            0.39769160747528076,
            0.3961138129234314,
            0.3894836902618408,
            0.38407620787620544,
            0.3822156488895416,
            0.3709757328033447,
            0.365148663520813,
            0.35523539781570435,
            0.35488569736480713,
            0.34510618448257446,
            0.34322232007980347,
            0.3348722457885742,
            0.3314616084098816,
            0.3312816917896271,
            0.32215332984924316,
            0.3214513063430786,
            0.32077521085739136,
            0.3165842294692993,
            0.3130608797073364,
            0.3130376636981964,
            0.31273773312568665,
            0.30455446243286133,
            0.3033585846424103,
            0.3031546473503113,
            0.3026069700717926,
            0.3002362549304962,
            0.2984938621520996,
            0.2941244840621948,
            0.291833758354187,
            0.2894688546657562,
            0.288331001996994,
            0.28782743215560913,
            0.286950945854187,
            0.2861366271972656,
            0.28527700901031494,
            0.2824505567550659,
            0.2821713387966156,
            0.28012141585350037,
            0.27737173438072205,
            0.2752884328365326,
            0.27423667907714844,
            0.27319759130477905,
            0.2731243669986725,
            0.27296996116638184,
            0.27259576320648193,
            0.26856929063796997,
            0.2681773602962494,
            0.267805814743042,
            0.2667831778526306,
            0.2667240500450134,
            0.26647090911865234,
            0.2620842456817627,
            0.2620038092136383,
            0.26190394163131714
        ]
    ],
    "last_action_method": "return_last_retrieved_list",
    "curr_top_k_docIDs": [
        "doc8271",
        "doc712044",
        "doc2157199",
        "doc1051275",
        "doc265105",
        "doc422098",
        "doc631552",
        "doc1236010",
        "doc2278802",
        "doc2485049",
        "doc1756947",
        "doc212580",
        "doc1489210",
        "doc1730389",
        "doc1783957",
        "doc2166428",
        "doc584226",
        "doc79399",
        "doc1286368",
        "doc1513557",
        "doc1432849",
        "doc2658482",
        "doc825017",
        "doc2320834",
        "doc165028",
        "doc1437819",
        "doc1884202",
        "doc1561402",
        "doc789372",
        "doc927859",
        "doc2325963",
        "doc570692",
        "doc1826594",
        "doc592471",
        "doc2494786",
        "doc2402514",
        "doc695166",
        "doc595315",
        "doc531636",
        "doc856801",
        "doc825192",
        "doc2277332",
        "doc1068139",
        "doc947222",
        "doc487149",
        "doc96076",
        "doc405108",
        "doc291702",
        "doc495100",
        "doc1108385",
        "doc228692",
        "doc1490468",
        "doc1273514",
        "doc2134237",
        "doc1869392",
        "doc389936",
        "doc1247059",
        "doc838730",
        "doc716089",
        "doc576689"
    ],
    "terminate": true,
    "state_history": [
        {
            "queries": [
                "when did scotland last qualify for world cup"
            ],
            "iteration": 0
        },
        {
            "queries": [
                "when did scotland last qualify for world cup"
            ],
            "iteration": 0,
            "retrieved_lists": [
                [
                    "doc8271",
                    "doc712044",
                    "doc2157199",
                    "doc1051275",
                    "doc265105",
                    "doc422098",
                    "doc631552",
                    "doc1236010",
                    "doc2278802",
                    "doc2485049",
                    "doc1756947",
                    "doc212580",
                    "doc1489210",
                    "doc1730389",
                    "doc1783957",
                    "doc2166428",
                    "doc584226",
                    "doc79399",
                    "doc1286368",
                    "doc1513557",
                    "doc1432849",
                    "doc2658482",
                    "doc825017",
                    "doc2320834",
                    "doc165028",
                    "doc1437819",
                    "doc1884202",
                    "doc1561402",
                    "doc789372",
                    "doc927859",
                    "doc2325963",
                    "doc570692",
                    "doc1826594",
                    "doc592471",
                    "doc2494786",
                    "doc2402514",
                    "doc695166",
                    "doc595315",
                    "doc531636",
                    "doc856801",
                    "doc825192",
                    "doc2277332",
                    "doc1068139",
                    "doc947222",
                    "doc487149",
                    "doc96076",
                    "doc405108",
                    "doc291702",
                    "doc495100",
                    "doc1108385",
                    "doc228692",
                    "doc1490468",
                    "doc1273514",
                    "doc2134237",
                    "doc1869392",
                    "doc389936",
                    "doc1247059",
                    "doc838730",
                    "doc716089",
                    "doc576689"
                ]
            ],