{
    "queries": [
        "Best cities to avoid crowds"
    ],
    "iteration": 0,
    "retrieved_lists": [
        [
            "320",
            "283",
            "249",
            "343",
            "204",
            "368",
            "121",
            "187",
            "400",
            "319"
        ]
    ],
    "all_sim_scores": [
        [
            0.4627779424190521,
            0.44310417771339417,
            0.3998880088329315,
            0.39892905950546265,
            0.3950331211090088,
            0.3938100337982178,
            0.3853796720504761,
            0.38201937079429626,
            0.3786102533340454,
            0.37418487668037415
        ]
    ],
    "last_action_method": "return_last_retrieved_list",
    "curr_top_k_docIDs": [
        "320",
        "283",
        "249",
        "343",
        "204",
        "368",
        "121",
        "187",
        "400",
        "319"
    ],
    "terminate": true,
    "state_history": [
        {
            "queries": [
                "Best cities to avoid crowds"
            ],
            "iteration": 0
        },
        {
            "queries": [
                "Best cities to avoid crowds"
            ],
            "iteration": 0,
            "retrieved_lists": [
                [
                    "320",
                    "283",
                    "249",
                    "343",
                    "204",
                    "368",
                    "121",
                    "187",
                    "400",
                    "319"
                ]
            ],
            "all_sim_scores": [
                [
                    0.4627779424190521,
                    0.44310417771339417,
                    0.3998880088329315,
                    0.39892905950546265,
                    0.3950331211090088,
                    0.3938100337982178,
                    0.3853796720504761,
                    0.38201937079429626,
                    0.3786102533340454,
                    0.37418487668037415
                ]
            ],
            "last_action_method": "rank"
        },
        {
            "queries": [
                "Best cities to avoid crowds"
            ],
            "iteration": 0,
            "retrieved_lists": [
                [
                    "320",
                    "283",
                    "249",
                    "343",
                    "204",
                    "368",
                    "121",
                    "187",
                    "400",
                    "319"
                ]
            ],
            "all_sim_scores": [
                [
                    0.4627779424190521,
                    0.44310417771339417,
                    0.3998880088329315,
                    0.39892905950546265,
                    0.3950331211090088,
                    0.3938100337982178,
                    0.3853796720504761,
                    0.38201937079429626,
                    0.3786102533340454,
                    0.37418487668037415
                ]
            ],
            "last_action_method": "return_last_retrieved_list",
            "curr_top_k_docIDs": [
                "320",
                "283",
                "249",
                "343",
                "204",
                "368",
                "121",
                "187",
                "400",
                "319"
            ],
            "terminate": true
        }
    ]
}