{
    "queries": [
        "Safest cities for travel"
    ],
    "iteration": 0,
    "retrieved_lists": [
        [
            "283",
            "61",
            "520",
            "320",
            "201",
            "168",
            "338",
            "332",
            "53",
            "22"
        ]
    ],
    "all_sim_scores": [
        [
            0.6047483682632446,
            0.5960311889648438,
            0.5905436277389526,
            0.5814930200576782,
            0.5810097455978394,
            0.579818069934845,
            0.5779443383216858,
            0.5754290819168091,
            0.5752487182617188,
            0.573471188545227
        ]
    ],
    "last_action_method": "return_last_retrieved_list",
    "curr_top_k_docIDs": [
        "283",
        "61",
        "520",
        "320",
        "201",
        "168",
        "338",
        "332",
        "53",
        "22"
    ],
    "terminate": true,
    "state_history": [
        {
            "queries": [
                "Safest cities for travel"
            ],
            "iteration": 0
        },
        {
            "queries": [
                "Safest cities for travel"
            ],
            "iteration": 0,
            "retrieved_lists": [
                [
                    "283",
                    "61",
                    "520",
                    "320",
                    "201",
                    "168",
                    "338",
                    "332",
                    "53",
                    "22"
                ]
            ],
            "all_sim_scores": [
                [
                    0.6047483682632446,
                    0.5960311889648438,
                    0.5905436277389526,
                    0.5814930200576782,
                    0.5810097455978394,
                    0.579818069934845,
                    0.5779443383216858,
                    0.5754290819168091,
                    0.5752487182617188,
                    0.573471188545227
                ]
            ],
            "last_action_method": "rank"
        },
        {
            "queries": [
                "Safest cities for travel"
            ],
            "iteration": 0,
            "retrieved_lists": [
                [
                    "283",
                    "61",
                    "520",
                    "320",
                    "201",
                    "168",
                    "338",
                    "332",
                    "53",
                    "22"
                ]
            ],
            "all_sim_scores": [
                [
                    0.6047483682632446,
                    0.5960311889648438,
                    0.5905436277389526,
                    0.5814930200576782,
                    0.5810097455978394,
                    0.579818069934845,
                    0.5779443383216858,
                    0.5754290819168091,
                    0.5752487182617188,
                    0.573471188545227
                ]
            ],
            "last_action_method": "return_last_retrieved_list",
            "curr_top_k_docIDs": [
                "283",
                "61",
                "520",
                "320",
                "201",
                "168",
                "338",
                "332",
                "53",
                "22"
            ],
            "terminate": true
        }
    ]
}