{
    "queries": [
        "cranberry mask"
    ],
    "iteration": 0,
    "retrieved_lists": [
        [
            "1393075",
            "780682",
            "817851",
            "215333",
            "5793",
            "1500762",
            "1595582",
            "393587",
            "1126986",
            "1246306"
        ]
    ],
    "all_sim_scores": [
        [
            0.7214672565460205,
            0.6652220487594604,
            0.6552788615226746,
            0.6497656106948853,
            0.6390483975410461,
            0.6362998485565186,
            0.6362009644508362,
            0.635563850402832,
            0.6327898502349854,
            0.6263487339019775
        ]
    ],
    "last_action_method": "return_last_retrieved_list",
    "curr_top_k_docIDs": [
        "1393075",
        "780682",
        "817851",
        "215333",
        "5793",
        "1500762",
        "1595582",
        "393587",
        "1126986",
        "1246306"
    ],
    "terminate": true,
    "state_history": [
        {
            "queries": [
                "cranberry mask"
            ],
            "iteration": 0
        },
        {
            "queries": [
                "cranberry mask"
            ],
            "iteration": 0,
            "retrieved_lists": [
                [
                    "1393075",
                    "780682",
                    "817851",
                    "215333",
                    "5793",
                    "1500762",
                    "1595582",
                    "393587",
                    "1126986",
                    "1246306"
                ]
            ],
            "all_sim_scores": [
                [
                    0.7214672565460205,
                    0.6652220487594604,
                    0.6552788615226746,
                    0.6497656106948853,
                    0.6390483975410461,
                    0.6362998485565186,
                    0.6362009644508362,
                    0.635563850402832,
                    0.6327898502349854,
                    0.6263487339019775
                ]
            ],
            "last_action_method": "rank"
        },
        {
            "queries": [
                "cranberry mask"
            ],
            "iteration": 0,
            "retrieved_lists": [
                [
                    "1393075",
                    "780682",
                    "817851",
                    "215333",
                    "5793",
                    "1500762",
                    "1595582",
                    "393587",
                    "1126986",
                    "1246306"
                ]
            ],
            "all_sim_scores": [
                [
                    0.7214672565460205,
                    0.6652220487594604,
                    0.6552788615226746,
                    0.6497656106948853,
                    0.6390483975410461,
                    0.6362998485565186,
                    0.6362009644508362,
                    0.635563850402832,
                    0.6327898502349854,
                    0.6263487339019775
                ]
            ],
            "last_action_method": "return_last_retrieved_list",
            "curr_top_k_docIDs": [
                "1393075",
                "780682",
                "817851",
                "215333",
                "5793",
                "1500762",
                "1595582",
                "393587",
                "1126986",
                "1246306"
            ],
            "terminate": true
        }
    ]
}