{
    "queries": [
        "black fan with light and remote"
    ],
    "iteration": 0,
    "retrieved_lists": [
        [
            "496813",
            "1224597",
            "348343",
            "676595",
            "1570537",
            "767575",
            "896407",
            "1211929",
            "511255",
            "66409"
        ]
    ],
    "all_sim_scores": [
        [
            0.7641282081604004,
            0.7480442523956299,
            0.7350029945373535,
            0.7265452146530151,
            0.7196208238601685,
            0.7196102142333984,
            0.718604326248169,
            0.7164740562438965,
            0.7149361968040466,
            0.7143009901046753
        ]
    ],
    "last_action_method": "return_last_retrieved_list",
    "curr_top_k_docIDs": [
        "496813",
        "1224597",
        "348343",
        "676595",
        "1570537",
        "767575",
        "896407",
        "1211929",
        "511255",
        "66409"
    ],
    "terminate": true,
    "state_history": [
        {
            "queries": [
                "black fan with light and remote"
            ],
            "iteration": 0
        },
        {
            "queries": [
                "black fan with light and remote"
            ],
            "iteration": 0,
            "retrieved_lists": [
                [
                    "496813",
                    "1224597",
                    "348343",
                    "676595",
                    "1570537",
                    "767575",
                    "896407",
                    "1211929",
                    "511255",
                    "66409"
                ]
            ],
            "all_sim_scores": [
                [
                    0.7641282081604004,
                    0.7480442523956299,
                    0.7350029945373535,
                    0.7265452146530151,
                    0.7196208238601685,
                    0.7196102142333984,
                    0.718604326248169,
                    0.7164740562438965,
                    0.7149361968040466,
                    0.7143009901046753
                ]
            ],
            "last_action_method": "rank"
        },
        {
            "queries": [
                "black fan with light and remote"
            ],
            "iteration": 0,
            "retrieved_lists": [
                [
                    "496813",
                    "1224597",
                    "348343",
                    "676595",
                    "1570537",
                    "767575",
                    "896407",
                    "1211929",
                    "511255",
                    "66409"
                ]
            ],
            "all_sim_scores": [
                [
                    0.7641282081604004,
                    0.7480442523956299,
                    0.7350029945373535,
                    0.7265452146530151,
                    0.7196208238601685,
                    0.7196102142333984,
                    0.718604326248169,
                    0.7164740562438965,
                    0.7149361968040466,
                    0.7143009901046753
                ]
            ],
            "last_action_method": "return_last_retrieved_list",
            "curr_top_k_docIDs": [
                "496813",
                "1224597",
                "348343",
                "676595",
                "1570537",
                "767575",
                "896407",
                "1211929",
                "511255",
                "66409"
            ],
            "terminate": true
        }
    ]
}