{
    "queries": [
        "Picturesque cities for photography enthusiasts"
    ],
    "iteration": 0,
    "retrieved_lists": [
        [
            "368",
            "520",
            "138",
            "320",
            "283",
            "497",
            "481",
            "530",
            "392",
            "427",
            "490",
            "545",
            "177",
            "348",
            "1",
            "191",
            "255",
            "343",
            "303",
            "96",
            "338",
            "339",
            "400",
            "377",
            "249",
            "116",
            "543",
            "233",
            "251",
            "82",
            "415",
            "537",
            "334",
            "482",
            "311",
            "131",
            "180",
            "107",
            "332",
            "314",
            "61",
            "188",
            "57",
            "193",
            "226",
            "382",
            "401",
            "153",
            "210",
            "124",
            "58",
            "205",
            "74",
            "73",
            "353",
            "330",
            "227",
            "18",
            "187",
            "412"
        ]
    ],
    "all_sim_scores": [
        [
            0.39987796545028687,
            0.39312660694122314,
            0.3927610516548157,
            0.3910190165042877,
            0.3760615289211273,
            0.37588679790496826,
            0.3693048059940338,
            0.3672667145729065,
            0.3665241599082947,
            0.3608776032924652,
            0.36061131954193115,
            0.35805508494377136,
            0.35641351342201233,
            0.35332414507865906,
            0.3529024124145508,
            0.35244107246398926,
            0.3511618375778198,
            0.3491842448711395,
            0.34866851568222046,
            0.3479592502117157,
            0.3469231426715851,
            0.3466343581676483,
            0.3449615240097046,
            0.3432225286960602,
            0.34234219789505005,
            0.34073537588119507,
            0.3406818211078644,
            0.33947834372520447,
            0.33938246965408325,
            0.3386673927307129,
            0.33766603469848633,
            0.33539876341819763,
            0.33501529693603516,
            0.3349841237068176,
            0.3340071141719818,
            0.33303505182266235,
            0.3327125906944275,
            0.3321141004562378,
            0.3308696746826172,
            0.3303418457508087,
            0.3291376233100891,
            0.329041063785553,
            0.32768315076828003,
            0.32676127552986145,
            0.3246117830276489,
            0.3242586553096771,
            0.3241685628890991,
            0.32298028469085693,
            0.32275059819221497,
            0.3225957453250885,
            0.3225315809249878,
            0.32239383459091187,
            0.3222962021827698,
            0.3221266567707062,
            0.3218284845352173,
            0.32172882556915283,
            0.3213884234428406,
            0.3212941288948059,
            0.3212822675704956,
            0.31916794180870056
        ]
    ],
    "last_action_method": "return_last_retrieved_list",
    "curr_top_k_docIDs": [
        "368",
        "520",
        "138",
        "320",
        "283",
        "497",
        "481",
        "530",
        "392",
        "427",
        "490",
        "545",
        "177",
        "348",
        "1",
        "191",
        "255",
        "343",
        "303",
        "96",
        "338",
        "339",
        "400",
        "377",
        "249",
        "116",
        "543",
        "233",
        "251",
        "82",
        "415",
        "537",
        "334",
        "482",
        "311",
        "131",
        "180",
        "107",
        "332",
        "314",
        "61",
        "188",
        "57",
        "193",
        "226",
        "382",
        "401",
        "153",
        "210",
        "124",
        "58",
        "205",
        "74",
        "73",
        "353",
        "330",
        "227",
        "18",
        "187",
        "412"
    ],
    "terminate": true,
    "state_history": [
        {
            "queries": [
                "Picturesque cities for photography enthusiasts"
            ],
            "iteration": 0
        },
        {
            "queries": [
                "Picturesque cities for photography enthusiasts"
            ],
            "iteration": 0,
            "retrieved_lists": [
                [
                    "368",
                    "520",
                    "138",
                    "320",
                    "283",
                    "497",
                    "481",
                    "530",
                    "392",
                    "427",
                    "490",
                    "545",
                    "177",
                    "348",
                    "1",
                    "191",
                    "255",
                    "343",
                    "303",
                    "96",
                    "338",
                    "339",
                    "400",
                    "377",
                    "249",
                    "116",
                    "543",
                    "233",
                    "251",
                    "82",
                    "415",
                    "537",
                    "334",
                    "482",
                    "311",
                    "131",
                    "180",
                    "107",
                    "332",
                    "314",
                    "61",
                    "188",
                    "57",
                    "193",
                    "226",
                    "382",
                    "401",
                    "153",
                    "210",
                    "124",
                    "58",
                    "205",
                    "74",
                    "73",
                    "353",
                    "330",
                    "227",
                    "18",
                    "187",
                    "412"
                ]
            ],