{
    "queries": [
        "what does disk cleanup mean on a computer"
    ],
    "iteration": 0,
    "retrieved_lists": [
        [
            "doc111642",
            "doc2671011",
            "doc1043468",
            "doc2649840",
            "doc2677913",
            "doc1377678",
            "doc672889",
            "doc2474947",
            "doc1990561",
            "doc1817302",
            "doc2412992",
            "doc2628513",
            "doc2270183",
            "doc1988725",
            "doc2422577",
            "doc864727",
            "doc102223",
            "doc422657",
            "doc684265",
            "doc2403997",
            "doc2315519",
            "doc487805",
            "doc259160",
            "doc1368588",
            "doc2425594",
            "doc1306861",
            "doc2603700",
            "doc1363063",
            "doc1713620",
            "doc2152788",
            "doc1027606",
            "doc2308102",
            "doc1138777",
            "doc2415257",
            "doc1333808",
            "doc1773419",
            "doc1824300",
            "doc142177",
            "doc1767038",
            "doc419770",
            "doc2237906",
            "doc2282195",
            "doc268611",
            "doc296556",
            "doc630378",
            "doc2328103",
            "doc1200726",
            "doc1312481",
            "doc2049063",
            "doc1566983",
            "doc1123146",
            "doc2212249",
            "doc1586105",
            "doc1036832",
            "doc1493707",
            "doc615366",
            "doc1850115",
            "doc1927313",
            "doc889577",
            "doc1492634"
        ]
    ],
    "all_sim_scores": [
        [
            0.7722505331039429,
            0.4584702253341675,
            0.4253250062465668,
            0.4034542441368103,
            0.3762630522251129,
            0.36986789107322693,
            0.35733556747436523,
            0.349597692489624,
            0.34941163659095764,
            0.3476523160934448,
            0.34710368514060974,
            0.339849054813385,
            0.319094181060791,
            0.30111604928970337,
            0.29313912987709045,
            0.29200229048728943,
            0.2859158515930176,
            0.2809966206550598,
            0.2808070480823517,
            0.2788514494895935,
            0.27866628766059875,
            0.2775653600692749,
            0.27571409940719604,
            0.2719511389732361,
            0.27132338285446167,
            0.26876336336135864,
            0.26142066717147827,
            0.2581820487976074,
            0.25632697343826294,
            0.2558732330799103,
            0.25509172677993774,
            0.2548123002052307,
            0.25318458676338196,
            0.2515612542629242,
            0.2511698007583618,
            0.25048011541366577,
            0.25018489360809326,
            0.2442370355129242,
            0.24417567253112793,
            0.24274364113807678,
            0.24021874368190765,
            0.2399083375930786,
            0.23774920403957367,
            0.23769278824329376,
            0.2347431480884552,
            0.23409023880958557,
            0.2320837676525116,
            0.23121675848960876,
            0.23067785799503326,
            0.22943784296512604,
            0.2287290096282959,
            0.22790399193763733,
            0.22644934058189392,
            0.22637511789798737,
            0.22606725990772247,
            0.22432726621627808,
            0.22341462969779968,
            0.22198732197284698,
            0.22178742289543152,
            0.22174546122550964
        ]
    ],
    "last_action_method": "return_last_retrieved_list",
    "curr_top_k_docIDs": [
        "doc111642",
        "doc2671011",
        "doc1043468",
        "doc2649840",
        "doc2677913",
        "doc1377678",
        "doc672889",
        "doc2474947",
        "doc1990561",
        "doc1817302",
        "doc2412992",
        "doc2628513",
        "doc2270183",
        "doc1988725",
        "doc2422577",
        "doc864727",
        "doc102223",
        "doc422657",
        "doc684265",
        "doc2403997",
        "doc2315519",
        "doc487805",
        "doc259160",
        "doc1368588",
        "doc2425594",
        "doc1306861",
        "doc2603700",
        "doc1363063",
        "doc1713620",
        "doc2152788",
        "doc1027606",
        "doc2308102",
        "doc1138777",
        "doc2415257",
        "doc1333808",
        "doc1773419",
        "doc1824300",
        "doc142177",
        "doc1767038",
        "doc419770",
        "doc2237906",
        "doc2282195",
        "doc268611",
        "doc296556",
        "doc630378",
        "doc2328103",
        "doc1200726",
        "doc1312481",
        "doc2049063",
        "doc1566983",
        "doc1123146",
        "doc2212249",
        "doc1586105",
        "doc1036832",
        "doc1493707",
        "doc615366",
        "doc1850115",
        "doc1927313",
        "doc889577",
        "doc1492634"
    ],
    "terminate": true,
    "state_history": [
        {
            "queries": [
                "what does disk cleanup mean on a computer"
            ],
            "iteration": 0
        },
        {
            "queries": [
                "what does disk cleanup mean on a computer"
            ],
            "iteration": 0,
            "retrieved_lists": [
                [
                    "doc111642",
                    "doc2671011",
                    "doc1043468",
                    "doc2649840",
                    "doc2677913",
                    "doc1377678",
                    "doc672889",
                    "doc2474947",
                    "doc1990561",
                    "doc1817302",
                    "doc2412992",
                    "doc2628513",
                    "doc2270183",
                    "doc1988725",
                    "doc2422577",
                    "doc864727",
                    "doc102223",
                    "doc422657",
                    "doc684265",
                    "doc2403997",
                    "doc2315519",
                    "doc487805",
                    "doc259160",
                    "doc1368588",
                    "doc2425594",
                    "doc1306861",
                    "doc2603700",
                    "doc1363063",
                    "doc1713620",
                    "doc2152788",
                    "doc1027606",
                    "doc2308102",
                    "doc1138777",
                    "doc2415257",
                    "doc1333808",
                    "doc1773419",
                    "doc1824300",
                    "doc142177",
                    "doc1767038",
                    "doc419770",
                    "doc2237906",
                    "doc2282195",
                    "doc268611",
                    "doc296556",
                    "doc630378",
                    "doc2328103",
                    "doc1200726",
                    "doc1312481",
                    "doc2049063",
                    "doc1566983",
                    "doc1123146",
                    "doc2212249",
                    "doc1586105",
                    "doc1036832",
                    "doc1493707",
                    "doc615366",
                    "doc1850115",
                    "doc1927313",
                    "doc889577",
                    "doc1492634"
                ]
            ],