{
    "queries": [
        "what is the function of the semicolon in a c statement"
    ],
    "iteration": 0,
    "retrieved_lists": [
        [
            "doc7106",
            "doc1377678",
            "doc1027606",
            "doc1384572",
            "doc2267946",
            "doc1640559",
            "doc2474947",
            "doc1106013",
            "doc2116929",
            "doc2221585",
            "doc1467460",
            "doc954897",
            "doc979522",
            "doc1701639",
            "doc1647934",
            "doc1467487",
            "doc1866060",
            "doc716632",
            "doc1109708",
            "doc795972",
            "doc1574321",
            "doc1278705",
            "doc1364170",
            "doc119344",
            "doc314935",
            "doc1200687",
            "doc2660296",
            "doc1036832",
            "doc1457095",
            "doc2628513",
            "doc803295",
            "doc1928788",
            "doc2123348",
            "doc1901383",
            "doc2388232",
            "doc1043468",
            "doc1004380",
            "doc2049632",
            "doc2317336",
            "doc2488015",
            "doc528685",
            "doc1371159",
            "doc849013",
            "doc49788",
            "doc749908",
            "doc644213",
            "doc996840",
            "doc46848",
            "doc1764671",
            "doc2052013",
            "doc867994",
            "doc904342",
            "doc1608150",
            "doc643973",
            "doc1568766",
            "doc1134482",
            "doc1713620",
            "doc2267943",
            "doc1420740",
            "doc860325"
        ]
    ],
    "all_sim_scores": [
        [
            0.5790838003158569,
            0.36087530851364136,
            0.3526604175567627,
            0.34612005949020386,
            0.3432416319847107,
            0.33773407340049744,
            0.3348754048347473,
            0.3220559358596802,
            0.2991098165512085,
            0.28803786635398865,
            0.28741270303726196,
            0.2844865620136261,
            0.27898886799812317,
            0.278688907623291,
            0.27296191453933716,
            0.2616000771522522,
            0.254658579826355,
            0.2517715096473694,
            0.251496285200119,
            0.25027841329574585,
            0.24900737404823303,
            0.24637511372566223,
            0.241892471909523,
            0.24045920372009277,
            0.24014535546302795,
            0.23985381424427032,
            0.23837877810001373,
            0.23791426420211792,
            0.23454265296459198,
            0.23192939162254333,
            0.23059076070785522,
            0.22882714867591858,
            0.22514650225639343,
            0.22513392567634583,
            0.2223042994737625,
            0.2210732400417328,
            0.22096511721611023,
            0.21840238571166992,
            0.21602576971054077,
            0.21463674306869507,
            0.21419657766819,
            0.21394358575344086,
            0.21338102221488953,
            0.2118978500366211,
            0.21160385012626648,
            0.21129262447357178,
            0.20579710602760315,
            0.20450326800346375,
            0.20449846982955933,
            0.20436328649520874,
            0.20416608452796936,
            0.20385101437568665,
            0.2022765576839447,
            0.20225770771503448,
            0.20194271206855774,
            0.20088264346122742,
            0.19963569939136505,
            0.19917114078998566,
            0.19797685742378235,
            0.19770380854606628
        ]
    ],
    "last_action_method": "return_last_retrieved_list",
    "curr_top_k_docIDs": [
        "doc7106",
        "doc1377678",
        "doc1027606",
        "doc1384572",
        "doc2267946",
        "doc1640559",
        "doc2474947",
        "doc1106013",
        "doc2116929",
        "doc2221585",
        "doc1467460",
        "doc954897",
        "doc979522",
        "doc1701639",
        "doc1647934",
        "doc1467487",
        "doc1866060",
        "doc716632",
        "doc1109708",
        "doc795972",
        "doc1574321",
        "doc1278705",
        "doc1364170",
        "doc119344",
        "doc314935",
        "doc1200687",
        "doc2660296",
        "doc1036832",
        "doc1457095",
        "doc2628513",
        "doc803295",
        "doc1928788",
        "doc2123348",
        "doc1901383",
        "doc2388232",
        "doc1043468",
        "doc1004380",
        "doc2049632",
        "doc2317336",
        "doc2488015",
        "doc528685",
        "doc1371159",
        "doc849013",
        "doc49788",
        "doc749908",
        "doc644213",
        "doc996840",
        "doc46848",
        "doc1764671",
        "doc2052013",
        "doc867994",
        "doc904342",
        "doc1608150",
        "doc643973",
        "doc1568766",
        "doc1134482",
        "doc1713620",
        "doc2267943",
        "doc1420740",
        "doc860325"
    ],
    "terminate": true,
    "state_history": [
        {
            "queries": [
                "what is the function of the semicolon in a c statement"
            ],
            "iteration": 0
        },
        {
            "queries": [
                "what is the function of the semicolon in a c statement"
            ],
            "iteration": 0,
            "retrieved_lists": [
                [
                    "doc7106",
                    "doc1377678",
                    "doc1027606",
                    "doc1384572",
                    "doc2267946",
                    "doc1640559",
                    "doc2474947",
                    "doc1106013",
                    "doc2116929",
                    "doc2221585",
                    "doc1467460",
                    "doc954897",
                    "doc979522",
                    "doc1701639",
                    "doc1647934",
                    "doc1467487",
                    "doc1866060",
                    "doc716632",
                    "doc1109708",
                    "doc795972",
                    "doc1574321",
                    "doc1278705",
                    "doc1364170",
                    "doc119344",
                    "doc314935",
                    "doc1200687",
                    "doc2660296",
                    "doc1036832",
                    "doc1457095",
                    "doc2628513",
                    "doc803295",
                    "doc1928788",
                    "doc2123348",
                    "doc1901383",
                    "doc2388232",
                    "doc1043468",
                    "doc1004380",
                    "doc2049632",
                    "doc2317336",
                    "doc2488015",
                    "doc528685",
                    "doc1371159",
                    "doc849013",
                    "doc49788",
                    "doc749908",
                    "doc644213",
                    "doc996840",
                    "doc46848",
                    "doc1764671",
                    "doc2052013",
                    "doc867994",
                    "doc904342",
                    "doc1608150",
                    "doc643973",
                    "doc1568766",
                    "doc1134482",
                    "doc1713620",
                    "doc2267943",
                    "doc1420740",
                    "doc860325"
                ]
            ],