{
    "queries": [
        "who played mrs warboys in one foot in the grave"
    ],
    "iteration": 0,
    "retrieved_lists": [
        [
            "doc81651",
            "doc2669355",
            "doc1644845",
            "doc1903476",
            "doc480948",
            "doc2335547",
            "doc1154367",
            "doc1754819",
            "doc945802",
            "doc2010039",
            "doc2572426",
            "doc2136189",
            "doc1652523",
            "doc2593584",
            "doc1886829",
            "doc35996",
            "doc1961841",
            "doc1389972",
            "doc678398",
            "doc392007",
            "doc2242347",
            "doc2204375",
            "doc2488894",
            "doc1444179",
            "doc2087772",
            "doc2566539",
            "doc430883",
            "doc2521560",
            "doc2269538",
            "doc1617432",
            "doc1702538",
            "doc548822",
            "doc1079533",
            "doc2184520",
            "doc154365",
            "doc2676804",
            "doc1610296",
            "doc2087744",
            "doc704463",
            "doc2059615",
            "doc204535",
            "doc1484951",
            "doc1023489",
            "doc131229",
            "doc978031",
            "doc298333",
            "doc378708",
            "doc2455650",
            "doc2243564",
            "doc190983",
            "doc1345615",
            "doc2018395",
            "doc2551041",
            "doc2060794",
            "doc35993",
            "doc626064",
            "doc2387963",
            "doc2632692",
            "doc70506",
            "doc464101"
        ]
    ],
    "all_sim_scores": [
        [
            0.8331332206726074,
            0.3881057798862457,
            0.33706533908843994,
            0.33658257126808167,
            0.334073543548584,
            0.3212772011756897,
            0.3164424002170563,
            0.3136789798736572,
            0.31350886821746826,
            0.3083673119544983,
            0.30572623014450073,
            0.3055609166622162,
            0.30315256118774414,
            0.30236703157424927,
            0.3021385669708252,
            0.3018302321434021,
            0.3009040355682373,
            0.29945623874664307,
            0.2924966812133789,
            0.2910643219947815,
            0.28892189264297485,
            0.2876560688018799,
            0.2848886251449585,
            0.2847721576690674,
            0.2837640345096588,
            0.2808951437473297,
            0.27989548444747925,
            0.2786083221435547,
            0.2773022949695587,
            0.27677980065345764,
            0.2738015353679657,
            0.27358150482177734,
            0.2733795642852783,
            0.2723964750766754,
            0.2715838849544525,
            0.2709473967552185,
            0.2688324451446533,
            0.2683342397212982,
            0.26787859201431274,
            0.26691222190856934,
            0.26621440052986145,
            0.2652464210987091,
            0.26489710807800293,
            0.2636941075325012,
            0.2635989785194397,
            0.2619071900844574,
            0.26027870178222656,
            0.26007091999053955,
            0.2589113116264343,
            0.2585024833679199,
            0.2578802704811096,
            0.256187379360199,
            0.2561435103416443,
            0.25527307391166687,
            0.2536586821079254,
            0.25338852405548096,
            0.25287315249443054,
            0.25205498933792114,
            0.24888886511325836,
            0.24883627891540527
        ]
    ],
    "last_action_method": "return_last_retrieved_list",
    "curr_top_k_docIDs": [
        "doc81651",
        "doc2669355",
        "doc1644845",
        "doc1903476",
        "doc480948",
        "doc2335547",
        "doc1154367",
        "doc1754819",
        "doc945802",
        "doc2010039",
        "doc2572426",
        "doc2136189",
        "doc1652523",
        "doc2593584",
        "doc1886829",
        "doc35996",
        "doc1961841",
        "doc1389972",
        "doc678398",
        "doc392007",
        "doc2242347",
        "doc2204375",
        "doc2488894",
        "doc1444179",
        "doc2087772",
        "doc2566539",
        "doc430883",
        "doc2521560",
        "doc2269538",
        "doc1617432",
        "doc1702538",
        "doc548822",
        "doc1079533",
        "doc2184520",
        "doc154365",
        "doc2676804",
        "doc1610296",
        "doc2087744",
        "doc704463",
        "doc2059615",
        "doc204535",
        "doc1484951",
        "doc1023489",
        "doc131229",
        "doc978031",
        "doc298333",
        "doc378708",
        "doc2455650",
        "doc2243564",
        "doc190983",
        "doc1345615",
        "doc2018395",
        "doc2551041",
        "doc2060794",
        "doc35993",
        "doc626064",
        "doc2387963",
        "doc2632692",
        "doc70506",
        "doc464101"
    ],
    "terminate": true,
    "state_history": [
        {
            "queries": [
                "who played mrs warboys in one foot in the grave"
            ],
            "iteration": 0
        },
        {
            "queries": [
                "who played mrs warboys in one foot in the grave"
            ],
            "iteration": 0,
            "retrieved_lists": [
                [
                    "doc81651",
                    "doc2669355",
                    "doc1644845",
                    "doc1903476",
                    "doc480948",
                    "doc2335547",
                    "doc1154367",
                    "doc1754819",
                    "doc945802",
                    "doc2010039",
                    "doc2572426",
                    "doc2136189",
                    "doc1652523",
                    "doc2593584",
                    "doc1886829",
                    "doc35996",
                    "doc1961841",
                    "doc1389972",
                    "doc678398",
                    "doc392007",
                    "doc2242347",
                    "doc2204375",
                    "doc2488894",
                    "doc1444179",
                    "doc2087772",
                    "doc2566539",
                    "doc430883",
                    "doc2521560",
                    "doc2269538",
                    "doc1617432",
                    "doc1702538",
                    "doc548822",
                    "doc1079533",
                    "doc2184520",
                    "doc154365",
                    "doc2676804",
                    "doc1610296",
                    "doc2087744",
                    "doc704463",
                    "doc2059615",
                    "doc204535",
                    "doc1484951",
                    "doc1023489",
                    "doc131229",
                    "doc978031",
                    "doc298333",
                    "doc378708",
                    "doc2455650",
                    "doc2243564",
                    "doc190983",
                    "doc1345615",
                    "doc2018395",
                    "doc2551041",
                    "doc2060794",
                    "doc35993",
                    "doc626064",
                    "doc2387963",
                    "doc2632692",
                    "doc70506",
                    "doc464101"
                ]
            ],