{
    "queries": [
        "how many models are there in iphone 6"
    ],
    "iteration": 0,
    "retrieved_lists": [
        [
            "doc61183",
            "doc2358630",
            "doc1651512",
            "doc187479",
            "doc1525784",
            "doc2358647",
            "doc340661",
            "doc1525795",
            "doc1647442",
            "doc1932934",
            "doc1017366",
            "doc496980",
            "doc1394035",
            "doc2358634",
            "doc293386",
            "doc1525790",
            "doc1872410",
            "doc1872407",
            "doc1647411",
            "doc20039",
            "doc1221662",
            "doc1872402",
            "doc622493",
            "doc1651501",
            "doc293415",
            "doc1741684",
            "doc606080",
            "doc293345",
            "doc2018912",
            "doc1647357",
            "doc293402",
            "doc434106",
            "doc1289457",
            "doc526747",
            "doc526744",
            "doc1647359",
            "doc496942",
            "doc2521412",
            "doc340626",
            "doc1745069",
            "doc2072388",
            "doc1386997",
            "doc2358666",
            "doc434094",
            "doc92672",
            "doc700952",
            "doc1906715",
            "doc1637125",
            "doc2462143",
            "doc346974",
            "doc1300278",
            "doc1037017",
            "doc1969190",
            "doc1894990",
            "doc569140",
            "doc1525763",
            "doc1216589",
            "doc1898590",
            "doc132843",
            "doc985056"
        ]
    ],
    "all_sim_scores": [
        [
            0.7034265995025635,
            0.5767802596092224,
            0.55967116355896,
            0.5061322450637817,
            0.4750007390975952,
            0.47111350297927856,
            0.461931437253952,
            0.4613756835460663,
            0.45385968685150146,
            0.4534025192260742,
            0.452902227640152,
            0.4474009871482849,
            0.4457169473171234,
            0.4418554902076721,
            0.44170185923576355,
            0.44114580750465393,
            0.42350998520851135,
            0.4146353304386139,
            0.4142928123474121,
            0.4108750820159912,
            0.41024214029312134,
            0.4071692228317261,
            0.4036023020744324,
            0.3917590379714966,
            0.3891480565071106,
            0.3887259364128113,
            0.3830825090408325,
            0.3818214237689972,
            0.37623128294944763,
            0.37562236189842224,
            0.37393054366111755,
            0.3731580376625061,
            0.3722881078720093,
            0.3680635988712311,
            0.36550331115722656,
            0.3637135624885559,
            0.36337408423423767,
            0.36302584409713745,
            0.3616390526294708,
            0.3596157133579254,
            0.35924434661865234,
            0.356309711933136,
            0.352364718914032,
            0.35037940740585327,
            0.34930431842803955,
            0.3487306237220764,
            0.34507885575294495,
            0.3424508273601532,
            0.3383757770061493,
            0.3369406461715698,
            0.3364865183830261,
            0.33641207218170166,
            0.33559858798980713,
            0.3351772427558899,
            0.3351552486419678,
            0.3343847095966339,
            0.33386772871017456,
            0.33376002311706543,
            0.3321170210838318,
            0.33135998249053955
        ]
    ],
    "last_action_method": "return_last_retrieved_list",
    "curr_top_k_docIDs": [
        "doc61183",
        "doc2358630",
        "doc1651512",
        "doc187479",
        "doc1525784",
        "doc2358647",
        "doc340661",
        "doc1525795",
        "doc1647442",
        "doc1932934",
        "doc1017366",
        "doc496980",
        "doc1394035",
        "doc2358634",
        "doc293386",
        "doc1525790",
        "doc1872410",
        "doc1872407",
        "doc1647411",
        "doc20039",
        "doc1221662",
        "doc1872402",
        "doc622493",
        "doc1651501",
        "doc293415",
        "doc1741684",
        "doc606080",
        "doc293345",
        "doc2018912",
        "doc1647357",
        "doc293402",
        "doc434106",
        "doc1289457",
        "doc526747",
        "doc526744",
        "doc1647359",
        "doc496942",
        "doc2521412",
        "doc340626",
        "doc1745069",
        "doc2072388",
        "doc1386997",
        "doc2358666",
        "doc434094",
        "doc92672",
        "doc700952",
        "doc1906715",
        "doc1637125",
        "doc2462143",
        "doc346974",
        "doc1300278",
        "doc1037017",
        "doc1969190",
        "doc1894990",
        "doc569140",
        "doc1525763",
        "doc1216589",
        "doc1898590",
        "doc132843",
        "doc985056"
    ],
    "terminate": true,
    "state_history": [
        {
            "queries": [
                "how many models are there in iphone 6"
            ],
            "iteration": 0
        },
        {
            "queries": [
                "how many models are there in iphone 6"
            ],
            "iteration": 0,
            "retrieved_lists": [
                [
                    "doc61183",
                    "doc2358630",
                    "doc1651512",
                    "doc187479",
                    "doc1525784",
                    "doc2358647",
                    "doc340661",
                    "doc1525795",
                    "doc1647442",
                    "doc1932934",
                    "doc1017366",
                    "doc496980",
                    "doc1394035",
                    "doc2358634",
                    "doc293386",
                    "doc1525790",
                    "doc1872410",
                    "doc1872407",
                    "doc1647411",
                    "doc20039",
                    "doc1221662",
                    "doc1872402",
                    "doc622493",
                    "doc1651501",
                    "doc293415",
                    "doc1741684",
                    "doc606080",
                    "doc293345",
                    "doc2018912",
                    "doc1647357",
                    "doc293402",
                    "doc434106",
                    "doc1289457",
                    "doc526747",
                    "doc526744",
                    "doc1647359",
                    "doc496942",
                    "doc2521412",
                    "doc340626",
                    "doc1745069",
                    "doc2072388",
                    "doc1386997",
                    "doc2358666",
                    "doc434094",
                    "doc92672",
                    "doc700952",
                    "doc1906715",
                    "doc1637125",
                    "doc2462143",
                    "doc346974",
                    "doc1300278",
                    "doc1037017",
                    "doc1969190",
                    "doc1894990",
                    "doc569140",
                    "doc1525763",
                    "doc1216589",
                    "doc1898590",
                    "doc132843",
                    "doc985056"
                ]
            ],