{
    "queries": [
        "Charming small town cities"
    ],
    "iteration": 0,
    "retrieved_lists": [
        [
            "92",
            "226",
            "497",
            "347",
            "283",
            "177",
            "320",
            "145",
            "233",
            "199"
        ]
    ],
    "all_sim_scores": [
        [
            0.4894619584083557,
            0.4844849109649658,
            0.45937031507492065,
            0.445195734500885,
            0.4410165548324585,
            0.43219733238220215,
            0.4306800365447998,
            0.42589324712753296,
            0.4239575266838074,
            0.42354321479797363
        ]
    ],
    "last_action_method": "return_last_retrieved_list",
    "curr_top_k_docIDs": [
        "92",
        "226",
        "497",
        "347",
        "283",
        "177",
        "320",
        "145",
        "233",
        "199"
    ],
    "terminate": true,
    "state_history": [
        {
            "queries": [
                "Charming small town cities"
            ],
            "iteration": 0
        },
        {
            "queries": [
                "Charming small town cities"
            ],
            "iteration": 0,
            "retrieved_lists": [
                [
                    "92",
                    "226",
                    "497",
                    "347",
                    "283",
                    "177",
                    "320",
                    "145",
                    "233",
                    "199"
                ]
            ],
            "all_sim_scores": [
                [
                    0.4894619584083557,
                    0.4844849109649658,
                    0.45937031507492065,
                    0.445195734500885,
                    0.4410165548324585,
                    0.43219733238220215,
                    0.4306800365447998,
                    0.42589324712753296,
                    0.4239575266838074,
                    0.42354321479797363
                ]
            ],
            "last_action_method": "rank"
        },
        {
            "queries": [
                "Charming small town cities"
            ],
            "iteration": 0,
            "retrieved_lists": [
                [
                    "92",
                    "226",
                    "497",
                    "347",
                    "283",
                    "177",
                    "320",
                    "145",
                    "233",
                    "199"
                ]
            ],
            "all_sim_scores": [
                [
                    0.4894619584083557,
                    0.4844849109649658,
                    0.45937031507492065,
                    0.445195734500885,
                    0.4410165548324585,
                    0.43219733238220215,
                    0.4306800365447998,
                    0.42589324712753296,
                    0.4239575266838074,
                    0.42354321479797363
                ]
            ],
            "last_action_method": "return_last_retrieved_list",
            "curr_top_k_docIDs": [
                "92",
                "226",
                "497",
                "347",
                "283",
                "177",
                "320",
                "145",
                "233",
                "199"
            ],
            "terminate": true
        }
    ]
}