{
    "queries": [
        "Most popular destinations for theme park enthusiasts."
    ],
    "iteration": 0,
    "retrieved_lists": [
        [
            "330",
            "251",
            "141",
            "237",
            "516",
            "320",
            "77",
            "284",
            "492",
            "124",
            "154",
            "400",
            "105",
            "401",
            "180",
            "468",
            "6",
            "280",
            "437",
            "338",
            "303",
            "168",
            "399",
            "352",
            "425",
            "120",
            "109",
            "201",
            "43",
            "349",
            "539",
            "111",
            "560",
            "92",
            "52",
            "119",
            "199",
            "457",
            "156",
            "204",
            "142",
            "534",
            "380",
            "299",
            "229",
            "121",
            "339",
            "355",
            "283",
            "423",
            "44",
            "565",
            "11",
            "294",
            "187",
            "328",
            "22",
            "91",
            "392",
            "366"
        ]
    ],
    "all_sim_scores": [
        [
            0.7531217336654663,
            0.7056360840797424,
            0.697388231754303,
            0.6956290602684021,
            0.6708375811576843,
            0.669922411441803,
            0.6688818335533142,
            0.6683057546615601,
            0.6674212217330933,
            0.6657236218452454,
            0.6647391319274902,
            0.6636449098587036,
            0.660621166229248,
            0.6603070497512817,
            0.6582343578338623,
            0.6575908064842224,
            0.6557681560516357,
            0.6556689739227295,
            0.6550588011741638,
            0.6547362804412842,
            0.6546440124511719,
            0.6545872688293457,
            0.6523900032043457,
            0.6496378183364868,
            0.6487757563591003,
            0.6486654281616211,
            0.6476295590400696,
            0.6472084522247314,
            0.6452538371086121,
            0.6437649130821228,
            0.6437112092971802,
            0.6416343450546265,
            0.6410938501358032,
            0.6395638585090637,
            0.6391900181770325,
            0.6386416554450989,
            0.6361632347106934,
            0.6350381374359131,
            0.634819746017456,
            0.634149432182312,
            0.633415699005127,
            0.6332951784133911,
            0.6324255466461182,
            0.6308813691139221,
            0.6308152675628662,
            0.6304833889007568,
            0.6291943788528442,
            0.6271383762359619,
            0.6270027160644531,
            0.6254737377166748,
            0.6251447200775146,
            0.6248507499694824,
            0.6245989799499512,
            0.6244356632232666,
            0.6242008805274963,
            0.6241317987442017,
            0.6237835884094238,
            0.6233944892883301,
            0.6227738857269287,
            0.622144341468811
        ]
    ],
    "last_action_method": "return_last_retrieved_list",
    "curr_top_k_docIDs": [
        "330",
        "251",
        "141",
        "237",
        "516",
        "320",
        "77",
        "284",
        "492",
        "124",
        "154",
        "400",
        "105",
        "401",
        "180",
        "468",
        "6",
        "280",
        "437",
        "338",
        "303",
        "168",
        "399",
        "352",
        "425",
        "120",
        "109",
        "201",
        "43",
        "349",
        "539",
        "111",
        "560",
        "92",
        "52",
        "119",
        "199",
        "457",
        "156",
        "204",
        "142",
        "534",
        "380",
        "299",
        "229",
        "121",
        "339",
        "355",
        "283",
        "423",
        "44",
        "565",
        "11",
        "294",
        "187",
        "328",
        "22",
        "91",
        "392",
        "366"
    ],
    "terminate": true,
    "state_history": [
        {
            "queries": [
                "Most popular destinations for theme park enthusiasts."
            ],
            "iteration": 0
        },
        {
            "queries": [
                "Most popular destinations for theme park enthusiasts."
            ],
            "iteration": 0,
            "retrieved_lists": [
                [
                    "330",
                    "251",
                    "141",
                    "237",
                    "516",
                    "320",
                    "77",
                    "284",
                    "492",
                    "124",
                    "154",
                    "400",
                    "105",
                    "401",
                    "180",
                    "468",
                    "6",
                    "280",
                    "437",
                    "338",
                    "303",
                    "168",
                    "399",
                    "352",
                    "425",
                    "120",
                    "109",
                    "201",
                    "43",
                    "349",
                    "539",
                    "111",
                    "560",
                    "92",
                    "52",
                    "119",
                    "199",
                    "457",
                    "156",
                    "204",
                    "142",
                    "534",
                    "380",
                    "299",
                    "229",
                    "121",
                    "339",
                    "355",
                    "283",
                    "423",
                    "44",
                    "565",
                    "11",
                    "294",
                    "187",
                    "328",
                    "22",
                    "91",
                    "392",
                    "366"
                ]
            ],