{
    "queries": [
        "Top cities for luxury travel"
    ],
    "iteration": 0,
    "retrieved_lists": [
        [
            "497",
            "177",
            "320",
            "178",
            "283",
            "237",
            "428",
            "336",
            "124",
            "255"
        ]
    ],
    "all_sim_scores": [
        [
            0.3654518127441406,
            0.35056978464126587,
            0.3485766053199768,
            0.3458476662635803,
            0.34525856375694275,
            0.3425157070159912,
            0.3413323163986206,
            0.3402581810951233,
            0.3385416865348816,
            0.3370196223258972
        ]
    ],
    "last_action_method": "return_last_retrieved_list",
    "curr_top_k_docIDs": [
        "497",
        "177",
        "320",
        "178",
        "283",
        "237",
        "428",
        "336",
        "124",
        "255"
    ],
    "terminate": true,
    "state_history": [
        {
            "queries": [
                "Top cities for luxury travel"
            ],
            "iteration": 0
        },
        {
            "queries": [
                "Top cities for luxury travel"
            ],
            "iteration": 0,
            "retrieved_lists": [
                [
                    "497",
                    "177",
                    "320",
                    "178",
                    "283",
                    "237",
                    "428",
                    "336",
                    "124",
                    "255"
                ]
            ],
            "all_sim_scores": [
                [
                    0.3654518127441406,
                    0.35056978464126587,
                    0.3485766053199768,
                    0.3458476662635803,
                    0.34525856375694275,
                    0.3425157070159912,
                    0.3413323163986206,
                    0.3402581810951233,
                    0.3385416865348816,
                    0.3370196223258972
                ]
            ],
            "last_action_method": "rank"
        },
        {
            "queries": [
                "Top cities for luxury travel"
            ],
            "iteration": 0,
            "retrieved_lists": [
                [
                    "497",
                    "177",
                    "320",
                    "178",
                    "283",
                    "237",
                    "428",
                    "336",
                    "124",
                    "255"
                ]
            ],
            "all_sim_scores": [
                [
                    0.3654518127441406,
                    0.35056978464126587,
                    0.3485766053199768,
                    0.3458476662635803,
                    0.34525856375694275,
                    0.3425157070159912,
                    0.3413323163986206,
                    0.3402581810951233,
                    0.3385416865348816,
                    0.3370196223258972
                ]
            ],
            "last_action_method": "return_last_retrieved_list",
            "curr_top_k_docIDs": [
                "497",
                "177",
                "320",
                "178",
                "283",
                "237",
                "428",
                "336",
                "124",
                "255"
            ],
            "terminate": true
        }
    ]
}