{
    "queries": [
        "ye speaker"
    ],
    "iteration": 0,
    "retrieved_lists": [
        [
            "510312",
            "215375",
            "253808",
            "951913",
            "250273",
            "375553",
            "1628722",
            "1360630",
            "115231",
            "1642469"
        ]
    ],
    "all_sim_scores": [
        [
            0.6359483003616333,
            0.6284821033477783,
            0.6279767751693726,
            0.6250183582305908,
            0.6242613792419434,
            0.6223515868186951,
            0.6218609809875488,
            0.6212987303733826,
            0.620250403881073,
            0.6202055215835571
        ]
    ],
    "last_action_method": "return_last_retrieved_list",
    "curr_top_k_docIDs": [
        "510312",
        "215375",
        "253808",
        "951913",
        "250273",
        "375553",
        "1628722",
        "1360630",
        "115231",
        "1642469"
    ],
    "terminate": true,
    "state_history": [
        {
            "queries": [
                "ye speaker"
            ],
            "iteration": 0
        },
        {
            "queries": [
                "ye speaker"
            ],
            "iteration": 0,
            "retrieved_lists": [
                [
                    "510312",
                    "215375",
                    "253808",
                    "951913",
                    "250273",
                    "375553",
                    "1628722",
                    "1360630",
                    "115231",
                    "1642469"
                ]
            ],
            "all_sim_scores": [
                [
                    0.6359483003616333,
                    0.6284821033477783,
                    0.6279767751693726,
                    0.6250183582305908,
                    0.6242613792419434,
                    0.6223515868186951,
                    0.6218609809875488,
                    0.6212987303733826,
                    0.620250403881073,
                    0.6202055215835571
                ]
            ],
            "last_action_method": "rank"
        },
        {
            "queries": [
                "ye speaker"
            ],
            "iteration": 0,
            "retrieved_lists": [
                [
                    "510312",
                    "215375",
                    "253808",
                    "951913",
                    "250273",
                    "375553",
                    "1628722",
                    "1360630",
                    "115231",
                    "1642469"
                ]
            ],
            "all_sim_scores": [
                [
                    0.6359483003616333,
                    0.6284821033477783,
                    0.6279767751693726,
                    0.6250183582305908,
                    0.6242613792419434,
                    0.6223515868186951,
                    0.6218609809875488,
                    0.6212987303733826,
                    0.620250403881073,
                    0.6202055215835571
                ]
            ],
            "last_action_method": "return_last_retrieved_list",
            "curr_top_k_docIDs": [
                "510312",
                "215375",
                "253808",
                "951913",
                "250273",
                "375553",
                "1628722",
                "1360630",
                "115231",
                "1642469"
            ],
            "terminate": true
        }
    ]
}