{
    "queries": [
        "Safest cities for travel"
    ],
    "iteration": 0,
    "retrieved_lists": [
        [
            "497",
            "320",
            "338",
            "283",
            "22",
            "199",
            "193",
            "418",
            "319",
            "59"
        ]
    ],
    "all_sim_scores": [
        [
            0.45060330629348755,
            0.4461017847061157,
            0.4207155406475067,
            0.4172874689102173,
            0.4038378894329071,
            0.40026217699050903,
            0.3939019441604614,
            0.38849425315856934,
            0.38383665680885315,
            0.38284212350845337
        ]
    ],
    "last_action_method": "return_last_retrieved_list",
    "curr_top_k_docIDs": [
        "497",
        "320",
        "338",
        "283",
        "22",
        "199",
        "193",
        "418",
        "319",
        "59"
    ],
    "terminate": true,
    "state_history": [
        {
            "queries": [
                "Safest cities for travel"
            ],
            "iteration": 0
        },
        {
            "queries": [
                "Safest cities for travel"
            ],
            "iteration": 0,
            "retrieved_lists": [
                [
                    "497",
                    "320",
                    "338",
                    "283",
                    "22",
                    "199",
                    "193",
                    "418",
                    "319",
                    "59"
                ]
            ],
            "all_sim_scores": [
                [
                    0.45060330629348755,
                    0.4461017847061157,
                    0.4207155406475067,
                    0.4172874689102173,
                    0.4038378894329071,
                    0.40026217699050903,
                    0.3939019441604614,
                    0.38849425315856934,
                    0.38383665680885315,
                    0.38284212350845337
                ]
            ],
            "last_action_method": "rank"
        },
        {
            "queries": [
                "Safest cities for travel"
            ],
            "iteration": 0,
            "retrieved_lists": [
                [
                    "497",
                    "320",
                    "338",
                    "283",
                    "22",
                    "199",
                    "193",
                    "418",
                    "319",
                    "59"
                ]
            ],
            "all_sim_scores": [
                [
                    0.45060330629348755,
                    0.4461017847061157,
                    0.4207155406475067,
                    0.4172874689102173,
                    0.4038378894329071,
                    0.40026217699050903,
                    0.3939019441604614,
                    0.38849425315856934,
                    0.38383665680885315,
                    0.38284212350845337
                ]
            ],
            "last_action_method": "return_last_retrieved_list",
            "curr_top_k_docIDs": [
                "497",
                "320",
                "338",
                "283",
                "22",
                "199",
                "193",
                "418",
                "319",
                "59"
            ],
            "terminate": true
        }
    ]
}