{
    "queries": [
        "Best cities to visit for cultural experiences"
    ],
    "iteration": 0,
    "retrieved_lists": [
        [
            "283",
            "520",
            "352",
            "320",
            "168",
            "105",
            "492",
            "111",
            "95",
            "109"
        ]
    ],
    "all_sim_scores": [
        [
            0.5912482738494873,
            0.5886467695236206,
            0.5873487591743469,
            0.5856471657752991,
            0.5835818648338318,
            0.5832231044769287,
            0.57998126745224,
            0.5792295932769775,
            0.5728450417518616,
            0.5710008144378662
        ]
    ],
    "last_action_method": "return_last_retrieved_list",
    "curr_top_k_docIDs": [
        "283",
        "520",
        "352",
        "320",
        "168",
        "105",
        "492",
        "111",
        "95",
        "109"
    ],
    "terminate": true,
    "state_history": [
        {
            "queries": [
                "Best cities to visit for cultural experiences"
            ],
            "iteration": 0
        },
        {
            "queries": [
                "Best cities to visit for cultural experiences"
            ],
            "iteration": 0,
            "retrieved_lists": [
                [
                    "283",
                    "520",
                    "352",
                    "320",
                    "168",
                    "105",
                    "492",
                    "111",
                    "95",
                    "109"
                ]
            ],
            "all_sim_scores": [
                [
                    0.5912482738494873,
                    0.5886467695236206,
                    0.5873487591743469,
                    0.5856471657752991,
                    0.5835818648338318,
                    0.5832231044769287,
                    0.57998126745224,
                    0.5792295932769775,
                    0.5728450417518616,
                    0.5710008144378662
                ]
            ],
            "last_action_method": "rank"
        },
        {
            "queries": [
                "Best cities to visit for cultural experiences"
            ],
            "iteration": 0,
            "retrieved_lists": [
                [
                    "283",
                    "520",
                    "352",
                    "320",
                    "168",
                    "105",
                    "492",
                    "111",
                    "95",
                    "109"
                ]
            ],
            "all_sim_scores": [
                [
                    0.5912482738494873,
                    0.5886467695236206,
                    0.5873487591743469,
                    0.5856471657752991,
                    0.5835818648338318,
                    0.5832231044769287,
                    0.57998126745224,
                    0.5792295932769775,
                    0.5728450417518616,
                    0.5710008144378662
                ]
            ],
            "last_action_method": "return_last_retrieved_list",
            "curr_top_k_docIDs": [
                "283",
                "520",
                "352",
                "320",
                "168",
                "105",
                "492",
                "111",
                "95",
                "109"
            ],
            "terminate": true
        }
    ]
}