{
    "queries": [
        "who acts as the chairman of the election commission"
    ],
    "iteration": 0,
    "retrieved_lists": [
        [
            "doc81644",
            "doc1024660",
            "doc2008722",
            "doc233691",
            "doc2403555",
            "doc1922827",
            "doc1535236",
            "doc2631746",
            "doc1400306",
            "doc836073",
            "doc210916",
            "doc2091598",
            "doc786114",
            "doc332478",
            "doc1961336",
            "doc971773",
            "doc730281",
            "doc1706148",
            "doc1946750",
            "doc554293",
            "doc2338679",
            "doc2276896",
            "doc992694",
            "doc519012",
            "doc1566442",
            "doc10289",
            "doc2061384",
            "doc1317721",
            "doc1622802",
            "doc2337924",
            "doc857140",
            "doc1539536",
            "doc1658131",
            "doc579109",
            "doc2112837",
            "doc523894",
            "doc1157244",
            "doc1695726",
            "doc976067",
            "doc1306961",
            "doc1746788",
            "doc2609187",
            "doc1032904",
            "doc1080491",
            "doc925300",
            "doc815697",
            "doc1368681",
            "doc1215456",
            "doc19282",
            "doc294099",
            "doc2413601",
            "doc1863905",
            "doc2414087",
            "doc356932",
            "doc2681224",
            "doc773058",
            "doc1702509",
            "doc2174093",
            "doc2130603",
            "doc95177"
        ]
    ],
    "all_sim_scores": [
        [
            0.6669974327087402,
            0.48393887281417847,
            0.4701460897922516,
            0.4243742823600769,
            0.40876296162605286,
            0.40084099769592285,
            0.3998870253562927,
            0.3993585705757141,
            0.39676469564437866,
            0.39160168170928955,
            0.385684072971344,
            0.37778040766716003,
            0.3722642660140991,
            0.3653724789619446,
            0.3607630133628845,
            0.35891351103782654,
            0.35847505927085876,
            0.3520163297653198,
            0.3519414961338043,
            0.34926700592041016,
            0.3488016724586487,
            0.3472834527492523,
            0.34622377157211304,
            0.3456248641014099,
            0.3452000617980957,
            0.34432780742645264,
            0.343055784702301,
            0.34290415048599243,
            0.3415977954864502,
            0.3413662910461426,
            0.34064981341362,
            0.3388102352619171,
            0.3385455012321472,
            0.33337995409965515,
            0.3324676752090454,
            0.33166176080703735,
            0.3307688534259796,
            0.33060455322265625,
            0.32999053597450256,
            0.3291144371032715,
            0.3286082148551941,
            0.32804545760154724,
            0.327387273311615,
            0.3269073963165283,
            0.326297402381897,
            0.32556894421577454,
            0.3225839138031006,
            0.31960129737854004,
            0.3194364309310913,
            0.31920644640922546,
            0.31509774923324585,
            0.3122374415397644,
            0.31084272265434265,
            0.3098266124725342,
            0.3097870945930481,
            0.3082382082939148,
            0.30806005001068115,
            0.30787548422813416,
            0.30739104747772217,
            0.30532437562942505
        ]
    ],
    "last_action_method": "return_last_retrieved_list",
    "curr_top_k_docIDs": [
        "doc81644",
        "doc1024660",
        "doc2008722",
        "doc233691",
        "doc2403555",
        "doc1922827",
        "doc1535236",
        "doc2631746",
        "doc1400306",
        "doc836073",
        "doc210916",
        "doc2091598",
        "doc786114",
        "doc332478",
        "doc1961336",
        "doc971773",
        "doc730281",
        "doc1706148",
        "doc1946750",
        "doc554293",
        "doc2338679",
        "doc2276896",
        "doc992694",
        "doc519012",
        "doc1566442",
        "doc10289",
        "doc2061384",
        "doc1317721",
        "doc1622802",
        "doc2337924",
        "doc857140",
        "doc1539536",
        "doc1658131",
        "doc579109",
        "doc2112837",
        "doc523894",
        "doc1157244",
        "doc1695726",
        "doc976067",
        "doc1306961",
        "doc1746788",
        "doc2609187",
        "doc1032904",
        "doc1080491",
        "doc925300",
        "doc815697",
        "doc1368681",
        "doc1215456",
        "doc19282",
        "doc294099",
        "doc2413601",
        "doc1863905",
        "doc2414087",
        "doc356932",
        "doc2681224",
        "doc773058",
        "doc1702509",
        "doc2174093",
        "doc2130603",
        "doc95177"
    ],
    "terminate": true,
    "state_history": [
        {
            "queries": [
                "who acts as the chairman of the election commission"
            ],
            "iteration": 0
        },
        {
            "queries": [
                "who acts as the chairman of the election commission"
            ],
            "iteration": 0,
            "retrieved_lists": [
                [
                    "doc81644",
                    "doc1024660",
                    "doc2008722",
                    "doc233691",
                    "doc2403555",
                    "doc1922827",
                    "doc1535236",
                    "doc2631746",
                    "doc1400306",
                    "doc836073",
                    "doc210916",
                    "doc2091598",
                    "doc786114",
                    "doc332478",
                    "doc1961336",
                    "doc971773",
                    "doc730281",
                    "doc1706148",
                    "doc1946750",
                    "doc554293",
                    "doc2338679",
                    "doc2276896",
                    "doc992694",
                    "doc519012",
                    "doc1566442",
                    "doc10289",
                    "doc2061384",
                    "doc1317721",
                    "doc1622802",
                    "doc2337924",
                    "doc857140",
                    "doc1539536",
                    "doc1658131",
                    "doc579109",
                    "doc2112837",
                    "doc523894",
                    "doc1157244",
                    "doc1695726",
                    "doc976067",
                    "doc1306961",
                    "doc1746788",
                    "doc2609187",
                    "doc1032904",
                    "doc1080491",
                    "doc925300",
                    "doc815697",
                    "doc1368681",
                    "doc1215456",
                    "doc19282",
                    "doc294099",
                    "doc2413601",
                    "doc1863905",
                    "doc2414087",
                    "doc356932",
                    "doc2681224",
                    "doc773058",
                    "doc1702509",
                    "doc2174093",
                    "doc2130603",
                    "doc95177"
                ]
            ],