{
    "queries": [
        "Family friendly cities for vacations"
    ],
    "iteration": 0,
    "retrieved_lists": [
        [
            "226",
            "347",
            "199",
            "415",
            "497",
            "448",
            "406",
            "303",
            "320",
            "392"
        ]
    ],
    "all_sim_scores": [
        [
            0.37651526927948,
            0.3621620535850525,
            0.3614566922187805,
            0.3576011061668396,
            0.34927475452423096,
            0.347966730594635,
            0.3456641733646393,
            0.34274226427078247,
            0.33774882555007935,
            0.33586251735687256
        ]
    ],
    "last_action_method": "return_last_retrieved_list",
    "curr_top_k_docIDs": [
        "226",
        "347",
        "199",
        "415",
        "497",
        "448",
        "406",
        "303",
        "320",
        "392"
    ],
    "terminate": true,
    "state_history": [
        {
            "queries": [
                "Family friendly cities for vacations"
            ],
            "iteration": 0
        },
        {
            "queries": [
                "Family friendly cities for vacations"
            ],
            "iteration": 0,
            "retrieved_lists": [
                [
                    "226",
                    "347",
                    "199",
                    "415",
                    "497",
                    "448",
                    "406",
                    "303",
                    "320",
                    "392"
                ]
            ],
            "all_sim_scores": [
                [
                    0.37651526927948,
                    0.3621620535850525,
                    0.3614566922187805,
                    0.3576011061668396,
                    0.34927475452423096,
                    0.347966730594635,
                    0.3456641733646393,
                    0.34274226427078247,
                    0.33774882555007935,
                    0.33586251735687256
                ]
            ],
            "last_action_method": "rank"
        },
        {
            "queries": [
                "Family friendly cities for vacations"
            ],
            "iteration": 0,
            "retrieved_lists": [
                [
                    "226",
                    "347",
                    "199",
                    "415",
                    "497",
                    "448",
                    "406",
                    "303",
                    "320",
                    "392"
                ]
            ],
            "all_sim_scores": [
                [
                    0.37651526927948,
                    0.3621620535850525,
                    0.3614566922187805,
                    0.3576011061668396,
                    0.34927475452423096,
                    0.347966730594635,
                    0.3456641733646393,
                    0.34274226427078247,
                    0.33774882555007935,
                    0.33586251735687256
                ]
            ],
            "last_action_method": "return_last_retrieved_list",
            "curr_top_k_docIDs": [
                "226",
                "347",
                "199",
                "415",
                "497",
                "448",
                "406",
                "303",
                "320",
                "392"
            ],
            "terminate": true
        }
    ]
}