{
    "queries": [
        "Most beautiful island cities to explore"
    ],
    "iteration": 0,
    "retrieved_lists": [
        [
            "388",
            "149",
            "136",
            "369",
            "316",
            "276",
            "96",
            "216",
            "403",
            "415",
            "398",
            "358",
            "464",
            "61",
            "413",
            "520",
            "107",
            "400",
            "363",
            "64",
            "368",
            "320",
            "164",
            "125",
            "405",
            "179",
            "350",
            "338",
            "529",
            "1",
            "293",
            "54",
            "347",
            "384",
            "362",
            "407",
            "497",
            "137",
            "450",
            "376",
            "264",
            "59",
            "138",
            "402",
            "53",
            "330",
            "178",
            "366",
            "131",
            "361",
            "266",
            "197",
            "406",
            "270",
            "173",
            "409",
            "15",
            "374",
            "237",
            "377"
        ]
    ],
    "all_sim_scores": [
        [
            0.4794546663761139,
            0.4647793173789978,
            0.45399147272109985,
            0.44119882583618164,
            0.41499805450439453,
            0.41438883543014526,
            0.393460750579834,
            0.387439489364624,
            0.3807657063007355,
            0.37589865922927856,
            0.37396305799484253,
            0.37341248989105225,
            0.35552096366882324,
            0.3528750538825989,
            0.3485459089279175,
            0.34586411714553833,
            0.34159278869628906,
            0.3405134379863739,
            0.33948075771331787,
            0.331199049949646,
            0.3299367427825928,
            0.3268267810344696,
            0.3257741630077362,
            0.3253101408481598,
            0.3236026167869568,
            0.32191574573516846,
            0.32146865129470825,
            0.32129234075546265,
            0.32084381580352783,
            0.32070109248161316,
            0.3201181888580322,
            0.32006514072418213,
            0.3198293447494507,
            0.31939697265625,
            0.3193866014480591,
            0.31895360350608826,
            0.3175292909145355,
            0.31656843423843384,
            0.31541329622268677,
            0.31536707282066345,
            0.31479954719543457,
            0.31343352794647217,
            0.3112872838973999,
            0.3089298903942108,
            0.30788490176200867,
            0.3076392412185669,
            0.306425005197525,
            0.3044746220111847,
            0.3012846112251282,
            0.30088675022125244,
            0.2993209958076477,
            0.29794222116470337,
            0.2968810796737671,
            0.2949103116989136,
            0.29340285062789917,
            0.293394535779953,
            0.29310306906700134,
            0.2927924692630768,
            0.292544960975647,
            0.2921755313873291
        ]
    ],
    "last_action_method": "return_last_retrieved_list",
    "curr_top_k_docIDs": [
        "388",
        "149",
        "136",
        "369",
        "316",
        "276",
        "96",
        "216",
        "403",
        "415",
        "398",
        "358",
        "464",
        "61",
        "413",
        "520",
        "107",
        "400",
        "363",
        "64",
        "368",
        "320",
        "164",
        "125",
        "405",
        "179",
        "350",
        "338",
        "529",
        "1",
        "293",
        "54",
        "347",
        "384",
        "362",
        "407",
        "497",
        "137",
        "450",
        "376",
        "264",
        "59",
        "138",
        "402",
        "53",
        "330",
        "178",
        "366",
        "131",
        "361",
        "266",
        "197",
        "406",
        "270",
        "173",
        "409",
        "15",
        "374",
        "237",
        "377"
    ],
    "terminate": true,
    "state_history": [
        {
            "queries": [
                "Most beautiful island cities to explore"
            ],
            "iteration": 0
        },
        {
            "queries": [
                "Most beautiful island cities to explore"
            ],
            "iteration": 0,
            "retrieved_lists": [
                [
                    "388",
                    "149",
                    "136",
                    "369",
                    "316",
                    "276",
                    "96",
                    "216",
                    "403",
                    "415",
                    "398",
                    "358",
                    "464",
                    "61",
                    "413",
                    "520",
                    "107",
                    "400",
                    "363",
                    "64",
                    "368",
                    "320",
                    "164",
                    "125",
                    "405",
                    "179",
                    "350",
                    "338",
                    "529",
                    "1",
                    "293",
                    "54",
                    "347",
                    "384",
                    "362",
                    "407",
                    "497",
                    "137",
                    "450",
                    "376",
                    "264",
                    "59",
                    "138",
                    "402",
                    "53",
                    "330",
                    "178",
                    "366",
                    "131",
                    "361",
                    "266",
                    "197",
                    "406",
                    "270",
                    "173",
                    "409",
                    "15",
                    "374",
                    "237",
                    "377"
                ]
            ],