{
    "queries": [
        "Must Visit cities for your bucket list"
    ],
    "iteration": 0,
    "retrieved_lists": [
        [
            "492",
            "251",
            "399",
            "237",
            "141",
            "516",
            "320",
            "120",
            "124",
            "400",
            "92",
            "201",
            "53",
            "61",
            "111",
            "328",
            "109",
            "105",
            "332",
            "121",
            "408",
            "352",
            "89",
            "376",
            "283",
            "338",
            "168",
            "204",
            "43",
            "303",
            "6",
            "22",
            "392",
            "198",
            "284",
            "82",
            "77",
            "71",
            "157",
            "187",
            "378",
            "96",
            "330",
            "520",
            "172",
            "423",
            "31",
            "132",
            "385",
            "425",
            "457",
            "565",
            "16",
            "545",
            "560",
            "11",
            "380",
            "349",
            "91",
            "51"
        ]
    ],
    "all_sim_scores": [
        [
            0.6121867895126343,
            0.6114593744277954,
            0.608238697052002,
            0.6029649972915649,
            0.6027534008026123,
            0.6001550555229187,
            0.5973554253578186,
            0.5969192981719971,
            0.5967868566513062,
            0.5955878496170044,
            0.5943498611450195,
            0.592915415763855,
            0.5926932096481323,
            0.5904836654663086,
            0.5894968509674072,
            0.5890803337097168,
            0.5883733034133911,
            0.5877524018287659,
            0.5870056748390198,
            0.5867077112197876,
            0.5829741358757019,
            0.5827320218086243,
            0.5825917720794678,
            0.5825293064117432,
            0.5820701718330383,
            0.581531286239624,
            0.5813865661621094,
            0.578861653804779,
            0.5753790736198425,
            0.5749508738517761,
            0.5747151374816895,
            0.5744473338127136,
            0.5742332935333252,
            0.5717191696166992,
            0.5707426071166992,
            0.5701687335968018,
            0.5694277882575989,
            0.5688009262084961,
            0.5680133104324341,
            0.5679076910018921,
            0.5676828026771545,
            0.566385805606842,
            0.5635541677474976,
            0.5617915987968445,
            0.5615035891532898,
            0.5613997578620911,
            0.5613778829574585,
            0.5591118335723877,
            0.5586337447166443,
            0.5585325360298157,
            0.557731568813324,
            0.5574503540992737,
            0.5567687749862671,
            0.5558530688285828,
            0.5552788972854614,
            0.5548998117446899,
            0.5547935962677002,
            0.5547114610671997,
            0.5537495613098145,
            0.5537334084510803
        ]
    ],
    "last_action_method": "return_last_retrieved_list",
    "curr_top_k_docIDs": [
        "492",
        "251",
        "399",
        "237",
        "141",
        "516",
        "320",
        "120",
        "124",
        "400",
        "92",
        "201",
        "53",
        "61",
        "111",
        "328",
        "109",
        "105",
        "332",
        "121",
        "408",
        "352",
        "89",
        "376",
        "283",
        "338",
        "168",
        "204",
        "43",
        "303",
        "6",
        "22",
        "392",
        "198",
        "284",
        "82",
        "77",
        "71",
        "157",
        "187",
        "378",
        "96",
        "330",
        "520",
        "172",
        "423",
        "31",
        "132",
        "385",
        "425",
        "457",
        "565",
        "16",
        "545",
        "560",
        "11",
        "380",
        "349",
        "91",
        "51"
    ],
    "terminate": true,
    "state_history": [
        {
            "queries": [
                "Must Visit cities for your bucket list"
            ],
            "iteration": 0
        },
        {
            "queries": [
                "Must Visit cities for your bucket list"
            ],
            "iteration": 0,
            "retrieved_lists": [
                [
                    "492",
                    "251",
                    "399",
                    "237",
                    "141",
                    "516",
                    "320",
                    "120",
                    "124",
                    "400",
                    "92",
                    "201",
                    "53",
                    "61",
                    "111",
                    "328",
                    "109",
                    "105",
                    "332",
                    "121",
                    "408",
                    "352",
                    "89",
                    "376",
                    "283",
                    "338",
                    "168",
                    "204",
                    "43",
                    "303",
                    "6",
                    "22",
                    "392",
                    "198",
                    "284",
                    "82",
                    "77",
                    "71",
                    "157",
                    "187",
                    "378",
                    "96",
                    "330",
                    "520",
                    "172",
                    "423",
                    "31",
                    "132",
                    "385",
                    "425",
                    "457",
                    "565",
                    "16",
                    "545",
                    "560",
                    "11",
                    "380",
                    "349",
                    "91",
                    "51"
                ]
            ],