{
    "queries": [
        "1/4 npt male to 1/8 npt female bushing"
    ],
    "iteration": 0,
    "retrieved_lists": [
        [
            "150012",
            "653626",
            "675586",
            "868015",
            "247181",
            "68142",
            "1218636",
            "946716",
            "976661",
            "20776"
        ]
    ],
    "all_sim_scores": [
        [
            0.7687050104141235,
            0.7567400932312012,
            0.7425480484962463,
            0.740633487701416,
            0.7295339107513428,
            0.7224631905555725,
            0.7096035480499268,
            0.7027349472045898,
            0.7005650997161865,
            0.6965004205703735
        ]
    ],
    "last_action_method": "return_last_retrieved_list",
    "curr_top_k_docIDs": [
        "150012",
        "653626",
        "675586",
        "868015",
        "247181",
        "68142",
        "1218636",
        "946716",
        "976661",
        "20776"
    ],
    "terminate": true,
    "state_history": [
        {
            "queries": [
                "1/4 npt male to 1/8 npt female bushing"
            ],
            "iteration": 0
        },
        {
            "queries": [
                "1/4 npt male to 1/8 npt female bushing"
            ],
            "iteration": 0,
            "retrieved_lists": [
                [
                    "150012",
                    "653626",
                    "675586",
                    "868015",
                    "247181",
                    "68142",
                    "1218636",
                    "946716",
                    "976661",
                    "20776"
                ]
            ],
            "all_sim_scores": [
                [
                    0.7687050104141235,
                    0.7567400932312012,
                    0.7425480484962463,
                    0.740633487701416,
                    0.7295339107513428,
                    0.7224631905555725,
                    0.7096035480499268,
                    0.7027349472045898,
                    0.7005650997161865,
                    0.6965004205703735
                ]
            ],
            "last_action_method": "rank"
        },
        {
            "queries": [
                "1/4 npt male to 1/8 npt female bushing"
            ],
            "iteration": 0,
            "retrieved_lists": [
                [
                    "150012",
                    "653626",
                    "675586",
                    "868015",
                    "247181",
                    "68142",
                    "1218636",
                    "946716",
                    "976661",
                    "20776"
                ]
            ],
            "all_sim_scores": [
                [
                    0.7687050104141235,
                    0.7567400932312012,
                    0.7425480484962463,
                    0.740633487701416,
                    0.7295339107513428,
                    0.7224631905555725,
                    0.7096035480499268,
                    0.7027349472045898,
                    0.7005650997161865,
                    0.6965004205703735
                ]
            ],
            "last_action_method": "return_last_retrieved_list",
            "curr_top_k_docIDs": [
                "150012",
                "653626",
                "675586",
                "868015",
                "247181",
                "68142",
                "1218636",
                "946716",
                "976661",
                "20776"
            ],
            "terminate": true
        }
    ]
}