{
    "queries": [
        "Picturesque cities for photography enthusiasts"
    ],
    "iteration": 0,
    "retrieved_lists": [
        [
            "368",
            "520",
            "138",
            "320",
            "283",
            "497",
            "481",
            "530",
            "392",
            "427"
        ]
    ],
    "all_sim_scores": [
        [
            0.39987796545028687,
            0.39312660694122314,
            0.3927610516548157,
            0.3910190165042877,
            0.3760615289211273,
            0.37588679790496826,
            0.3693048059940338,
            0.3672667145729065,
            0.3665241599082947,
            0.3608776032924652
        ]
    ],
    "last_action_method": "return_last_retrieved_list",
    "curr_top_k_docIDs": [
        "368",
        "520",
        "138",
        "320",
        "283",
        "497",
        "481",
        "530",
        "392",
        "427"
    ],
    "terminate": true,
    "state_history": [
        {
            "queries": [
                "Picturesque cities for photography enthusiasts"
            ],
            "iteration": 0
        },
        {
            "queries": [
                "Picturesque cities for photography enthusiasts"
            ],
            "iteration": 0,
            "retrieved_lists": [
                [
                    "368",
                    "520",
                    "138",
                    "320",
                    "283",
                    "497",
                    "481",
                    "530",
                    "392",
                    "427"
                ]
            ],
            "all_sim_scores": [
                [
                    0.39987796545028687,
                    0.39312660694122314,
                    0.3927610516548157,
                    0.3910190165042877,
                    0.3760615289211273,
                    0.37588679790496826,
                    0.3693048059940338,
                    0.3672667145729065,
                    0.3665241599082947,
                    0.3608776032924652
                ]
            ],
            "last_action_method": "rank"
        },
        {
            "queries": [
                "Picturesque cities for photography enthusiasts"
            ],
            "iteration": 0,
            "retrieved_lists": [
                [
                    "368",
                    "520",
                    "138",
                    "320",
                    "283",
                    "497",
                    "481",
                    "530",
                    "392",
                    "427"
                ]
            ],
            "all_sim_scores": [
                [
                    0.39987796545028687,
                    0.39312660694122314,
                    0.3927610516548157,
                    0.3910190165042877,
                    0.3760615289211273,
                    0.37588679790496826,
                    0.3693048059940338,
                    0.3672667145729065,
                    0.3665241599082947,
                    0.3608776032924652
                ]
            ],
            "last_action_method": "return_last_retrieved_list",
            "curr_top_k_docIDs": [
                "368",
                "520",
                "138",
                "320",
                "283",
                "497",
                "481",
                "530",
                "392",
                "427"
            ],
            "terminate": true
        }
    ]
}