{
    "queries": [
        "barbar blow dryer"
    ],
    "iteration": 0,
    "retrieved_lists": [
        [
            "587740",
            "1347122",
            "1419952",
            "904775",
            "1329184",
            "325174",
            "1043056",
            "260239",
            "376879",
            "700631"
        ]
    ],
    "all_sim_scores": [
        [
            0.7353705763816833,
            0.7196527719497681,
            0.7089254856109619,
            0.6953639984130859,
            0.6922904253005981,
            0.6886250376701355,
            0.6826092600822449,
            0.6821390390396118,
            0.6799471378326416,
            0.6776741743087769
        ]
    ],
    "last_action_method": "return_last_retrieved_list",
    "curr_top_k_docIDs": [
        "587740",
        "1347122",
        "1419952",
        "904775",
        "1329184",
        "325174",
        "1043056",
        "260239",
        "376879",
        "700631"
    ],
    "terminate": true,
    "state_history": [
        {
            "queries": [
                "barbar blow dryer"
            ],
            "iteration": 0
        },
        {
            "queries": [
                "barbar blow dryer"
            ],
            "iteration": 0,
            "retrieved_lists": [
                [
                    "587740",
                    "1347122",
                    "1419952",
                    "904775",
                    "1329184",
                    "325174",
                    "1043056",
                    "260239",
                    "376879",
                    "700631"
                ]
            ],
            "all_sim_scores": [
                [
                    0.7353705763816833,
                    0.7196527719497681,
                    0.7089254856109619,
                    0.6953639984130859,
                    0.6922904253005981,
                    0.6886250376701355,
                    0.6826092600822449,
                    0.6821390390396118,
                    0.6799471378326416,
                    0.6776741743087769
                ]
            ],
            "last_action_method": "rank"
        },
        {
            "queries": [
                "barbar blow dryer"
            ],
            "iteration": 0,
            "retrieved_lists": [
                [
                    "587740",
                    "1347122",
                    "1419952",
                    "904775",
                    "1329184",
                    "325174",
                    "1043056",
                    "260239",
                    "376879",
                    "700631"
                ]
            ],
            "all_sim_scores": [
                [
                    0.7353705763816833,
                    0.7196527719497681,
                    0.7089254856109619,
                    0.6953639984130859,
                    0.6922904253005981,
                    0.6886250376701355,
                    0.6826092600822449,
                    0.6821390390396118,
                    0.6799471378326416,
                    0.6776741743087769
                ]
            ],
            "last_action_method": "return_last_retrieved_list",
            "curr_top_k_docIDs": [
                "587740",
                "1347122",
                "1419952",
                "904775",
                "1329184",
                "325174",
                "1043056",
                "260239",
                "376879",
                "700631"
            ],
            "terminate": true
        }
    ]
}