{
    "queries": [
        "Top cities for leisurely strolls"
    ],
    "iteration": 0,
    "retrieved_lists": [
        [
            "251",
            "492",
            "168",
            "520",
            "352",
            "201",
            "141",
            "105",
            "222",
            "516"
        ]
    ],
    "all_sim_scores": [
        [
            0.6449662446975708,
            0.6353728175163269,
            0.6257903575897217,
            0.624521791934967,
            0.6217217445373535,
            0.6198536157608032,
            0.6196840405464172,
            0.6187340021133423,
            0.617347240447998,
            0.6166367530822754
        ]
    ],
    "last_action_method": "return_last_retrieved_list",
    "curr_top_k_docIDs": [
        "251",
        "492",
        "168",
        "520",
        "352",
        "201",
        "141",
        "105",
        "222",
        "516"
    ],
    "terminate": true,
    "state_history": [
        {
            "queries": [
                "Top cities for leisurely strolls"
            ],
            "iteration": 0
        },
        {
            "queries": [
                "Top cities for leisurely strolls"
            ],
            "iteration": 0,
            "retrieved_lists": [
                [
                    "251",
                    "492",
                    "168",
                    "520",
                    "352",
                    "201",
                    "141",
                    "105",
                    "222",
                    "516"
                ]
            ],
            "all_sim_scores": [
                [
                    0.6449662446975708,
                    0.6353728175163269,
                    0.6257903575897217,
                    0.624521791934967,
                    0.6217217445373535,
                    0.6198536157608032,
                    0.6196840405464172,
                    0.6187340021133423,
                    0.617347240447998,
                    0.6166367530822754
                ]
            ],
            "last_action_method": "rank"
        },
        {
            "queries": [
                "Top cities for leisurely strolls"
            ],
            "iteration": 0,
            "retrieved_lists": [
                [
                    "251",
                    "492",
                    "168",
                    "520",
                    "352",
                    "201",
                    "141",
                    "105",
                    "222",
                    "516"
                ]
            ],
            "all_sim_scores": [
                [
                    0.6449662446975708,
                    0.6353728175163269,
                    0.6257903575897217,
                    0.624521791934967,
                    0.6217217445373535,
                    0.6198536157608032,
                    0.6196840405464172,
                    0.6187340021133423,
                    0.617347240447998,
                    0.6166367530822754
                ]
            ],
            "last_action_method": "return_last_retrieved_list",
            "curr_top_k_docIDs": [
                "251",
                "492",
                "168",
                "520",
                "352",
                "201",
                "141",
                "105",
                "222",
                "516"
            ],
            "terminate": true
        }
    ]
}