{
    "queries": [
        "Beautiful cities near water bodies"
    ],
    "iteration": 0,
    "retrieved_lists": [
        [
            "392",
            "520",
            "338",
            "342",
            "199",
            "490",
            "264",
            "1",
            "362",
            "124"
        ]
    ],
    "all_sim_scores": [
        [
            0.443917453289032,
            0.3903936743736267,
            0.38909029960632324,
            0.37442153692245483,
            0.3715384006500244,
            0.3682605028152466,
            0.3574163615703583,
            0.35275906324386597,
            0.3515549302101135,
            0.35063281655311584
        ]
    ],
    "last_action_method": "return_last_retrieved_list",
    "curr_top_k_docIDs": [
        "392",
        "520",
        "338",
        "342",
        "199",
        "490",
        "264",
        "1",
        "362",
        "124"
    ],
    "terminate": true,
    "state_history": [
        {
            "queries": [
                "Beautiful cities near water bodies"
            ],
            "iteration": 0
        },
        {
            "queries": [
                "Beautiful cities near water bodies"
            ],
            "iteration": 0,
            "retrieved_lists": [
                [
                    "392",
                    "520",
                    "338",
                    "342",
                    "199",
                    "490",
                    "264",
                    "1",
                    "362",
                    "124"
                ]
            ],
            "all_sim_scores": [
                [
                    0.443917453289032,
                    0.3903936743736267,
                    0.38909029960632324,
                    0.37442153692245483,
                    0.3715384006500244,
                    0.3682605028152466,
                    0.3574163615703583,
                    0.35275906324386597,
                    0.3515549302101135,
                    0.35063281655311584
                ]
            ],
            "last_action_method": "rank"
        },
        {
            "queries": [
                "Beautiful cities near water bodies"
            ],
            "iteration": 0,
            "retrieved_lists": [
                [
                    "392",
                    "520",
                    "338",
                    "342",
                    "199",
                    "490",
                    "264",
                    "1",
                    "362",
                    "124"
                ]
            ],
            "all_sim_scores": [
                [
                    0.443917453289032,
                    0.3903936743736267,
                    0.38909029960632324,
                    0.37442153692245483,
                    0.3715384006500244,
                    0.3682605028152466,
                    0.3574163615703583,
                    0.35275906324386597,
                    0.3515549302101135,
                    0.35063281655311584
                ]
            ],
            "last_action_method": "return_last_retrieved_list",
            "curr_top_k_docIDs": [
                "392",
                "520",
                "338",
                "342",
                "199",
                "490",
                "264",
                "1",
                "362",
                "124"
            ],
            "terminate": true
        }
    ]
}