{
    "queries": [
        "halloween costumes for boys"
    ],
    "iteration": 0,
    "retrieved_lists": [
        [
            "906827",
            "346326",
            "1286586",
            "1486252",
            "1049380",
            "1526252",
            "1430409",
            "211338",
            "1205486",
            "449518"
        ]
    ],
    "all_sim_scores": [
        [
            0.7484822273254395,
            0.717355489730835,
            0.7142881155014038,
            0.7092196345329285,
            0.6968165636062622,
            0.6924169063568115,
            0.6831247806549072,
            0.6765960454940796,
            0.6756815910339355,
            0.6752446889877319
        ]
    ],
    "last_action_method": "return_last_retrieved_list",
    "curr_top_k_docIDs": [
        "906827",
        "346326",
        "1286586",
        "1486252",
        "1049380",
        "1526252",
        "1430409",
        "211338",
        "1205486",
        "449518"
    ],
    "terminate": true,
    "state_history": [
        {
            "queries": [
                "halloween costumes for boys"
            ],
            "iteration": 0
        },
        {
            "queries": [
                "halloween costumes for boys"
            ],
            "iteration": 0,
            "retrieved_lists": [
                [
                    "906827",
                    "346326",
                    "1286586",
                    "1486252",
                    "1049380",
                    "1526252",
                    "1430409",
                    "211338",
                    "1205486",
                    "449518"
                ]
            ],
            "all_sim_scores": [
                [
                    0.7484822273254395,
                    0.717355489730835,
                    0.7142881155014038,
                    0.7092196345329285,
                    0.6968165636062622,
                    0.6924169063568115,
                    0.6831247806549072,
                    0.6765960454940796,
                    0.6756815910339355,
                    0.6752446889877319
                ]
            ],
            "last_action_method": "rank"
        },
        {
            "queries": [
                "halloween costumes for boys"
            ],
            "iteration": 0,
            "retrieved_lists": [
                [
                    "906827",
                    "346326",
                    "1286586",
                    "1486252",
                    "1049380",
                    "1526252",
                    "1430409",
                    "211338",
                    "1205486",
                    "449518"
                ]
            ],
            "all_sim_scores": [
                [
                    0.7484822273254395,
                    0.717355489730835,
                    0.7142881155014038,
                    0.7092196345329285,
                    0.6968165636062622,
                    0.6924169063568115,
                    0.6831247806549072,
                    0.6765960454940796,
                    0.6756815910339355,
                    0.6752446889877319
                ]
            ],
            "last_action_method": "return_last_retrieved_list",
            "curr_top_k_docIDs": [
                "906827",
                "346326",
                "1286586",
                "1486252",
                "1049380",
                "1526252",
                "1430409",
                "211338",
                "1205486",
                "449518"
            ],
            "terminate": true
        }
    ]
}