{
    "queries": [
        "who plays the dad in malcom in the middle"
    ],
    "iteration": 0,
    "retrieved_lists": [
        [
            "doc107870",
            "doc107873",
            "doc2639970",
            "doc1671763",
            "doc2128908",
            "doc1617749",
            "doc229875",
            "doc162322",
            "doc1004824",
            "doc1040628",
            "doc2128308",
            "doc2042640",
            "doc2131919",
            "doc35993",
            "doc1662297",
            "doc81007",
            "doc1102345",
            "doc317127",
            "doc902023",
            "doc150135",
            "doc1484951",
            "doc2232569",
            "doc57304",
            "doc2462685",
            "doc1660975",
            "doc1597242",
            "doc648801",
            "doc534447",
            "doc913476",
            "doc1843658",
            "doc1511954",
            "doc324886",
            "doc1886610",
            "doc462580",
            "doc2434393",
            "doc2164954",
            "doc1795728",
            "doc405271",
            "doc1816053",
            "doc1023123",
            "doc2672261",
            "doc2633243",
            "doc2551041",
            "doc1164621",
            "doc1197956",
            "doc1587232",
            "doc2599982",
            "doc1778999",
            "doc326905",
            "doc2392405",
            "doc761288",
            "doc1958770",
            "doc1023489",
            "doc2256549",
            "doc429844",
            "doc650619",
            "doc2235263",
            "doc2521560",
            "doc1488977",
            "doc249179"
        ]
    ],
    "all_sim_scores": [
        [
            0.6479038000106812,
            0.579115629196167,
            0.39994579553604126,
            0.35647720098495483,
            0.3321583867073059,
            0.33032310009002686,
            0.32741737365722656,
            0.31416523456573486,
            0.3105595111846924,
            0.30931806564331055,
            0.30808186531066895,
            0.30749547481536865,
            0.306654155254364,
            0.306454598903656,
            0.3035796880722046,
            0.30238381028175354,
            0.30216673016548157,
            0.3004951477050781,
            0.3004867434501648,
            0.2988755702972412,
            0.2953147292137146,
            0.29369106888771057,
            0.2936815619468689,
            0.29327356815338135,
            0.29237884283065796,
            0.2900528907775879,
            0.2885909080505371,
            0.28831231594085693,
            0.28821516036987305,
            0.2872025966644287,
            0.2867632508277893,
            0.28643351793289185,
            0.2861098051071167,
            0.2816128432750702,
            0.28096798062324524,
            0.28033876419067383,
            0.2797456383705139,
            0.2772948145866394,
            0.275745689868927,
            0.2747843861579895,
            0.27418047189712524,
            0.2732778787612915,
            0.2731795310974121,
            0.2724906802177429,
            0.27233678102493286,
            0.27130505442619324,
            0.2712198793888092,
            0.2710582911968231,
            0.27031460404396057,
            0.2698318362236023,
            0.2690126895904541,
            0.2680245637893677,
            0.2663792669773102,
            0.2663295567035675,
            0.2652907967567444,
            0.2651083171367645,
            0.26458871364593506,
            0.26410919427871704,
            0.26391011476516724,
            0.2634677588939667
        ]
    ],
    "last_action_method": "return_last_retrieved_list",
    "curr_top_k_docIDs": [
        "doc107870",
        "doc107873",
        "doc2639970",
        "doc1671763",
        "doc2128908",
        "doc1617749",
        "doc229875",
        "doc162322",
        "doc1004824",
        "doc1040628",
        "doc2128308",
        "doc2042640",
        "doc2131919",
        "doc35993",
        "doc1662297",
        "doc81007",
        "doc1102345",
        "doc317127",
        "doc902023",
        "doc150135",
        "doc1484951",
        "doc2232569",
        "doc57304",
        "doc2462685",
        "doc1660975",
        "doc1597242",
        "doc648801",
        "doc534447",
        "doc913476",
        "doc1843658",
        "doc1511954",
        "doc324886",
        "doc1886610",
        "doc462580",
        "doc2434393",
        "doc2164954",
        "doc1795728",
        "doc405271",
        "doc1816053",
        "doc1023123",
        "doc2672261",
        "doc2633243",
        "doc2551041",
        "doc1164621",
        "doc1197956",
        "doc1587232",
        "doc2599982",
        "doc1778999",
        "doc326905",
        "doc2392405",
        "doc761288",
        "doc1958770",
        "doc1023489",
        "doc2256549",
        "doc429844",
        "doc650619",
        "doc2235263",
        "doc2521560",
        "doc1488977",
        "doc249179"
    ],
    "terminate": true,
    "state_history": [
        {
            "queries": [
                "who plays the dad in malcom in the middle"
            ],
            "iteration": 0
        },
        {
            "queries": [
                "who plays the dad in malcom in the middle"
            ],
            "iteration": 0,
            "retrieved_lists": [
                [
                    "doc107870",
                    "doc107873",
                    "doc2639970",
                    "doc1671763",
                    "doc2128908",
                    "doc1617749",
                    "doc229875",
                    "doc162322",
                    "doc1004824",
                    "doc1040628",
                    "doc2128308",
                    "doc2042640",
                    "doc2131919",
                    "doc35993",
                    "doc1662297",
                    "doc81007",
                    "doc1102345",
                    "doc317127",
                    "doc902023",
                    "doc150135",
                    "doc1484951",
                    "doc2232569",
                    "doc57304",
                    "doc2462685",
                    "doc1660975",
                    "doc1597242",
                    "doc648801",
                    "doc534447",
                    "doc913476",
                    "doc1843658",
                    "doc1511954",
                    "doc324886",
                    "doc1886610",
                    "doc462580",
                    "doc2434393",
                    "doc2164954",
                    "doc1795728",
                    "doc405271",
                    "doc1816053",
                    "doc1023123",
                    "doc2672261",
                    "doc2633243",
                    "doc2551041",
                    "doc1164621",
                    "doc1197956",
                    "doc1587232",
                    "doc2599982",
                    "doc1778999",
                    "doc326905",
                    "doc2392405",
                    "doc761288",
                    "doc1958770",
                    "doc1023489",
                    "doc2256549",
                    "doc429844",
                    "doc650619",
                    "doc2235263",
                    "doc2521560",
                    "doc1488977",
                    "doc249179"
                ]
            ],