{
    "queries": [
        "Charming small town cities"
    ],
    "iteration": 0,
    "retrieved_lists": [
        [
            "92",
            "226",
            "497",
            "347",
            "283",
            "177",
            "320",
            "145",
            "233",
            "199",
            "96",
            "154",
            "204",
            "61",
            "325",
            "368",
            "520",
            "400",
            "343",
            "338",
            "227",
            "1",
            "377",
            "392",
            "102",
            "67",
            "543",
            "315",
            "59",
            "138",
            "79",
            "348",
            "246",
            "100",
            "153",
            "295",
            "51",
            "352",
            "319",
            "467",
            "405",
            "382",
            "78",
            "490",
            "255",
            "245",
            "110",
            "249",
            "482",
            "180",
            "70",
            "222",
            "101",
            "530",
            "42",
            "107",
            "178",
            "522",
            "229",
            "82"
        ]
    ],
    "all_sim_scores": [
        [
            0.4894619584083557,
            0.4844849109649658,
            0.45937031507492065,
            0.445195734500885,
            0.4410165548324585,
            0.43219733238220215,
            0.4306800365447998,
            0.42589324712753296,
            0.4239575266838074,
            0.42354321479797363,
            0.41838446259498596,
            0.4154646396636963,
            0.4126707911491394,
            0.41129785776138306,
            0.4076635241508484,
            0.4050421714782715,
            0.40371572971343994,
            0.40285879373550415,
            0.3943983316421509,
            0.39433908462524414,
            0.39420610666275024,
            0.38556942343711853,
            0.38496851921081543,
            0.3833717107772827,
            0.3815895915031433,
            0.38137519359588623,
            0.38065874576568604,
            0.38058075308799744,
            0.3773699402809143,
            0.37382960319519043,
            0.3701520562171936,
            0.36939772963523865,
            0.3688983619213104,
            0.368511438369751,
            0.3676134943962097,
            0.3674700856208801,
            0.3664226830005646,
            0.36541086435317993,
            0.3644411861896515,
            0.3637780547142029,
            0.36150282621383667,
            0.3583095669746399,
            0.3577725291252136,
            0.3569224774837494,
            0.3562740981578827,
            0.3553929328918457,
            0.35444873571395874,
            0.35443994402885437,
            0.354007363319397,
            0.35351330041885376,
            0.3520900011062622,
            0.3519355058670044,
            0.351606547832489,
            0.35071372985839844,
            0.35027414560317993,
            0.3495665192604065,
            0.34951621294021606,
            0.34946805238723755,
            0.3473110795021057,
            0.34543710947036743
        ]
    ],
    "last_action_method": "return_last_retrieved_list",
    "curr_top_k_docIDs": [
        "92",
        "226",
        "497",
        "347",
        "283",
        "177",
        "320",
        "145",
        "233",
        "199",
        "96",
        "154",
        "204",
        "61",
        "325",
        "368",
        "520",
        "400",
        "343",
        "338",
        "227",
        "1",
        "377",
        "392",
        "102",
        "67",
        "543",
        "315",
        "59",
        "138",
        "79",
        "348",
        "246",
        "100",
        "153",
        "295",
        "51",
        "352",
        "319",
        "467",
        "405",
        "382",
        "78",
        "490",
        "255",
        "245",
        "110",
        "249",
        "482",
        "180",
        "70",
        "222",
        "101",
        "530",
        "42",
        "107",
        "178",
        "522",
        "229",
        "82"
    ],
    "terminate": true,
    "state_history": [
        {
            "queries": [
                "Charming small town cities"
            ],
            "iteration": 0
        },
        {
            "queries": [
                "Charming small town cities"
            ],
            "iteration": 0,
            "retrieved_lists": [
                [
                    "92",
                    "226",
                    "497",
                    "347",
                    "283",
                    "177",
                    "320",
                    "145",
                    "233",
                    "199",
                    "96",
                    "154",
                    "204",
                    "61",
                    "325",
                    "368",
                    "520",
                    "400",
                    "343",
                    "338",
                    "227",
                    "1",
                    "377",
                    "392",
                    "102",
                    "67",
                    "543",
                    "315",
                    "59",
                    "138",
                    "79",
                    "348",
                    "246",
                    "100",
                    "153",
                    "295",
                    "51",
                    "352",
                    "319",
                    "467",
                    "405",
                    "382",
                    "78",
                    "490",
                    "255",
                    "245",
                    "110",
                    "249",
                    "482",
                    "180",
                    "70",
                    "222",
                    "101",
                    "530",
                    "42",
                    "107",
                    "178",
                    "522",
                    "229",
                    "82"
                ]
            ],