{
    "queries": [
        "who played the girl in my two dads"
    ],
    "iteration": 0,
    "retrieved_lists": [
        [
            "doc35993",
            "doc35996",
            "doc1173697",
            "doc1948472",
            "doc2042640",
            "doc577000",
            "doc2639970",
            "doc1702538",
            "doc2633243",
            "doc1179151",
            "doc2392405",
            "doc793086",
            "doc1634011",
            "doc2576600",
            "doc1102345",
            "doc316873",
            "doc2521560",
            "doc1023489",
            "doc1492528",
            "doc443744",
            "doc2302974",
            "doc2164954",
            "doc768522",
            "doc1610296",
            "doc1164621",
            "doc577019",
            "doc2672261",
            "doc107870",
            "doc1598605",
            "doc1917152",
            "doc819666",
            "doc1469160",
            "doc1995810",
            "doc1484951",
            "doc1453396",
            "doc2633794",
            "doc1813272",
            "doc1662297",
            "doc853477",
            "doc383267",
            "doc2402819",
            "doc293728",
            "doc90164",
            "doc2128908",
            "doc829444",
            "doc621934",
            "doc2010039",
            "doc1673120",
            "doc39654",
            "doc902023",
            "doc2052268",
            "doc2592702",
            "doc2128308",
            "doc1480425",
            "doc1903476",
            "doc698874",
            "doc229875",
            "doc747660",
            "doc2676804",
            "doc858255"
        ]
    ],
    "all_sim_scores": [
        [
            0.6610124111175537,
            0.5258097648620605,
            0.5018057823181152,
            0.4296494722366333,
            0.41046443581581116,
            0.3983907699584961,
            0.3922491669654846,
            0.3903590738773346,
            0.3863976001739502,
            0.3817737102508545,
            0.37912121415138245,
            0.37699005007743835,
            0.376910001039505,
            0.3680418133735657,
            0.3549789488315582,
            0.3528028130531311,
            0.35238832235336304,
            0.34938713908195496,
            0.34623950719833374,
            0.34232744574546814,
            0.3421640694141388,
            0.34095919132232666,
            0.33815303444862366,
            0.3372970223426819,
            0.33377552032470703,
            0.33317428827285767,
            0.3327732980251312,
            0.33192089200019836,
            0.3285106122493744,
            0.3265562355518341,
            0.3259392976760864,
            0.32553574442863464,
            0.3225371539592743,
            0.3205682635307312,
            0.3202492296695709,
            0.31669601798057556,
            0.3163589537143707,
            0.31593191623687744,
            0.3148730397224426,
            0.3134894371032715,
            0.3125936985015869,
            0.3116253614425659,
            0.3112320899963379,
            0.31111571192741394,
            0.3100491464138031,
            0.3099568486213684,
            0.3090933561325073,
            0.3053640127182007,
            0.305081844329834,
            0.30496615171432495,
            0.3048993945121765,
            0.3031612038612366,
            0.30269402265548706,
            0.3020131587982178,
            0.29882943630218506,
            0.2981715798377991,
            0.29666388034820557,
            0.2962593138217926,
            0.29613789916038513,
            0.2957271933555603
        ]
    ],
    "last_action_method": "return_last_retrieved_list",
    "curr_top_k_docIDs": [
        "doc35993",
        "doc35996",
        "doc1173697",
        "doc1948472",
        "doc2042640",
        "doc577000",
        "doc2639970",
        "doc1702538",
        "doc2633243",
        "doc1179151",
        "doc2392405",
        "doc793086",
        "doc1634011",
        "doc2576600",
        "doc1102345",
        "doc316873",
        "doc2521560",
        "doc1023489",
        "doc1492528",
        "doc443744",
        "doc2302974",
        "doc2164954",
        "doc768522",
        "doc1610296",
        "doc1164621",
        "doc577019",
        "doc2672261",
        "doc107870",
        "doc1598605",
        "doc1917152",
        "doc819666",
        "doc1469160",
        "doc1995810",
        "doc1484951",
        "doc1453396",
        "doc2633794",
        "doc1813272",
        "doc1662297",
        "doc853477",
        "doc383267",
        "doc2402819",
        "doc293728",
        "doc90164",
        "doc2128908",
        "doc829444",
        "doc621934",
        "doc2010039",
        "doc1673120",
        "doc39654",
        "doc902023",
        "doc2052268",
        "doc2592702",
        "doc2128308",
        "doc1480425",
        "doc1903476",
        "doc698874",
        "doc229875",
        "doc747660",
        "doc2676804",
        "doc858255"
    ],
    "terminate": true,
    "state_history": [
        {
            "queries": [
                "who played the girl in my two dads"
            ],
            "iteration": 0
        },
        {
            "queries": [
                "who played the girl in my two dads"
            ],
            "iteration": 0,
            "retrieved_lists": [
                [
                    "doc35993",
                    "doc35996",
                    "doc1173697",
                    "doc1948472",
                    "doc2042640",
                    "doc577000",
                    "doc2639970",
                    "doc1702538",
                    "doc2633243",
                    "doc1179151",
                    "doc2392405",
                    "doc793086",
                    "doc1634011",
                    "doc2576600",
                    "doc1102345",
                    "doc316873",
                    "doc2521560",
                    "doc1023489",
                    "doc1492528",
                    "doc443744",
                    "doc2302974",
                    "doc2164954",
                    "doc768522",
                    "doc1610296",
                    "doc1164621",
                    "doc577019",
                    "doc2672261",
                    "doc107870",
                    "doc1598605",
                    "doc1917152",
                    "doc819666",
                    "doc1469160",
                    "doc1995810",
                    "doc1484951",
                    "doc1453396",
                    "doc2633794",
                    "doc1813272",
                    "doc1662297",
                    "doc853477",
                    "doc383267",
                    "doc2402819",
                    "doc293728",
                    "doc90164",
                    "doc2128908",
                    "doc829444",
                    "doc621934",
                    "doc2010039",
                    "doc1673120",
                    "doc39654",
                    "doc902023",
                    "doc2052268",
                    "doc2592702",
                    "doc2128308",
                    "doc1480425",
                    "doc1903476",
                    "doc698874",
                    "doc229875",
                    "doc747660",
                    "doc2676804",
                    "doc858255"
                ]
            ],