{
    "queries": [
        "Charming small town cities"
    ],
    "iteration": 0,
    "retrieved_lists": [
        [
            "408",
            "76",
            "46",
            "34",
            "119",
            "368",
            "520",
            "328",
            "78",
            "95"
        ]
    ],
    "all_sim_scores": [
        [
            0.6357265710830688,
            0.6305338144302368,
            0.6209180355072021,
            0.6184743046760559,
            0.616624653339386,
            0.6160221695899963,
            0.6156468391418457,
            0.6150355339050293,
            0.6142846941947937,
            0.612913966178894
        ]
    ],
    "last_action_method": "return_last_retrieved_list",
    "curr_top_k_docIDs": [
        "408",
        "76",
        "46",
        "34",
        "119",
        "368",
        "520",
        "328",
        "78",
        "95"
    ],
    "terminate": true,
    "state_history": [
        {
            "queries": [
                "Charming small town cities"
            ],
            "iteration": 0
        },
        {
            "queries": [
                "Charming small town cities"
            ],
            "iteration": 0,
            "retrieved_lists": [
                [
                    "408",
                    "76",
                    "46",
                    "34",
                    "119",
                    "368",
                    "520",
                    "328",
                    "78",
                    "95"
                ]
            ],
            "all_sim_scores": [
                [
                    0.6357265710830688,
                    0.6305338144302368,
                    0.6209180355072021,
                    0.6184743046760559,
                    0.616624653339386,
                    0.6160221695899963,
                    0.6156468391418457,
                    0.6150355339050293,
                    0.6142846941947937,
                    0.612913966178894
                ]
            ],
            "last_action_method": "rank"
        },
        {
            "queries": [
                "Charming small town cities"
            ],
            "iteration": 0,
            "retrieved_lists": [
                [
                    "408",
                    "76",
                    "46",
                    "34",
                    "119",
                    "368",
                    "520",
                    "328",
                    "78",
                    "95"
                ]
            ],
            "all_sim_scores": [
                [
                    0.6357265710830688,
                    0.6305338144302368,
                    0.6209180355072021,
                    0.6184743046760559,
                    0.616624653339386,
                    0.6160221695899963,
                    0.6156468391418457,
                    0.6150355339050293,
                    0.6142846941947937,
                    0.612913966178894
                ]
            ],
            "last_action_method": "return_last_retrieved_list",
            "curr_top_k_docIDs": [
                "408",
                "76",
                "46",
                "34",
                "119",
                "368",
                "520",
                "328",
                "78",
                "95"
            ],
            "terminate": true
        }
    ]
}