{
    "queries": [
        "Leading nightlife destinations around the world"
    ],
    "iteration": 0,
    "retrieved_lists": [
        [
            "237",
            "141",
            "124",
            "201",
            "92",
            "6",
            "185",
            "154",
            "283",
            "432"
        ]
    ],
    "all_sim_scores": [
        [
            0.6798804402351379,
            0.671769380569458,
            0.65581214427948,
            0.6515616178512573,
            0.6433821320533752,
            0.6381312608718872,
            0.6373633146286011,
            0.6280627846717834,
            0.6271219253540039,
            0.6264992356300354
        ]
    ],
    "last_action_method": "return_last_retrieved_list",
    "curr_top_k_docIDs": [
        "237",
        "141",
        "124",
        "201",
        "92",
        "6",
        "185",
        "154",
        "283",
        "432"
    ],
    "terminate": true,
    "state_history": [
        {
            "queries": [
                "Leading nightlife destinations around the world"
            ],
            "iteration": 0
        },
        {
            "queries": [
                "Leading nightlife destinations around the world"
            ],
            "iteration": 0,
            "retrieved_lists": [
                [
                    "237",
                    "141",
                    "124",
                    "201",
                    "92",
                    "6",
                    "185",
                    "154",
                    "283",
                    "432"
                ]
            ],
            "all_sim_scores": [
                [
                    0.6798804402351379,
                    0.671769380569458,
                    0.65581214427948,
                    0.6515616178512573,
                    0.6433821320533752,
                    0.6381312608718872,
                    0.6373633146286011,
                    0.6280627846717834,
                    0.6271219253540039,
                    0.6264992356300354
                ]
            ],
            "last_action_method": "rank"
        },
        {
            "queries": [
                "Leading nightlife destinations around the world"
            ],
            "iteration": 0,
            "retrieved_lists": [
                [
                    "237",
                    "141",
                    "124",
                    "201",
                    "92",
                    "6",
                    "185",
                    "154",
                    "283",
                    "432"
                ]
            ],
            "all_sim_scores": [
                [
                    0.6798804402351379,
                    0.671769380569458,
                    0.65581214427948,
                    0.6515616178512573,
                    0.6433821320533752,
                    0.6381312608718872,
                    0.6373633146286011,
                    0.6280627846717834,
                    0.6271219253540039,
                    0.6264992356300354
                ]
            ],
            "last_action_method": "return_last_retrieved_list",
            "curr_top_k_docIDs": [
                "237",
                "141",
                "124",
                "201",
                "92",
                "6",
                "185",
                "154",
                "283",
                "432"
            ],
            "terminate": true
        }
    ]
}