{
    "queries": [
        "what states were most affected by the dust bowl"
    ],
    "iteration": 0,
    "retrieved_lists": [
        [
            "doc102655",
            "doc102668",
            "doc102669",
            "doc2411041",
            "doc2632831",
            "doc655803",
            "doc1866383",
            "doc390862",
            "doc583103",
            "doc188355",
            "doc9215",
            "doc417610",
            "doc1680854",
            "doc1630377",
            "doc373908",
            "doc1405019",
            "doc1516760",
            "doc662385",
            "doc2095495",
            "doc1138799",
            "doc1225771",
            "doc634275",
            "doc1052414",
            "doc397855",
            "doc2122110",
            "doc2393211",
            "doc2000981",
            "doc1480865",
            "doc2457822",
            "doc1129412",
            "doc100858",
            "doc2532382",
            "doc1352497",
            "doc623255",
            "doc105622",
            "doc1140539",
            "doc24512",
            "doc2175757",
            "doc2500208",
            "doc116918",
            "doc1534224",
            "doc1106939",
            "doc1076361",
            "doc1246407",
            "doc830700",
            "doc345806",
            "doc553327",
            "doc2450821",
            "doc2664653",
            "doc9312",
            "doc2108326",
            "doc951005",
            "doc1417723",
            "doc662598",
            "doc1794229",
            "doc206953",
            "doc2184235",
            "doc1625039",
            "doc922780",
            "doc2516895"
        ]
    ],
    "all_sim_scores": [
        [
            0.730894923210144,
            0.604133129119873,
            0.5466234683990479,
            0.35752618312835693,
            0.30808568000793457,
            0.3031558394432068,
            0.3014943599700928,
            0.300056129693985,
            0.29578685760498047,
            0.2871876060962677,
            0.28252577781677246,
            0.2821146249771118,
            0.28136923909187317,
            0.2791772484779358,
            0.2774679362773895,
            0.27618032693862915,
            0.27512896060943604,
            0.2750045657157898,
            0.27499037981033325,
            0.2734982967376709,
            0.27051520347595215,
            0.27026885747909546,
            0.2693340480327606,
            0.26895564794540405,
            0.26320213079452515,
            0.262474924325943,
            0.26222825050354004,
            0.26029089093208313,
            0.25976377725601196,
            0.2577725946903229,
            0.25754210352897644,
            0.25690627098083496,
            0.25620776414871216,
            0.25460273027420044,
            0.25401538610458374,
            0.2535363435745239,
            0.25284284353256226,
            0.25181782245635986,
            0.2509326934814453,
            0.2503930330276489,
            0.24980872869491577,
            0.24863870441913605,
            0.24781395494937897,
            0.24696791172027588,
            0.2451387643814087,
            0.24513085186481476,
            0.24405178427696228,
            0.2437305599451065,
            0.24347826838493347,
            0.2425646334886551,
            0.24210616946220398,
            0.24164080619812012,
            0.24073247611522675,
            0.24059966206550598,
            0.24001005291938782,
            0.23919683694839478,
            0.23904384672641754,
            0.23882678151130676,
            0.23865319788455963,
            0.23700252175331116
        ]
    ],
    "last_action_method": "return_last_retrieved_list",
    "curr_top_k_docIDs": [
        "doc102655",
        "doc102668",
        "doc102669",
        "doc2411041",
        "doc2632831",
        "doc655803",
        "doc1866383",
        "doc390862",
        "doc583103",
        "doc188355",
        "doc9215",
        "doc417610",
        "doc1680854",
        "doc1630377",
        "doc373908",
        "doc1405019",
        "doc1516760",
        "doc662385",
        "doc2095495",
        "doc1138799",
        "doc1225771",
        "doc634275",
        "doc1052414",
        "doc397855",
        "doc2122110",
        "doc2393211",
        "doc2000981",
        "doc1480865",
        "doc2457822",
        "doc1129412",
        "doc100858",
        "doc2532382",
        "doc1352497",
        "doc623255",
        "doc105622",
        "doc1140539",
        "doc24512",
        "doc2175757",
        "doc2500208",
        "doc116918",
        "doc1534224",
        "doc1106939",
        "doc1076361",
        "doc1246407",
        "doc830700",
        "doc345806",
        "doc553327",
        "doc2450821",
        "doc2664653",
        "doc9312",
        "doc2108326",
        "doc951005",
        "doc1417723",
        "doc662598",
        "doc1794229",
        "doc206953",
        "doc2184235",
        "doc1625039",
        "doc922780",
        "doc2516895"
    ],
    "terminate": true,
    "state_history": [
        {
            "queries": [
                "what states were most affected by the dust bowl"
            ],
            "iteration": 0
        },
        {
            "queries": [
                "what states were most affected by the dust bowl"
            ],
            "iteration": 0,
            "retrieved_lists": [
                [
                    "doc102655",
                    "doc102668",
                    "doc102669",
                    "doc2411041",
                    "doc2632831",
                    "doc655803",
                    "doc1866383",
                    "doc390862",
                    "doc583103",
                    "doc188355",
                    "doc9215",
                    "doc417610",
                    "doc1680854",
                    "doc1630377",
                    "doc373908",
                    "doc1405019",
                    "doc1516760",
                    "doc662385",
                    "doc2095495",
                    "doc1138799",
                    "doc1225771",
                    "doc634275",
                    "doc1052414",
                    "doc397855",
                    "doc2122110",
                    "doc2393211",
                    "doc2000981",
                    "doc1480865",
                    "doc2457822",
                    "doc1129412",
                    "doc100858",
                    "doc2532382",
                    "doc1352497",
                    "doc623255",
                    "doc105622",
                    "doc1140539",
                    "doc24512",
                    "doc2175757",
                    "doc2500208",
                    "doc116918",
                    "doc1534224",
                    "doc1106939",
                    "doc1076361",
                    "doc1246407",
                    "doc830700",
                    "doc345806",
                    "doc553327",
                    "doc2450821",
                    "doc2664653",
                    "doc9312",
                    "doc2108326",
                    "doc951005",
                    "doc1417723",
                    "doc662598",
                    "doc1794229",
                    "doc206953",
                    "doc2184235",
                    "doc1625039",
                    "doc922780",
                    "doc2516895"
                ]
            ],