{
    "queries": [
        "Cities for a high school graduation trip"
    ],
    "iteration": 0,
    "retrieved_lists": [
        [
            "105",
            "320",
            "352",
            "343",
            "120",
            "338",
            "74",
            "534",
            "187",
            "109",
            "179",
            "71",
            "51",
            "284",
            "502",
            "141",
            "283",
            "328",
            "349",
            "246",
            "61",
            "399",
            "362",
            "392",
            "111",
            "168",
            "261",
            "180",
            "330",
            "252",
            "99",
            "251",
            "468",
            "385",
            "296",
            "243",
            "286",
            "486",
            "316",
            "110",
            "520",
            "15",
            "100",
            "492",
            "240",
            "423",
            "121",
            "400",
            "16",
            "95",
            "413",
            "46",
            "232",
            "408",
            "441",
            "43",
            "34",
            "382",
            "363",
            "119"
        ]
    ],
    "all_sim_scores": [
        [
            0.6425949931144714,
            0.6396346688270569,
            0.6292067170143127,
            0.6263817548751831,
            0.6237961053848267,
            0.6228903532028198,
            0.6198545098304749,
            0.615848183631897,
            0.6137027740478516,
            0.6135537624359131,
            0.6123907566070557,
            0.6097399592399597,
            0.6071533560752869,
            0.6057752966880798,
            0.6029412746429443,
            0.6026245355606079,
            0.6024453639984131,
            0.6019324064254761,
            0.6014041900634766,
            0.5995925664901733,
            0.5984348654747009,
            0.5981737971305847,
            0.5976279973983765,
            0.5971105098724365,
            0.5955905914306641,
            0.5952314138412476,
            0.593982458114624,
            0.593635618686676,
            0.5923998951911926,
            0.5923219323158264,
            0.5922475457191467,
            0.5921139717102051,
            0.5914297103881836,
            0.5902919769287109,
            0.5901318788528442,
            0.5896793603897095,
            0.5894405841827393,
            0.5894001722335815,
            0.5885528326034546,
            0.5876810550689697,
            0.5873572826385498,
            0.5863221287727356,
            0.5860087871551514,
            0.5858162641525269,
            0.5852479338645935,
            0.5848988890647888,
            0.5842760801315308,
            0.5835826992988586,
            0.5832276344299316,
            0.5831153392791748,
            0.5830268859863281,
            0.5826630592346191,
            0.58247971534729,
            0.5823255181312561,
            0.5823220610618591,
            0.5821716785430908,
            0.5820618867874146,
            0.5819526314735413,
            0.581852912902832,
            0.5816779136657715
        ]
    ],
    "last_action_method": "return_last_retrieved_list",
    "curr_top_k_docIDs": [
        "105",
        "320",
        "352",
        "343",
        "120",
        "338",
        "74",
        "534",
        "187",
        "109",
        "179",
        "71",
        "51",
        "284",
        "502",
        "141",
        "283",
        "328",
        "349",
        "246",
        "61",
        "399",
        "362",
        "392",
        "111",
        "168",
        "261",
        "180",
        "330",
        "252",
        "99",
        "251",
        "468",
        "385",
        "296",
        "243",
        "286",
        "486",
        "316",
        "110",
        "520",
        "15",
        "100",
        "492",
        "240",
        "423",
        "121",
        "400",
        "16",
        "95",
        "413",
        "46",
        "232",
        "408",
        "441",
        "43",
        "34",
        "382",
        "363",
        "119"
    ],
    "terminate": true,
    "state_history": [
        {
            "queries": [
                "Cities for a high school graduation trip"
            ],
            "iteration": 0
        },
        {
            "queries": [
                "Cities for a high school graduation trip"
            ],
            "iteration": 0,
            "retrieved_lists": [
                [
                    "105",
                    "320",
                    "352",
                    "343",
                    "120",
                    "338",
                    "74",
                    "534",
                    "187",
                    "109",
                    "179",
                    "71",
                    "51",
                    "284",
                    "502",
                    "141",
                    "283",
                    "328",
                    "349",
                    "246",
                    "61",
                    "399",
                    "362",
                    "392",
                    "111",
                    "168",
                    "261",
                    "180",
                    "330",
                    "252",
                    "99",
                    "251",
                    "468",
                    "385",
                    "296",
                    "243",
                    "286",
                    "486",
                    "316",
                    "110",
                    "520",
                    "15",
                    "100",
                    "492",
                    "240",
                    "423",
                    "121",
                    "400",
                    "16",
                    "95",
                    "413",
                    "46",
                    "232",
                    "408",
                    "441",
                    "43",
                    "34",
                    "382",
                    "363",
                    "119"
                ]
            ],