{
    "queries": [
        "I love histroy and culture in Rome. I want similar cities."
    ],
    "iteration": 0,
    "retrieved_lists": [
        [
            "383",
            "520",
            "285",
            "72",
            "42",
            "314",
            "81",
            "153",
            "95",
            "1"
        ]
    ],
    "all_sim_scores": [
        [
            0.7417374849319458,
            0.6781185865402222,
            0.6732043027877808,
            0.6542725563049316,
            0.6493503451347351,
            0.6472984552383423,
            0.6429783701896667,
            0.6376614570617676,
            0.6351896524429321,
            0.6343804597854614
        ]
    ],
    "last_action_method": "return_last_retrieved_list",
    "curr_top_k_docIDs": [
        "383",
        "520",
        "285",
        "72",
        "42",
        "314",
        "81",
        "153",
        "95",
        "1"
    ],
    "terminate": true,
    "state_history": [
        {
            "queries": [
                "I love histroy and culture in Rome. I want similar cities."
            ],
            "iteration": 0
        },
        {
            "queries": [
                "I love histroy and culture in Rome. I want similar cities."
            ],
            "iteration": 0,
            "retrieved_lists": [
                [
                    "383",
                    "520",
                    "285",
                    "72",
                    "42",
                    "314",
                    "81",
                    "153",
                    "95",
                    "1"
                ]
            ],
            "all_sim_scores": [
                [
                    0.7417374849319458,
                    0.6781185865402222,
                    0.6732043027877808,
                    0.6542725563049316,
                    0.6493503451347351,
                    0.6472984552383423,
                    0.6429783701896667,
                    0.6376614570617676,
                    0.6351896524429321,
                    0.6343804597854614
                ]
            ],
            "last_action_method": "rank"
        },
        {
            "queries": [
                "I love histroy and culture in Rome. I want similar cities."
            ],
            "iteration": 0,
            "retrieved_lists": [
                [
                    "383",
                    "520",
                    "285",
                    "72",
                    "42",
                    "314",
                    "81",
                    "153",
                    "95",
                    "1"
                ]
            ],
            "all_sim_scores": [
                [
                    0.7417374849319458,
                    0.6781185865402222,
                    0.6732043027877808,
                    0.6542725563049316,
                    0.6493503451347351,
                    0.6472984552383423,
                    0.6429783701896667,
                    0.6376614570617676,
                    0.6351896524429321,
                    0.6343804597854614
                ]
            ],
            "last_action_method": "return_last_retrieved_list",
            "curr_top_k_docIDs": [
                "383",
                "520",
                "285",
                "72",
                "42",
                "314",
                "81",
                "153",
                "95",
                "1"
            ],
            "terminate": true
        }
    ]
}