{
    "queries": [
        "where do they get the hair for a hair transplant"
    ],
    "iteration": 0,
    "retrieved_lists": [
        [
            "doc51695",
            "doc51691",
            "doc51708",
            "doc2668796",
            "doc1611837",
            "doc2043160",
            "doc803910",
            "doc2472987",
            "doc1501248",
            "doc1356376",
            "doc920211",
            "doc1295723",
            "doc1311576",
            "doc1311608",
            "doc190983",
            "doc2191120",
            "doc2626474",
            "doc713475",
            "doc1483150",
            "doc2534167",
            "doc1070448",
            "doc1813919",
            "doc765053",
            "doc1923292",
            "doc472626",
            "doc536665",
            "doc2248194",
            "doc889134",
            "doc1304741",
            "doc451961",
            "doc2087648",
            "doc1510169",
            "doc570866",
            "doc2643425",
            "doc2541216",
            "doc511344",
            "doc1276198",
            "doc905654",
            "doc878168",
            "doc307448",
            "doc1780536",
            "doc1280691",
            "doc1838413",
            "doc1130009",
            "doc1409150",
            "doc1749435",
            "doc853075",
            "doc21596",
            "doc1570976",
            "doc1940333",
            "doc672483",
            "doc1345057",
            "doc1232679",
            "doc427803",
            "doc889156",
            "doc2568331",
            "doc229459",
            "doc308643",
            "doc1350490",
            "doc885678"
        ]
    ],
    "all_sim_scores": [
        [
            0.7318124771118164,
            0.7102159261703491,
            0.6759989261627197,
            0.3795197010040283,
            0.35710668563842773,
            0.34059903025627136,
            0.32120150327682495,
            0.3198224902153015,
            0.31931841373443604,
            0.2864746153354645,
            0.28624391555786133,
            0.2840002775192261,
            0.2788826823234558,
            0.273652583360672,
            0.27167049050331116,
            0.268367201089859,
            0.2646699547767639,
            0.2627233862876892,
            0.2620946764945984,
            0.2602405548095703,
            0.25383153557777405,
            0.2483942210674286,
            0.2467392235994339,
            0.24430300295352936,
            0.2404206395149231,
            0.24037668108940125,
            0.23753397166728973,
            0.23315133154392242,
            0.22823470830917358,
            0.22474461793899536,
            0.22277303040027618,
            0.22134771943092346,
            0.22046487033367157,
            0.21988654136657715,
            0.2180173099040985,
            0.21740517020225525,
            0.2134905904531479,
            0.210698664188385,
            0.21048201620578766,
            0.2080593854188919,
            0.2078132927417755,
            0.2069793939590454,
            0.20688310265541077,
            0.20650555193424225,
            0.20641197264194489,
            0.20623809099197388,
            0.20607101917266846,
            0.2060231864452362,
            0.20575149357318878,
            0.2053603082895279,
            0.20511943101882935,
            0.20297300815582275,
            0.2023243010044098,
            0.20225244760513306,
            0.20037096738815308,
            0.20017743110656738,
            0.19975918531417847,
            0.19949135184288025,
            0.19776733219623566,
            0.19765540957450867
        ]
    ],
    "last_action_method": "return_last_retrieved_list",
    "curr_top_k_docIDs": [
        "doc51695",
        "doc51691",
        "doc51708",
        "doc2668796",
        "doc1611837",
        "doc2043160",
        "doc803910",
        "doc2472987",
        "doc1501248",
        "doc1356376",
        "doc920211",
        "doc1295723",
        "doc1311576",
        "doc1311608",
        "doc190983",
        "doc2191120",
        "doc2626474",
        "doc713475",
        "doc1483150",
        "doc2534167",
        "doc1070448",
        "doc1813919",
        "doc765053",
        "doc1923292",
        "doc472626",
        "doc536665",
        "doc2248194",
        "doc889134",
        "doc1304741",
        "doc451961",
        "doc2087648",
        "doc1510169",
        "doc570866",
        "doc2643425",
        "doc2541216",
        "doc511344",
        "doc1276198",
        "doc905654",
        "doc878168",
        "doc307448",
        "doc1780536",
        "doc1280691",
        "doc1838413",
        "doc1130009",
        "doc1409150",
        "doc1749435",
        "doc853075",
        "doc21596",
        "doc1570976",
        "doc1940333",
        "doc672483",
        "doc1345057",
        "doc1232679",
        "doc427803",
        "doc889156",
        "doc2568331",
        "doc229459",
        "doc308643",
        "doc1350490",
        "doc885678"
    ],
    "terminate": true,
    "state_history": [
        {
            "queries": [
                "where do they get the hair for a hair transplant"
            ],
            "iteration": 0
        },
        {
            "queries": [
                "where do they get the hair for a hair transplant"
            ],
            "iteration": 0,
            "retrieved_lists": [
                [
                    "doc51695",
                    "doc51691",
                    "doc51708",
                    "doc2668796",
                    "doc1611837",
                    "doc2043160",
                    "doc803910",
                    "doc2472987",
                    "doc1501248",
                    "doc1356376",
                    "doc920211",
                    "doc1295723",
                    "doc1311576",
                    "doc1311608",
                    "doc190983",
                    "doc2191120",
                    "doc2626474",
                    "doc713475",
                    "doc1483150",
                    "doc2534167",
                    "doc1070448",
                    "doc1813919",
                    "doc765053",
                    "doc1923292",
                    "doc472626",
                    "doc536665",
                    "doc2248194",
                    "doc889134",
                    "doc1304741",
                    "doc451961",
                    "doc2087648",
                    "doc1510169",
                    "doc570866",
                    "doc2643425",
                    "doc2541216",
                    "doc511344",
                    "doc1276198",
                    "doc905654",
                    "doc878168",
                    "doc307448",
                    "doc1780536",
                    "doc1280691",
                    "doc1838413",
                    "doc1130009",
                    "doc1409150",
                    "doc1749435",
                    "doc853075",
                    "doc21596",
                    "doc1570976",
                    "doc1940333",
                    "doc672483",
                    "doc1345057",
                    "doc1232679",
                    "doc427803",
                    "doc889156",
                    "doc2568331",
                    "doc229459",
                    "doc308643",
                    "doc1350490",
                    "doc885678"
                ]
            ],