{
    "queries": [
        "Budget friendly cities for travelers"
    ],
    "iteration": 0,
    "retrieved_lists": [
        [
            "497",
            "320",
            "338",
            "283",
            "63",
            "343",
            "199",
            "70",
            "92",
            "249"
        ]
    ],
    "all_sim_scores": [
        [
            0.38752761483192444,
            0.3730164170265198,
            0.35879138112068176,
            0.35665860772132874,
            0.3397067189216614,
            0.3309442400932312,
            0.32831981778144836,
            0.32751384377479553,
            0.32251498103141785,
            0.31940126419067383
        ]
    ],
    "last_action_method": "return_last_retrieved_list",
    "curr_top_k_docIDs": [
        "497",
        "320",
        "338",
        "283",
        "63",
        "343",
        "199",
        "70",
        "92",
        "249"
    ],
    "terminate": true,
    "state_history": [
        {
            "queries": [
                "Budget friendly cities for travelers"
            ],
            "iteration": 0
        },
        {
            "queries": [
                "Budget friendly cities for travelers"
            ],
            "iteration": 0,
            "retrieved_lists": [
                [
                    "497",
                    "320",
                    "338",
                    "283",
                    "63",
                    "343",
                    "199",
                    "70",
                    "92",
                    "249"
                ]
            ],
            "all_sim_scores": [
                [
                    0.38752761483192444,
                    0.3730164170265198,
                    0.35879138112068176,
                    0.35665860772132874,
                    0.3397067189216614,
                    0.3309442400932312,
                    0.32831981778144836,
                    0.32751384377479553,
                    0.32251498103141785,
                    0.31940126419067383
                ]
            ],
            "last_action_method": "rank"
        },
        {
            "queries": [
                "Budget friendly cities for travelers"
            ],
            "iteration": 0,
            "retrieved_lists": [
                [
                    "497",
                    "320",
                    "338",
                    "283",
                    "63",
                    "343",
                    "199",
                    "70",
                    "92",
                    "249"
                ]
            ],
            "all_sim_scores": [
                [
                    0.38752761483192444,
                    0.3730164170265198,
                    0.35879138112068176,
                    0.35665860772132874,
                    0.3397067189216614,
                    0.3309442400932312,
                    0.32831981778144836,
                    0.32751384377479553,
                    0.32251498103141785,
                    0.31940126419067383
                ]
            ],
            "last_action_method": "return_last_retrieved_list",
            "curr_top_k_docIDs": [
                "497",
                "320",
                "338",
                "283",
                "63",
                "343",
                "199",
                "70",
                "92",
                "249"
            ],
            "terminate": true
        }
    ]
}