{
    "queries": [
        "Safest cities for travel"
    ],
    "iteration": 0,
    "retrieved_lists": [
        [
            "497",
            "320",
            "338",
            "283",
            "22",
            "199",
            "193",
            "418",
            "319",
            "59",
            "237",
            "63",
            "233",
            "249",
            "205",
            "543",
            "61",
            "409",
            "450",
            "368",
            "82",
            "131",
            "24",
            "343",
            "107",
            "339",
            "245",
            "93",
            "332",
            "407",
            "232",
            "70",
            "520",
            "330",
            "92",
            "180",
            "295",
            "96",
            "400",
            "299",
            "42",
            "482",
            "58",
            "142",
            "125",
            "342",
            "413",
            "178",
            "280",
            "204",
            "74",
            "334",
            "428",
            "124",
            "525",
            "530",
            "356",
            "173",
            "222",
            "23"
        ]
    ],
    "all_sim_scores": [
        [
            0.45060330629348755,
            0.4461017847061157,
            0.4207155406475067,
            0.4172874689102173,
            0.4038378894329071,
            0.40026217699050903,
            0.3939019441604614,
            0.38849425315856934,
            0.38383665680885315,
            0.38284212350845337,
            0.3803299069404602,
            0.37615859508514404,
            0.37542542815208435,
            0.3751058578491211,
            0.37268704175949097,
            0.37268269062042236,
            0.3699365258216858,
            0.3670791685581207,
            0.36636844277381897,
            0.36477452516555786,
            0.36254194378852844,
            0.3613053560256958,
            0.3612537682056427,
            0.3611658215522766,
            0.3587401509284973,
            0.3582867980003357,
            0.35803377628326416,
            0.35568517446517944,
            0.35542821884155273,
            0.3551466763019562,
            0.35500842332839966,
            0.35475635528564453,
            0.35428881645202637,
            0.35416191816329956,
            0.3530060648918152,
            0.35278040170669556,
            0.35273417830467224,
            0.3523782789707184,
            0.3522508144378662,
            0.3499731421470642,
            0.3472098708152771,
            0.34568625688552856,
            0.34465330839157104,
            0.3442942500114441,
            0.3435889780521393,
            0.34358203411102295,
            0.3430624008178711,
            0.34146592020988464,
            0.341187059879303,
            0.3397698402404785,
            0.3395611047744751,
            0.3394908607006073,
            0.3394239544868469,
            0.3387034833431244,
            0.33742865920066833,
            0.33562183380126953,
            0.3351277709007263,
            0.33413878083229065,
            0.3334115445613861,
            0.3332412540912628
        ]
    ],
    "last_action_method": "return_last_retrieved_list",
    "curr_top_k_docIDs": [
        "497",
        "320",
        "338",
        "283",
        "22",
        "199",
        "193",
        "418",
        "319",
        "59",
        "237",
        "63",
        "233",
        "249",
        "205",
        "543",
        "61",
        "409",
        "450",
        "368",
        "82",
        "131",
        "24",
        "343",
        "107",
        "339",
        "245",
        "93",
        "332",
        "407",
        "232",
        "70",
        "520",
        "330",
        "92",
        "180",
        "295",
        "96",
        "400",
        "299",
        "42",
        "482",
        "58",
        "142",
        "125",
        "342",
        "413",
        "178",
        "280",
        "204",
        "74",
        "334",
        "428",
        "124",
        "525",
        "530",
        "356",
        "173",
        "222",
        "23"
    ],
    "terminate": true,
    "state_history": [
        {
            "queries": [
                "Safest cities for travel"
            ],
            "iteration": 0
        },
        {
            "queries": [
                "Safest cities for travel"
            ],
            "iteration": 0,
            "retrieved_lists": [
                [
                    "497",
                    "320",
                    "338",
                    "283",
                    "22",
                    "199",
                    "193",
                    "418",
                    "319",
                    "59",
                    "237",
                    "63",
                    "233",
                    "249",
                    "205",
                    "543",
                    "61",
                    "409",
                    "450",
                    "368",
                    "82",
                    "131",
                    "24",
                    "343",
                    "107",
                    "339",
                    "245",
                    "93",
                    "332",
                    "407",
                    "232",
                    "70",
                    "520",
                    "330",
                    "92",
                    "180",
                    "295",
                    "96",
                    "400",
                    "299",
                    "42",
                    "482",
                    "58",
                    "142",
                    "125",
                    "342",
                    "413",
                    "178",
                    "280",
                    "204",
                    "74",
                    "334",
                    "428",
                    "124",
                    "525",
                    "530",
                    "356",
                    "173",
                    "222",
                    "23"
                ]
            ],