{
    "queries": [
        "me moi shoe liner"
    ],
    "iteration": 0,
    "retrieved_lists": [
        [
            "275856",
            "114069",
            "260365",
            "606961",
            "1171403",
            "454243",
            "1350985",
            "103977",
            "920421",
            "1510650"
        ]
    ],
    "all_sim_scores": [
        [
            0.7633313536643982,
            0.7626758217811584,
            0.7518068552017212,
            0.720335841178894,
            0.703359842300415,
            0.6957198977470398,
            0.6561798453330994,
            0.6546066999435425,
            0.6494632959365845,
            0.6475815773010254
        ]
    ],
    "last_action_method": "return_last_retrieved_list",
    "curr_top_k_docIDs": [
        "275856",
        "114069",
        "260365",
        "606961",
        "1171403",
        "454243",
        "1350985",
        "103977",
        "920421",
        "1510650"
    ],
    "terminate": true,
    "state_history": [
        {
            "queries": [
                "me moi shoe liner"
            ],
            "iteration": 0
        },
        {
            "queries": [
                "me moi shoe liner"
            ],
            "iteration": 0,
            "retrieved_lists": [
                [
                    "275856",
                    "114069",
                    "260365",
                    "606961",
                    "1171403",
                    "454243",
                    "1350985",
                    "103977",
                    "920421",
                    "1510650"
                ]
            ],
            "all_sim_scores": [
                [
                    0.7633313536643982,
                    0.7626758217811584,
                    0.7518068552017212,
                    0.720335841178894,
                    0.703359842300415,
                    0.6957198977470398,
                    0.6561798453330994,
                    0.6546066999435425,
                    0.6494632959365845,
                    0.6475815773010254
                ]
            ],
            "last_action_method": "rank"
        },
        {
            "queries": [
                "me moi shoe liner"
            ],
            "iteration": 0,
            "retrieved_lists": [
                [
                    "275856",
                    "114069",
                    "260365",
                    "606961",
                    "1171403",
                    "454243",
                    "1350985",
                    "103977",
                    "920421",
                    "1510650"
                ]
            ],
            "all_sim_scores": [
                [
                    0.7633313536643982,
                    0.7626758217811584,
                    0.7518068552017212,
                    0.720335841178894,
                    0.703359842300415,
                    0.6957198977470398,
                    0.6561798453330994,
                    0.6546066999435425,
                    0.6494632959365845,
                    0.6475815773010254
                ]
            ],
            "last_action_method": "return_last_retrieved_list",
            "curr_top_k_docIDs": [
                "275856",
                "114069",
                "260365",
                "606961",
                "1171403",
                "454243",
                "1350985",
                "103977",
                "920421",
                "1510650"
            ],
            "terminate": true
        }
    ]
}