{
    "queries": [
        "skull"
    ],
    "iteration": 0,
    "retrieved_lists": [
        [
            "1313169",
            "551924",
            "392478",
            "1300881",
            "605768",
            "1528946",
            "1034946",
            "1605791",
            "255662",
            "1289595"
        ]
    ],
    "all_sim_scores": [
        [
            0.7209575772285461,
            0.7081325054168701,
            0.7032444477081299,
            0.6994352340698242,
            0.6841498613357544,
            0.6832062602043152,
            0.6824295520782471,
            0.6736588478088379,
            0.6702238321304321,
            0.6697548031806946
        ]
    ],
    "last_action_method": "return_last_retrieved_list",
    "curr_top_k_docIDs": [
        "1313169",
        "551924",
        "392478",
        "1300881",
        "605768",
        "1528946",
        "1034946",
        "1605791",
        "255662",
        "1289595"
    ],
    "terminate": true,
    "state_history": [
        {
            "queries": [
                "skull"
            ],
            "iteration": 0
        },
        {
            "queries": [
                "skull"
            ],
            "iteration": 0,
            "retrieved_lists": [
                [
                    "1313169",
                    "551924",
                    "392478",
                    "1300881",
                    "605768",
                    "1528946",
                    "1034946",
                    "1605791",
                    "255662",
                    "1289595"
                ]
            ],
            "all_sim_scores": [
                [
                    0.7209575772285461,
                    0.7081325054168701,
                    0.7032444477081299,
                    0.6994352340698242,
                    0.6841498613357544,
                    0.6832062602043152,
                    0.6824295520782471,
                    0.6736588478088379,
                    0.6702238321304321,
                    0.6697548031806946
                ]
            ],
            "last_action_method": "rank"
        },
        {
            "queries": [
                "skull"
            ],
            "iteration": 0,
            "retrieved_lists": [
                [
                    "1313169",
                    "551924",
                    "392478",
                    "1300881",
                    "605768",
                    "1528946",
                    "1034946",
                    "1605791",
                    "255662",
                    "1289595"
                ]
            ],
            "all_sim_scores": [
                [
                    0.7209575772285461,
                    0.7081325054168701,
                    0.7032444477081299,
                    0.6994352340698242,
                    0.6841498613357544,
                    0.6832062602043152,
                    0.6824295520782471,
                    0.6736588478088379,
                    0.6702238321304321,
                    0.6697548031806946
                ]
            ],
            "last_action_method": "return_last_retrieved_list",
            "curr_top_k_docIDs": [
                "1313169",
                "551924",
                "392478",
                "1300881",
                "605768",
                "1528946",
                "1034946",
                "1605791",
                "255662",
                "1289595"
            ],
            "terminate": true
        }
    ]
}