{
    "queries": [
        "Great cities to celebrate a child's birthday"
    ],
    "iteration": 0,
    "retrieved_lists": [
        [
            "320",
            "283",
            "343",
            "204",
            "368",
            "412",
            "199",
            "105",
            "497",
            "543",
            "42",
            "99",
            "240",
            "180",
            "401",
            "160",
            "328",
            "120",
            "444",
            "96",
            "409",
            "400",
            "445",
            "349",
            "555",
            "397",
            "102",
            "187",
            "193",
            "392",
            "154",
            "382",
            "177",
            "338",
            "425",
            "79",
            "410",
            "402",
            "59",
            "405",
            "545",
            "227",
            "385",
            "237",
            "121",
            "325",
            "408",
            "61",
            "24",
            "347",
            "234",
            "411",
            "319",
            "15",
            "233",
            "92",
            "310",
            "403",
            "415",
            "249"
        ]
    ],
    "all_sim_scores": [
        [
            0.41450899839401245,
            0.39741289615631104,
            0.38520386815071106,
            0.38220226764678955,
            0.3808242678642273,
            0.37647736072540283,
            0.3598858714103699,
            0.355643630027771,
            0.3547406494617462,
            0.3541696071624756,
            0.3534075617790222,
            0.353402704000473,
            0.35228830575942993,
            0.3506470322608948,
            0.34821009635925293,
            0.34755706787109375,
            0.3458479046821594,
            0.34451475739479065,
            0.34373611211776733,
            0.34294745326042175,
            0.34193310141563416,
            0.33917391300201416,
            0.33666718006134033,
            0.3356843590736389,
            0.3331104516983032,
            0.33301499485969543,
            0.33260226249694824,
            0.3325621485710144,
            0.3305681347846985,
            0.3300597667694092,
            0.3295973539352417,
            0.3292293846607208,
            0.3291519582271576,
            0.3290392756462097,
            0.32621341943740845,
            0.32440584897994995,
            0.3233101963996887,
            0.32291179895401,
            0.3206624984741211,
            0.3200167417526245,
            0.3188968896865845,
            0.3187411427497864,
            0.3182743191719055,
            0.318272203207016,
            0.31795740127563477,
            0.3168365955352783,
            0.3151842951774597,
            0.3151794373989105,
            0.31358450651168823,
            0.31354576349258423,
            0.31106847524642944,
            0.31105273962020874,
            0.3106725811958313,
            0.31052979826927185,
            0.30940109491348267,
            0.30845943093299866,
            0.30667200684547424,
            0.305458128452301,
            0.30433040857315063,
            0.30348849296569824
        ]
    ],
    "last_action_method": "return_last_retrieved_list",
    "curr_top_k_docIDs": [
        "320",
        "283",
        "343",
        "204",
        "368",
        "412",
        "199",
        "105",
        "497",
        "543",
        "42",
        "99",
        "240",
        "180",
        "401",
        "160",
        "328",
        "120",
        "444",
        "96",
        "409",
        "400",
        "445",
        "349",
        "555",
        "397",
        "102",
        "187",
        "193",
        "392",
        "154",
        "382",
        "177",
        "338",
        "425",
        "79",
        "410",
        "402",
        "59",
        "405",
        "545",
        "227",
        "385",
        "237",
        "121",
        "325",
        "408",
        "61",
        "24",
        "347",
        "234",
        "411",
        "319",
        "15",
        "233",
        "92",
        "310",
        "403",
        "415",
        "249"
    ],
    "terminate": true,
    "state_history": [
        {
            "queries": [
                "Great cities to celebrate a child's birthday"
            ],
            "iteration": 0
        },
        {
            "queries": [
                "Great cities to celebrate a child's birthday"
            ],
            "iteration": 0,
            "retrieved_lists": [
                [
                    "320",
                    "283",
                    "343",
                    "204",
                    "368",
                    "412",
                    "199",
                    "105",
                    "497",
                    "543",
                    "42",
                    "99",
                    "240",
                    "180",
                    "401",
                    "160",
                    "328",
                    "120",
                    "444",
                    "96",
                    "409",
                    "400",
                    "445",
                    "349",
                    "555",
                    "397",
                    "102",
                    "187",
                    "193",
                    "392",
                    "154",
                    "382",
                    "177",
                    "338",
                    "425",
                    "79",
                    "410",
                    "402",
                    "59",
                    "405",
                    "545",
                    "227",
                    "385",
                    "237",
                    "121",
                    "325",
                    "408",
                    "61",
                    "24",
                    "347",
                    "234",
                    "411",
                    "319",
                    "15",
                    "233",
                    "92",
                    "310",
                    "403",
                    "415",
                    "249"
                ]
            ],