{
    "queries": [
        "when does isle of dogs come out in us"
    ],
    "iteration": 0,
    "retrieved_lists": [
        [
            "doc2107",
            "doc1932994",
            "doc1516801",
            "doc1078852",
            "doc1129647",
            "doc116269",
            "doc2280548",
            "doc1468679",
            "doc103013",
            "doc1541708",
            "doc112414",
            "doc480892",
            "doc1414028",
            "doc486038",
            "doc2065991",
            "doc1427967",
            "doc1266527",
            "doc2241537",
            "doc344805",
            "doc951005",
            "doc1332501",
            "doc2448037",
            "doc1689089",
            "doc58430",
            "doc1741054",
            "doc281380",
            "doc1399278",
            "doc931883",
            "doc1049566",
            "doc1878465",
            "doc821967",
            "doc1450353",
            "doc380425",
            "doc2494786",
            "doc764256",
            "doc271521",
            "doc2003702",
            "doc1933591",
            "doc2580771",
            "doc1068588",
            "doc71572",
            "doc2426314",
            "doc445075",
            "doc1638079",
            "doc1153225",
            "doc1392612",
            "doc63794",
            "doc2669090",
            "doc1098243",
            "doc538511",
            "doc761288",
            "doc53465",
            "doc306798",
            "doc222154",
            "doc1177793",
            "doc161535",
            "doc450966",
            "doc1338351",
            "doc2642050",
            "doc2511129"
        ]
    ],
    "all_sim_scores": [
        [
            0.8092688918113708,
            0.3280148506164551,
            0.3278040885925293,
            0.31672027707099915,
            0.30605989694595337,
            0.3055103123188019,
            0.300487220287323,
            0.28830963373184204,
            0.28680068254470825,
            0.28401654958724976,
            0.28162455558776855,
            0.2779647409915924,
            0.27664846181869507,
            0.27402129769325256,
            0.27110588550567627,
            0.26657140254974365,
            0.2649878263473511,
            0.2586844861507416,
            0.25842034816741943,
            0.2556021511554718,
            0.2553171217441559,
            0.25415533781051636,
            0.25085094571113586,
            0.2494792491197586,
            0.24907219409942627,
            0.2482548952102661,
            0.24814191460609436,
            0.24786865711212158,
            0.24779117107391357,
            0.24766871333122253,
            0.24714228510856628,
            0.24669697880744934,
            0.2463447004556656,
            0.24591194093227386,
            0.24427533149719238,
            0.24416673183441162,
            0.24286162853240967,
            0.24173593521118164,
            0.24127453565597534,
            0.23941636085510254,
            0.23920570313930511,
            0.23852452635765076,
            0.23796841502189636,
            0.2379634827375412,
            0.23638775944709778,
            0.2359764575958252,
            0.23448234796524048,
            0.23433829843997955,
            0.23290497064590454,
            0.23206600546836853,
            0.23182111978530884,
            0.23180286586284637,
            0.23088029026985168,
            0.23077206313610077,
            0.22945232689380646,
            0.22826014459133148,
            0.2271568477153778,
            0.22586604952812195,
            0.2242339551448822,
            0.2207251489162445
        ]
    ],
    "last_action_method": "return_last_retrieved_list",
    "curr_top_k_docIDs": [
        "doc2107",
        "doc1932994",
        "doc1516801",
        "doc1078852",
        "doc1129647",
        "doc116269",
        "doc2280548",
        "doc1468679",
        "doc103013",
        "doc1541708",
        "doc112414",
        "doc480892",
        "doc1414028",
        "doc486038",
        "doc2065991",
        "doc1427967",
        "doc1266527",
        "doc2241537",
        "doc344805",
        "doc951005",
        "doc1332501",
        "doc2448037",
        "doc1689089",
        "doc58430",
        "doc1741054",
        "doc281380",
        "doc1399278",
        "doc931883",
        "doc1049566",
        "doc1878465",
        "doc821967",
        "doc1450353",
        "doc380425",
        "doc2494786",
        "doc764256",
        "doc271521",
        "doc2003702",
        "doc1933591",
        "doc2580771",
        "doc1068588",
        "doc71572",
        "doc2426314",
        "doc445075",
        "doc1638079",
        "doc1153225",
        "doc1392612",
        "doc63794",
        "doc2669090",
        "doc1098243",
        "doc538511",
        "doc761288",
        "doc53465",
        "doc306798",
        "doc222154",
        "doc1177793",
        "doc161535",
        "doc450966",
        "doc1338351",
        "doc2642050",
        "doc2511129"
    ],
    "terminate": true,
    "state_history": [
        {
            "queries": [
                "when does isle of dogs come out in us"
            ],
            "iteration": 0
        },
        {
            "queries": [
                "when does isle of dogs come out in us"
            ],
            "iteration": 0,
            "retrieved_lists": [
                [
                    "doc2107",
                    "doc1932994",
                    "doc1516801",
                    "doc1078852",
                    "doc1129647",
                    "doc116269",
                    "doc2280548",
                    "doc1468679",
                    "doc103013",
                    "doc1541708",
                    "doc112414",
                    "doc480892",
                    "doc1414028",
                    "doc486038",
                    "doc2065991",
                    "doc1427967",
                    "doc1266527",
                    "doc2241537",
                    "doc344805",
                    "doc951005",
                    "doc1332501",
                    "doc2448037",
                    "doc1689089",
                    "doc58430",
                    "doc1741054",
                    "doc281380",
                    "doc1399278",
                    "doc931883",
                    "doc1049566",
                    "doc1878465",
                    "doc821967",
                    "doc1450353",
                    "doc380425",
                    "doc2494786",
                    "doc764256",
                    "doc271521",
                    "doc2003702",
                    "doc1933591",
                    "doc2580771",
                    "doc1068588",
                    "doc71572",
                    "doc2426314",
                    "doc445075",
                    "doc1638079",
                    "doc1153225",
                    "doc1392612",
                    "doc63794",
                    "doc2669090",
                    "doc1098243",
                    "doc538511",
                    "doc761288",
                    "doc53465",
                    "doc306798",
                    "doc222154",
                    "doc1177793",
                    "doc161535",
                    "doc450966",
                    "doc1338351",
                    "doc2642050",
                    "doc2511129"
                ]
            ],