{
    "queries": [
        "Cities for art lovers"
    ],
    "iteration": 0,
    "retrieved_lists": [
        [
            "520",
            "65",
            "492",
            "378",
            "560",
            "22",
            "245",
            "352",
            "168",
            "82",
            "251",
            "130",
            "320",
            "516",
            "450",
            "81",
            "95",
            "157",
            "1",
            "141",
            "265",
            "227",
            "285",
            "55",
            "201",
            "283",
            "83",
            "339",
            "231",
            "89"
        ]
    ],
    "all_sim_scores": [
        [
            0.6533027291297913,
            0.6460143327713013,
            0.6425600647926331,
            0.6397098898887634,
            0.6338497400283813,
            0.6309101581573486,
            0.6266627907752991,
            0.6259211301803589,
            0.6250633001327515,
            0.6245979070663452,
            0.6237939596176147,
            0.6224098801612854,
            0.6197218894958496,
            0.6188753843307495,
            0.6148988008499146,
            0.6143811941146851,
            0.6141131520271301,
            0.6140934824943542,
            0.6130412817001343,
            0.6129295825958252,
            0.6118512153625488,
            0.611801266670227,
            0.6108306646347046,
            0.6106455326080322,
            0.6060624122619629,
            0.605787456035614,
            0.6054732799530029,
            0.6052902936935425,
            0.6050886511802673,
            0.6038811206817627
        ]
    ],
    "last_action_method": "check_max_q_reforms",
    "prompts": [
        "Return the best ordering of 10 of the document ids below given the query.\nFollow the output format example exactly and return only a python list of docIDs with exactly 10 IDs.\nDo not output city names.\n\nExample\n***\nQuery: tropical vacation destinations\n\nDocuments:\nDOCID: 1\t|\t TEXT: London\nDOCID: 4   |    TEXT: Cancun\nDOCID: 2456\t|\tTEXT: Myrtle Beach\n\nOutput: [\"4\", \"2456\", \"1\"]\n***\n\nInputs:\n***\nQuery: Cities for art lovers\n\nDocuments:\n\nDOCID: 520\t|\tTEXT: Venice\n\nDOCID: 65\t|\tTEXT: Bilbao\n\nDOCID: 492\t|\tTEXT: Toronto\n\nDOCID: 378\t|\tTEXT: Riga\n\nDOCID: 560\t|\tTEXT: Zagreb\n\nDOCID: 22\t|\tTEXT: Amsterdam\n\nDOCID: 245\t|\tTEXT: Lisbon\n\nDOCID: 352\t|\tTEXT: Portland (Oregon)\n\nDOCID: 168\t|\tTEXT: Hamburg\n\nDOCID: 82\t|\tTEXT: Budapest\n\nDOCID: 251\t|\tTEXT: Los Angeles\n\nDOCID: 130\t|\tTEXT: D\u00fcsseldorf\n\nDOCID: 320\t|\tTEXT: New York City\n\nDOCID: 516\t|\tTEXT: Vancouver\n\nDOCID: 450\t|\tTEXT: Stockholm\n\nDOCID: 81\t|\tTEXT: Bucharest\n\nDOCID: 95\t|\tTEXT: Catania\n\nDOCID: 157\t|\tTEXT: Gothenburg\n\nDOCID: 1\t|\tTEXT: 'Venice\n\nDOCID: 141\t|\tTEXT: Fort Lauderdale\n\nDOCID: 265\t|\tTEXT: Malm\u00f6\n\nDOCID: 227\t|\tTEXT: Krak\u00f3w\n\nDOCID: 285\t|\tTEXT: Milan\n\nDOCID: 55\t|\tTEXT: Barcelona\n\nDOCID: 201\t|\tTEXT: Johannesburg\n\nDOCID: 283\t|\tTEXT: Mexico City\n\nDOCID: 83\t|\tTEXT: Buenos Aires\n\nDOCID: 339\t|\tTEXT: Paris\n\nDOCID: 231\t|\tTEXT: Kyoto\n\nDOCID: 89\t|\tTEXT: Calgary\n\n***\n\nOutput:"
    ],
    "responses": [
        "```python\n[\"339\", \"231\", \"520\", \"55\", \"285\", \"65\", \"227\", \"22\", \"130\", \"1\"]\n```\n"
    ],
    "curr_top_k_docIDs": [
        "339",
        "231",
        "520",
        "55",
        "285",
        "65",
        "227",
        "22",
        "130",
        "1"
    ],
    "terminate": true,
    "state_history": [
        {
            "queries": [
                "Cities for art lovers"
            ],
            "iteration": 0
        },
        {
            "queries": [
                "Cities for art lovers"
            ],
            "iteration": 0,
            "retrieved_lists": [
                [
                    "520",
                    "65",
                    "492",
                    "378",
                    "560",
                    "22",
                    "245",
                    "352",
                    "168",
                    "82",
                    "251",
                    "130",
                    "320",
                    "516",
                    "450",
                    "81",
                    "95",
                    "157",
                    "1",
                    "141",
                    "265",
                    "227",
                    "285",
                    "55",
                    "201",
                    "283",
                    "83",
                    "339",
                    "231",
                    "89"
                ]
            ],
            "all_sim_scores": [
                [
                    0.6533027291297913,
                    0.6460143327713013,
                    0.6425600647926331,
                    0.6397098898887634,
                    0.6338497400283813,
                    0.6309101581573486,
                    0.6266627907752991,
                    0.6259211301803589,
                    0.6250633001327515,
                    0.6245979070663452,
                    0.6237939596176147,
                    0.6224098801612854,
                    0.6197218894958496,
                    0.6188753843307495,
                    0.6148988008499146,
                    0.6143811941146851,
                    0.6141131520271301,
                    0.6140934824943542,
                    0.6130412817001343,
                    0.6129295825958252,
                    0.6118512153625488,
                    0.611801266670227,
                    0.6108306646347046,
                    0.6106455326080322,
                    0.6060624122619629,
                    0.605787456035614,
                    0.6054732799530029,
                    0.6052902936935425,
                    0.6050886511802673,
                    0.6038811206817627
                ]
            ],
            "last_action_method": "rank"
        },
        {
            "queries": [
                "Cities for art lovers"
            ],
            "iteration": 0,
            "retrieved_lists": [
                [
                    "520",
                    "65",
                    "492",
                    "378",
                    "560",
                    "22",
                    "245",
                    "352",
                    "168",
                    "82",
                    "251",
                    "130",
                    "320",
                    "516",
                    "450",
                    "81",
                    "95",
                    "157",
                    "1",
                    "141",
                    "265",
                    "227",
                    "285",
                    "55",
                    "201",
                    "283",
                    "83",
                    "339",
                    "231",
                    "89"
                ]
            ],