{
    "queries": [
        "how many branches of reserve bank of india in india"
    ],
    "iteration": 0,
    "retrieved_lists": [
        [
            "doc2434565",
            "doc624197",
            "doc553168",
            "doc2269501",
            "doc80042",
            "doc1330942",
            "doc80031",
            "doc80040",
            "doc1640361",
            "doc80034",
            "doc378953",
            "doc564677",
            "doc80054",
            "doc2636274",
            "doc1640396",
            "doc1330943",
            "doc980900",
            "doc2434581",
            "doc2477937",
            "doc1164865",
            "doc1568304",
            "doc2187250",
            "doc1257948",
            "doc1213457",
            "doc2215541",
            "doc942481",
            "doc1041382",
            "doc851128",
            "doc728589",
            "doc2524058",
            "doc1060446",
            "doc417186",
            "doc209903",
            "doc942484",
            "doc1338726",
            "doc895084",
            "doc1311328",
            "doc234383",
            "doc2524059",
            "doc1248114",
            "doc1585796",
            "doc564683",
            "doc1827731",
            "doc72114",
            "doc989963",
            "doc675461",
            "doc1041374",
            "doc2515758",
            "doc399265",
            "doc1131554",
            "doc1277512",
            "doc2609966",
            "doc836073",
            "doc564668",
            "doc564682",
            "doc270014",
            "doc2329387",
            "doc234391",
            "doc1067956",
            "doc1280339"
        ]
    ],
    "all_sim_scores": [
        [
            0.7724097371101379,
            0.6935137510299683,
            0.6661991477012634,
            0.6489042639732361,
            0.6480135917663574,
            0.6466785669326782,
            0.6105852127075195,
            0.6053527593612671,
            0.5718460083007812,
            0.5705991983413696,
            0.5651330947875977,
            0.550029993057251,
            0.5497298836708069,
            0.5439310073852539,
            0.5341004133224487,
            0.527907133102417,
            0.508446455001831,
            0.504937469959259,
            0.5016238689422607,
            0.4992733299732208,
            0.4921680986881256,
            0.4879089593887329,
            0.4848872125148773,
            0.480364054441452,
            0.4801926910877228,
            0.47617602348327637,
            0.47433170676231384,
            0.4731389284133911,
            0.47313690185546875,
            0.4684954583644867,
            0.4681066870689392,
            0.4660068154335022,
            0.4655171036720276,
            0.4594770073890686,
            0.4583399295806885,
            0.4550632834434509,
            0.45363956689834595,
            0.4533478021621704,
            0.45135021209716797,
            0.4497111439704895,
            0.44940829277038574,
            0.4485107958316803,
            0.4483715891838074,
            0.4483242630958557,
            0.4482300579547882,
            0.4481017589569092,
            0.4451465904712677,
            0.444782018661499,
            0.4446791410446167,
            0.4432598054409027,
            0.4366597533226013,
            0.4362102746963501,
            0.436099112033844,
            0.4353998005390167,
            0.4347692131996155,
            0.4342997074127197,
            0.43368223309516907,
            0.4321242570877075,
            0.43170273303985596,
            0.4312790334224701
        ]
    ],
    "last_action_method": "return_last_retrieved_list",
    "curr_top_k_docIDs": [
        "doc2434565",
        "doc624197",
        "doc553168",
        "doc2269501",
        "doc80042",
        "doc1330942",
        "doc80031",
        "doc80040",
        "doc1640361",
        "doc80034",
        "doc378953",
        "doc564677",
        "doc80054",
        "doc2636274",
        "doc1640396",
        "doc1330943",
        "doc980900",
        "doc2434581",
        "doc2477937",
        "doc1164865",
        "doc1568304",
        "doc2187250",
        "doc1257948",
        "doc1213457",
        "doc2215541",
        "doc942481",
        "doc1041382",
        "doc851128",
        "doc728589",
        "doc2524058",
        "doc1060446",
        "doc417186",
        "doc209903",
        "doc942484",
        "doc1338726",
        "doc895084",
        "doc1311328",
        "doc234383",
        "doc2524059",
        "doc1248114",
        "doc1585796",
        "doc564683",
        "doc1827731",
        "doc72114",
        "doc989963",
        "doc675461",
        "doc1041374",
        "doc2515758",
        "doc399265",
        "doc1131554",
        "doc1277512",
        "doc2609966",
        "doc836073",
        "doc564668",
        "doc564682",
        "doc270014",
        "doc2329387",
        "doc234391",
        "doc1067956",
        "doc1280339"
    ],
    "terminate": true,
    "state_history": [
        {
            "queries": [
                "how many branches of reserve bank of india in india"
            ],
            "iteration": 0
        },
        {
            "queries": [
                "how many branches of reserve bank of india in india"
            ],
            "iteration": 0,
            "retrieved_lists": [
                [
                    "doc2434565",
                    "doc624197",
                    "doc553168",
                    "doc2269501",
                    "doc80042",
                    "doc1330942",
                    "doc80031",
                    "doc80040",
                    "doc1640361",
                    "doc80034",
                    "doc378953",
                    "doc564677",
                    "doc80054",
                    "doc2636274",
                    "doc1640396",
                    "doc1330943",
                    "doc980900",
                    "doc2434581",
                    "doc2477937",
                    "doc1164865",
                    "doc1568304",
                    "doc2187250",
                    "doc1257948",
                    "doc1213457",
                    "doc2215541",
                    "doc942481",
                    "doc1041382",
                    "doc851128",
                    "doc728589",
                    "doc2524058",
                    "doc1060446",
                    "doc417186",
                    "doc209903",
                    "doc942484",
                    "doc1338726",
                    "doc895084",
                    "doc1311328",
                    "doc234383",
                    "doc2524059",
                    "doc1248114",
                    "doc1585796",
                    "doc564683",
                    "doc1827731",
                    "doc72114",
                    "doc989963",
                    "doc675461",
                    "doc1041374",
                    "doc2515758",
                    "doc399265",
                    "doc1131554",
                    "doc1277512",
                    "doc2609966",
                    "doc836073",
                    "doc564668",
                    "doc564682",
                    "doc270014",
                    "doc2329387",
                    "doc234391",
                    "doc1067956",
                    "doc1280339"
                ]
            ],