{
    "queries": [
        "Beautiful cities near water bodies"
    ],
    "iteration": 0,
    "retrieved_lists": [
        [
            "392",
            "136",
            "199",
            "116",
            "177",
            "6",
            "398",
            "226",
            "362",
            "347"
        ]
    ],
    "all_sim_scores": [
        [
            0.3864746689796448,
            0.3651580810546875,
            0.3504468500614166,
            0.34372973442077637,
            0.3409985601902008,
            0.3373493552207947,
            0.3357417583465576,
            0.3341011106967926,
            0.3335552215576172,
            0.33138370513916016
        ]
    ],
    "last_action_method": "return_last_retrieved_list",
    "curr_top_k_docIDs": [
        "392",
        "136",
        "199",
        "116",
        "177",
        "6",
        "398",
        "226",
        "362",
        "347"
    ],
    "terminate": true,
    "state_history": [
        {
            "queries": [
                "Beautiful cities near water bodies"
            ],
            "iteration": 0
        },
        {
            "queries": [
                "Beautiful cities near water bodies"
            ],
            "iteration": 0,
            "retrieved_lists": [
                [
                    "392",
                    "136",
                    "199",
                    "116",
                    "177",
                    "6",
                    "398",
                    "226",
                    "362",
                    "347"
                ]
            ],
            "all_sim_scores": [
                [
                    0.3864746689796448,
                    0.3651580810546875,
                    0.3504468500614166,
                    0.34372973442077637,
                    0.3409985601902008,
                    0.3373493552207947,
                    0.3357417583465576,
                    0.3341011106967926,
                    0.3335552215576172,
                    0.33138370513916016
                ]
            ],
            "last_action_method": "rank"
        },
        {
            "queries": [
                "Beautiful cities near water bodies"
            ],
            "iteration": 0,
            "retrieved_lists": [
                [
                    "392",
                    "136",
                    "199",
                    "116",
                    "177",
                    "6",
                    "398",
                    "226",
                    "362",
                    "347"
                ]
            ],
            "all_sim_scores": [
                [
                    0.3864746689796448,
                    0.3651580810546875,
                    0.3504468500614166,
                    0.34372973442077637,
                    0.3409985601902008,
                    0.3373493552207947,
                    0.3357417583465576,
                    0.3341011106967926,
                    0.3335552215576172,
                    0.33138370513916016
                ]
            ],
            "last_action_method": "return_last_retrieved_list",
            "curr_top_k_docIDs": [
                "392",
                "136",
                "199",
                "116",
                "177",
                "6",
                "398",
                "226",
                "362",
                "347"
            ],
            "terminate": true
        }
    ]
}