{
    "queries": [
        "Top cities for music lovers"
    ],
    "iteration": 0,
    "retrieved_lists": [
        [
            "283",
            "543",
            "400",
            "405",
            "320",
            "199",
            "497",
            "251",
            "226",
            "280"
        ]
    ],
    "all_sim_scores": [
        [
            0.41275444626808167,
            0.4091375470161438,
            0.40700483322143555,
            0.3996202051639557,
            0.3989987373352051,
            0.3968423008918762,
            0.3943972587585449,
            0.39182865619659424,
            0.39150696992874146,
            0.38831251859664917
        ]
    ],
    "last_action_method": "return_last_retrieved_list",
    "curr_top_k_docIDs": [
        "283",
        "543",
        "400",
        "405",
        "320",
        "199",
        "497",
        "251",
        "226",
        "280"
    ],
    "terminate": true,
    "state_history": [
        {
            "queries": [
                "Top cities for music lovers"
            ],
            "iteration": 0
        },
        {
            "queries": [
                "Top cities for music lovers"
            ],
            "iteration": 0,
            "retrieved_lists": [
                [
                    "283",
                    "543",
                    "400",
                    "405",
                    "320",
                    "199",
                    "497",
                    "251",
                    "226",
                    "280"
                ]
            ],
            "all_sim_scores": [
                [
                    0.41275444626808167,
                    0.4091375470161438,
                    0.40700483322143555,
                    0.3996202051639557,
                    0.3989987373352051,
                    0.3968423008918762,
                    0.3943972587585449,
                    0.39182865619659424,
                    0.39150696992874146,
                    0.38831251859664917
                ]
            ],
            "last_action_method": "rank"
        },
        {
            "queries": [
                "Top cities for music lovers"
            ],
            "iteration": 0,
            "retrieved_lists": [
                [
                    "283",
                    "543",
                    "400",
                    "405",
                    "320",
                    "199",
                    "497",
                    "251",
                    "226",
                    "280"
                ]
            ],
            "all_sim_scores": [
                [
                    0.41275444626808167,
                    0.4091375470161438,
                    0.40700483322143555,
                    0.3996202051639557,
                    0.3989987373352051,
                    0.3968423008918762,
                    0.3943972587585449,
                    0.39182865619659424,
                    0.39150696992874146,
                    0.38831251859664917
                ]
            ],
            "last_action_method": "return_last_retrieved_list",
            "curr_top_k_docIDs": [
                "283",
                "543",
                "400",
                "405",
                "320",
                "199",
                "497",
                "251",
                "226",
                "280"
            ],
            "terminate": true
        }
    ]
}