{
    "queries": [
        "Top cities for wildlife enthusiasts"
    ],
    "iteration": 0,
    "retrieved_lists": [
        [
            "141",
            "492",
            "251",
            "120",
            "352",
            "201",
            "121",
            "330",
            "422",
            "328"
        ]
    ],
    "all_sim_scores": [
        [
            0.6431986093521118,
            0.6254063844680786,
            0.6232861280441284,
            0.6222474575042725,
            0.6217336654663086,
            0.6215464472770691,
            0.6190702319145203,
            0.6164183616638184,
            0.6147150993347168,
            0.614600658416748
        ]
    ],
    "last_action_method": "return_last_retrieved_list",
    "curr_top_k_docIDs": [
        "141",
        "492",
        "251",
        "120",
        "352",
        "201",
        "121",
        "330",
        "422",
        "328"
    ],
    "terminate": true,
    "state_history": [
        {
            "queries": [
                "Top cities for wildlife enthusiasts"
            ],
            "iteration": 0
        },
        {
            "queries": [
                "Top cities for wildlife enthusiasts"
            ],
            "iteration": 0,
            "retrieved_lists": [
                [
                    "141",
                    "492",
                    "251",
                    "120",
                    "352",
                    "201",
                    "121",
                    "330",
                    "422",
                    "328"
                ]
            ],
            "all_sim_scores": [
                [
                    0.6431986093521118,
                    0.6254063844680786,
                    0.6232861280441284,
                    0.6222474575042725,
                    0.6217336654663086,
                    0.6215464472770691,
                    0.6190702319145203,
                    0.6164183616638184,
                    0.6147150993347168,
                    0.614600658416748
                ]
            ],
            "last_action_method": "rank"
        },
        {
            "queries": [
                "Top cities for wildlife enthusiasts"
            ],
            "iteration": 0,
            "retrieved_lists": [
                [
                    "141",
                    "492",
                    "251",
                    "120",
                    "352",
                    "201",
                    "121",
                    "330",
                    "422",
                    "328"
                ]
            ],
            "all_sim_scores": [
                [
                    0.6431986093521118,
                    0.6254063844680786,
                    0.6232861280441284,
                    0.6222474575042725,
                    0.6217336654663086,
                    0.6215464472770691,
                    0.6190702319145203,
                    0.6164183616638184,
                    0.6147150993347168,
                    0.614600658416748
                ]
            ],
            "last_action_method": "return_last_retrieved_list",
            "curr_top_k_docIDs": [
                "141",
                "492",
                "251",
                "120",
                "352",
                "201",
                "121",
                "330",
                "422",
                "328"
            ],
            "terminate": true
        }
    ]
}