{
    "queries": [
        "Picturesque cities for photography enthusiasts"
    ],
    "iteration": 0,
    "retrieved_lists": [
        [
            "92",
            "520",
            "320",
            "251",
            "516",
            "201",
            "283",
            "492",
            "265",
            "120"
        ]
    ],
    "all_sim_scores": [
        [
            0.6504321098327637,
            0.6426451802253723,
            0.6408836245536804,
            0.6403070688247681,
            0.6399678587913513,
            0.6389221549034119,
            0.6376962065696716,
            0.6372858285903931,
            0.6369712948799133,
            0.6333999633789062
        ]
    ],
    "last_action_method": "return_last_retrieved_list",
    "curr_top_k_docIDs": [
        "92",
        "520",
        "320",
        "251",
        "516",
        "201",
        "283",
        "492",
        "265",
        "120"
    ],
    "terminate": true,
    "state_history": [
        {
            "queries": [
                "Picturesque cities for photography enthusiasts"
            ],
            "iteration": 0
        },
        {
            "queries": [
                "Picturesque cities for photography enthusiasts"
            ],
            "iteration": 0,
            "retrieved_lists": [
                [
                    "92",
                    "520",
                    "320",
                    "251",
                    "516",
                    "201",
                    "283",
                    "492",
                    "265",
                    "120"
                ]
            ],
            "all_sim_scores": [
                [
                    0.6504321098327637,
                    0.6426451802253723,
                    0.6408836245536804,
                    0.6403070688247681,
                    0.6399678587913513,
                    0.6389221549034119,
                    0.6376962065696716,
                    0.6372858285903931,
                    0.6369712948799133,
                    0.6333999633789062
                ]
            ],
            "last_action_method": "rank"
        },
        {
            "queries": [
                "Picturesque cities for photography enthusiasts"
            ],
            "iteration": 0,
            "retrieved_lists": [
                [
                    "92",
                    "520",
                    "320",
                    "251",
                    "516",
                    "201",
                    "283",
                    "492",
                    "265",
                    "120"
                ]
            ],
            "all_sim_scores": [
                [
                    0.6504321098327637,
                    0.6426451802253723,
                    0.6408836245536804,
                    0.6403070688247681,
                    0.6399678587913513,
                    0.6389221549034119,
                    0.6376962065696716,
                    0.6372858285903931,
                    0.6369712948799133,
                    0.6333999633789062
                ]
            ],
            "last_action_method": "return_last_retrieved_list",
            "curr_top_k_docIDs": [
                "92",
                "520",
                "320",
                "251",
                "516",
                "201",
                "283",
                "492",
                "265",
                "120"
            ],
            "terminate": true
        }
    ]
}