{
    "queries": [
        "what is the first book of percy jackson"
    ],
    "iteration": 0,
    "retrieved_lists": [
        [
            "doc73865",
            "doc73863",
            "doc839991",
            "doc132974",
            "doc97173",
            "doc570444",
            "doc2398160",
            "doc1349431",
            "doc1079895",
            "doc1362140",
            "doc334842",
            "doc260631",
            "doc498410",
            "doc187668",
            "doc1402713",
            "doc622663",
            "doc835069",
            "doc1978531",
            "doc1195021",
            "doc826828",
            "doc2231975",
            "doc2382422",
            "doc79656",
            "doc1729859",
            "doc2597528",
            "doc1269571",
            "doc2337599",
            "doc1866074",
            "doc2582711",
            "doc62394",
            "doc2442727",
            "doc910079",
            "doc781880",
            "doc2185816",
            "doc797823",
            "doc138476",
            "doc2575800",
            "doc760054",
            "doc2458880",
            "doc1697742",
            "doc1901921",
            "doc7050",
            "doc1380799",
            "doc2357673",
            "doc1131539",
            "doc1095746",
            "doc2054640",
            "doc1815110",
            "doc1423526",
            "doc1080777",
            "doc1176997",
            "doc2130846",
            "doc1028436",
            "doc1387268",
            "doc2458879",
            "doc161078",
            "doc2453699",
            "doc217137",
            "doc1518180",
            "doc346246"
        ]
    ],
    "all_sim_scores": [
        [
            0.7001651525497437,
            0.6600406765937805,
            0.3692883849143982,
            0.3546794056892395,
            0.34313976764678955,
            0.32843366265296936,
            0.3248324990272522,
            0.32268571853637695,
            0.3204989433288574,
            0.3182082772254944,
            0.3059490919113159,
            0.3048285245895386,
            0.30263063311576843,
            0.2950567603111267,
            0.29465800523757935,
            0.28707975149154663,
            0.28611791133880615,
            0.2860395908355713,
            0.28463733196258545,
            0.27895304560661316,
            0.277340292930603,
            0.2753748297691345,
            0.2743363380432129,
            0.2736935019493103,
            0.2731279730796814,
            0.2729865610599518,
            0.271645724773407,
            0.26947563886642456,
            0.2692725360393524,
            0.26898375153541565,
            0.2619359493255615,
            0.2612367272377014,
            0.26023200154304504,
            0.25912952423095703,
            0.2586986720561981,
            0.2586175203323364,
            0.2573326826095581,
            0.2571694254875183,
            0.2539219558238983,
            0.2525484561920166,
            0.25234106183052063,
            0.24996080994606018,
            0.2495226413011551,
            0.24949240684509277,
            0.24918048083782196,
            0.24795058369636536,
            0.24726414680480957,
            0.2460334300994873,
            0.24449856579303741,
            0.24305589497089386,
            0.24270480871200562,
            0.2405489683151245,
            0.23971398174762726,
            0.23784101009368896,
            0.2378091961145401,
            0.23679012060165405,
            0.23516422510147095,
            0.23508664965629578,
            0.23432981967926025,
            0.2340075969696045
        ]
    ],
    "last_action_method": "return_last_retrieved_list",
    "curr_top_k_docIDs": [
        "doc73865",
        "doc73863",
        "doc839991",
        "doc132974",
        "doc97173",
        "doc570444",
        "doc2398160",
        "doc1349431",
        "doc1079895",
        "doc1362140",
        "doc334842",
        "doc260631",
        "doc498410",
        "doc187668",
        "doc1402713",
        "doc622663",
        "doc835069",
        "doc1978531",
        "doc1195021",
        "doc826828",
        "doc2231975",
        "doc2382422",
        "doc79656",
        "doc1729859",
        "doc2597528",
        "doc1269571",
        "doc2337599",
        "doc1866074",
        "doc2582711",
        "doc62394",
        "doc2442727",
        "doc910079",
        "doc781880",
        "doc2185816",
        "doc797823",
        "doc138476",
        "doc2575800",
        "doc760054",
        "doc2458880",
        "doc1697742",
        "doc1901921",
        "doc7050",
        "doc1380799",
        "doc2357673",
        "doc1131539",
        "doc1095746",
        "doc2054640",
        "doc1815110",
        "doc1423526",
        "doc1080777",
        "doc1176997",
        "doc2130846",
        "doc1028436",
        "doc1387268",
        "doc2458879",
        "doc161078",
        "doc2453699",
        "doc217137",
        "doc1518180",
        "doc346246"
    ],
    "terminate": true,
    "state_history": [
        {
            "queries": [
                "what is the first book of percy jackson"
            ],
            "iteration": 0
        },
        {
            "queries": [
                "what is the first book of percy jackson"
            ],
            "iteration": 0,
            "retrieved_lists": [
                [
                    "doc73865",
                    "doc73863",
                    "doc839991",
                    "doc132974",
                    "doc97173",
                    "doc570444",
                    "doc2398160",
                    "doc1349431",
                    "doc1079895",
                    "doc1362140",
                    "doc334842",
                    "doc260631",
                    "doc498410",
                    "doc187668",
                    "doc1402713",
                    "doc622663",
                    "doc835069",
                    "doc1978531",
                    "doc1195021",
                    "doc826828",
                    "doc2231975",
                    "doc2382422",
                    "doc79656",
                    "doc1729859",
                    "doc2597528",
                    "doc1269571",
                    "doc2337599",
                    "doc1866074",
                    "doc2582711",
                    "doc62394",
                    "doc2442727",
                    "doc910079",
                    "doc781880",
                    "doc2185816",
                    "doc797823",
                    "doc138476",
                    "doc2575800",
                    "doc760054",
                    "doc2458880",
                    "doc1697742",
                    "doc1901921",
                    "doc7050",
                    "doc1380799",
                    "doc2357673",
                    "doc1131539",
                    "doc1095746",
                    "doc2054640",
                    "doc1815110",
                    "doc1423526",
                    "doc1080777",
                    "doc1176997",
                    "doc2130846",
                    "doc1028436",
                    "doc1387268",
                    "doc2458879",
                    "doc161078",
                    "doc2453699",
                    "doc217137",
                    "doc1518180",
                    "doc346246"
                ]
            ],