{
    "queries": [
        "multi color shimmer tops"
    ],
    "iteration": 0,
    "retrieved_lists": [
        [
            "326027",
            "1390727",
            "226576",
            "289798",
            "92091",
            "672482",
            "1106007",
            "1055245",
            "854562",
            "34984"
        ]
    ],
    "all_sim_scores": [
        [
            0.7296625971794128,
            0.713083028793335,
            0.6899837851524353,
            0.6692874431610107,
            0.6622320413589478,
            0.6620656847953796,
            0.6604363322257996,
            0.6585275530815125,
            0.6559779644012451,
            0.6552869081497192
        ]
    ],
    "last_action_method": "return_last_retrieved_list",
    "curr_top_k_docIDs": [
        "326027",
        "1390727",
        "226576",
        "289798",
        "92091",
        "672482",
        "1106007",
        "1055245",
        "854562",
        "34984"
    ],
    "terminate": true,
    "state_history": [
        {
            "queries": [
                "multi color shimmer tops"
            ],
            "iteration": 0
        },
        {
            "queries": [
                "multi color shimmer tops"
            ],
            "iteration": 0,
            "retrieved_lists": [
                [
                    "326027",
                    "1390727",
                    "226576",
                    "289798",
                    "92091",
                    "672482",
                    "1106007",
                    "1055245",
                    "854562",
                    "34984"
                ]
            ],
            "all_sim_scores": [
                [
                    0.7296625971794128,
                    0.713083028793335,
                    0.6899837851524353,
                    0.6692874431610107,
                    0.6622320413589478,
                    0.6620656847953796,
                    0.6604363322257996,
                    0.6585275530815125,
                    0.6559779644012451,
                    0.6552869081497192
                ]
            ],
            "last_action_method": "rank"
        },
        {
            "queries": [
                "multi color shimmer tops"
            ],
            "iteration": 0,
            "retrieved_lists": [
                [
                    "326027",
                    "1390727",
                    "226576",
                    "289798",
                    "92091",
                    "672482",
                    "1106007",
                    "1055245",
                    "854562",
                    "34984"
                ]
            ],
            "all_sim_scores": [
                [
                    0.7296625971794128,
                    0.713083028793335,
                    0.6899837851524353,
                    0.6692874431610107,
                    0.6622320413589478,
                    0.6620656847953796,
                    0.6604363322257996,
                    0.6585275530815125,
                    0.6559779644012451,
                    0.6552869081497192
                ]
            ],
            "last_action_method": "return_last_retrieved_list",
            "curr_top_k_docIDs": [
                "326027",
                "1390727",
                "226576",
                "289798",
                "92091",
                "672482",
                "1106007",
                "1055245",
                "854562",
                "34984"
            ],
            "terminate": true
        }
    ]
}