{
    "queries": [
        "angel wings"
    ],
    "iteration": 0,
    "retrieved_lists": [
        [
            "316523",
            "837911",
            "1187770",
            "1131449",
            "648203",
            "832754",
            "1182938",
            "1317676",
            "232568",
            "496847"
        ]
    ],
    "all_sim_scores": [
        [
            0.765143871307373,
            0.7554285526275635,
            0.7516384124755859,
            0.741251528263092,
            0.739780068397522,
            0.7309595942497253,
            0.7240131497383118,
            0.7192083597183228,
            0.7183295488357544,
            0.6828478574752808
        ]
    ],
    "last_action_method": "return_last_retrieved_list",
    "curr_top_k_docIDs": [
        "316523",
        "837911",
        "1187770",
        "1131449",
        "648203",
        "832754",
        "1182938",
        "1317676",
        "232568",
        "496847"
    ],
    "terminate": true,
    "state_history": [
        {
            "queries": [
                "angel wings"
            ],
            "iteration": 0
        },
        {
            "queries": [
                "angel wings"
            ],
            "iteration": 0,
            "retrieved_lists": [
                [
                    "316523",
                    "837911",
                    "1187770",
                    "1131449",
                    "648203",
                    "832754",
                    "1182938",
                    "1317676",
                    "232568",
                    "496847"
                ]
            ],
            "all_sim_scores": [
                [
                    0.765143871307373,
                    0.7554285526275635,
                    0.7516384124755859,
                    0.741251528263092,
                    0.739780068397522,
                    0.7309595942497253,
                    0.7240131497383118,
                    0.7192083597183228,
                    0.7183295488357544,
                    0.6828478574752808
                ]
            ],
            "last_action_method": "rank"
        },
        {
            "queries": [
                "angel wings"
            ],
            "iteration": 0,
            "retrieved_lists": [
                [
                    "316523",
                    "837911",
                    "1187770",
                    "1131449",
                    "648203",
                    "832754",
                    "1182938",
                    "1317676",
                    "232568",
                    "496847"
                ]
            ],
            "all_sim_scores": [
                [
                    0.765143871307373,
                    0.7554285526275635,
                    0.7516384124755859,
                    0.741251528263092,
                    0.739780068397522,
                    0.7309595942497253,
                    0.7240131497383118,
                    0.7192083597183228,
                    0.7183295488357544,
                    0.6828478574752808
                ]
            ],
            "last_action_method": "return_last_retrieved_list",
            "curr_top_k_docIDs": [
                "316523",
                "837911",
                "1187770",
                "1131449",
                "648203",
                "832754",
                "1182938",
                "1317676",
                "232568",
                "496847"
            ],
            "terminate": true
        }
    ]
}