{
    "queries": [
        "Culinary cities for food lovers"
    ],
    "iteration": 0,
    "retrieved_lists": [
        [
            "405",
            "415",
            "283",
            "193",
            "320",
            "325",
            "448",
            "368",
            "199",
            "543"
        ]
    ],
    "all_sim_scores": [
        [
            0.392635703086853,
            0.3731847107410431,
            0.3658163249492645,
            0.3628191351890564,
            0.35533198714256287,
            0.35449665784835815,
            0.35186243057250977,
            0.34838443994522095,
            0.3465402126312256,
            0.34479695558547974
        ]
    ],
    "last_action_method": "return_last_retrieved_list",
    "curr_top_k_docIDs": [
        "405",
        "415",
        "283",
        "193",
        "320",
        "325",
        "448",
        "368",
        "199",
        "543"
    ],
    "terminate": true,
    "state_history": [
        {
            "queries": [
                "Culinary cities for food lovers"
            ],
            "iteration": 0
        },
        {
            "queries": [
                "Culinary cities for food lovers"
            ],
            "iteration": 0,
            "retrieved_lists": [
                [
                    "405",
                    "415",
                    "283",
                    "193",
                    "320",
                    "325",
                    "448",
                    "368",
                    "199",
                    "543"
                ]
            ],
            "all_sim_scores": [
                [
                    0.392635703086853,
                    0.3731847107410431,
                    0.3658163249492645,
                    0.3628191351890564,
                    0.35533198714256287,
                    0.35449665784835815,
                    0.35186243057250977,
                    0.34838443994522095,
                    0.3465402126312256,
                    0.34479695558547974
                ]
            ],
            "last_action_method": "rank"
        },
        {
            "queries": [
                "Culinary cities for food lovers"
            ],
            "iteration": 0,
            "retrieved_lists": [
                [
                    "405",
                    "415",
                    "283",
                    "193",
                    "320",
                    "325",
                    "448",
                    "368",
                    "199",
                    "543"
                ]
            ],
            "all_sim_scores": [
                [
                    0.392635703086853,
                    0.3731847107410431,
                    0.3658163249492645,
                    0.3628191351890564,
                    0.35533198714256287,
                    0.35449665784835815,
                    0.35186243057250977,
                    0.34838443994522095,
                    0.3465402126312256,
                    0.34479695558547974
                ]
            ],
            "last_action_method": "return_last_retrieved_list",
            "curr_top_k_docIDs": [
                "405",
                "415",
                "283",
                "193",
                "320",
                "325",
                "448",
                "368",
                "199",
                "543"
            ],
            "terminate": true
        }
    ]
}