{
    "queries": [
        "Safest cities for travel"
    ],
    "iteration": 0,
    "retrieved_lists": [
        [
            "497",
            "320",
            "199",
            "283",
            "409",
            "418",
            "232",
            "338",
            "543",
            "193"
        ]
    ],
    "all_sim_scores": [
        [
            0.3911409378051758,
            0.38348016142845154,
            0.3778555691242218,
            0.3671015202999115,
            0.3670791983604431,
            0.3626065254211426,
            0.3584807813167572,
            0.3583315312862396,
            0.35786330699920654,
            0.3561903238296509
        ]
    ],
    "last_action_method": "return_last_retrieved_list",
    "curr_top_k_docIDs": [
        "497",
        "320",
        "199",
        "283",
        "409",
        "418",
        "232",
        "338",
        "543",
        "193"
    ],
    "terminate": true,
    "state_history": [
        {
            "queries": [
                "Safest cities for travel"
            ],
            "iteration": 0
        },
        {
            "queries": [
                "Safest cities for travel"
            ],
            "iteration": 0,
            "retrieved_lists": [
                [
                    "497",
                    "320",
                    "199",
                    "283",
                    "409",
                    "418",
                    "232",
                    "338",
                    "543",
                    "193"
                ]
            ],
            "all_sim_scores": [
                [
                    0.3911409378051758,
                    0.38348016142845154,
                    0.3778555691242218,
                    0.3671015202999115,
                    0.3670791983604431,
                    0.3626065254211426,
                    0.3584807813167572,
                    0.3583315312862396,
                    0.35786330699920654,
                    0.3561903238296509
                ]
            ],
            "last_action_method": "rank"
        },
        {
            "queries": [
                "Safest cities for travel"
            ],
            "iteration": 0,
            "retrieved_lists": [
                [
                    "497",
                    "320",
                    "199",
                    "283",
                    "409",
                    "418",
                    "232",
                    "338",
                    "543",
                    "193"
                ]
            ],
            "all_sim_scores": [
                [
                    0.3911409378051758,
                    0.38348016142845154,
                    0.3778555691242218,
                    0.3671015202999115,
                    0.3670791983604431,
                    0.3626065254211426,
                    0.3584807813167572,
                    0.3583315312862396,
                    0.35786330699920654,
                    0.3561903238296509
                ]
            ],
            "last_action_method": "return_last_retrieved_list",
            "curr_top_k_docIDs": [
                "497",
                "320",
                "199",
                "283",
                "409",
                "418",
                "232",
                "338",
                "543",
                "193"
            ],
            "terminate": true
        }
    ]
}