{
    "queries": [
        "when did scotland last qualify for world cup"
    ],
    "iteration": 0,
    "retrieved_lists": [
        [
            "doc8271",
            "doc8268",
            "doc506797",
            "doc8267",
            "doc983191",
            "doc2457736",
            "doc1158157",
            "doc176132",
            "doc2097739",
            "doc1089627",
            "doc1309811",
            "doc2431711",
            "doc1435515",
            "doc925540",
            "doc2480951",
            "doc2457720",
            "doc1467892",
            "doc2480946",
            "doc534553",
            "doc2391826",
            "doc180666",
            "doc1095886",
            "doc180733",
            "doc925548",
            "doc2402337",
            "doc1824197",
            "doc1981477",
            "doc2495280",
            "doc2391857",
            "doc209597",
            "doc1670271",
            "doc176099",
            "doc269364",
            "doc712020",
            "doc2062211",
            "doc165085",
            "doc316181",
            "doc712044",
            "doc2380698",
            "doc2157199",
            "doc2308634",
            "doc1051275",
            "doc1309812",
            "doc1815087",
            "doc180673",
            "doc1841227",
            "doc2485070",
            "doc1051239",
            "doc251199",
            "doc167537",
            "doc858334",
            "doc265105",
            "doc1993774",
            "doc549405",
            "doc202079",
            "doc2374471",
            "doc2247778",
            "doc425607",
            "doc1089659",
            "doc178545"
        ]
    ],
    "all_sim_scores": [
        [
            0.8183349370956421,
            0.7315664291381836,
            0.7024730443954468,
            0.6821308135986328,
            0.659989058971405,
            0.6063001155853271,
            0.6043438911437988,
            0.6022001504898071,
            0.5845454931259155,
            0.5688798427581787,
            0.5673631429672241,
            0.5620728135108948,
            0.5516442656517029,
            0.5489956140518188,
            0.5433592796325684,
            0.5417548418045044,
            0.5377785563468933,
            0.5352438688278198,
            0.5337710976600647,
            0.527211606502533,
            0.5172713994979858,
            0.5159797668457031,
            0.5035185217857361,
            0.5016908645629883,
            0.5008264780044556,
            0.4979473948478699,
            0.49781548976898193,
            0.4956732988357544,
            0.4912046194076538,
            0.4897732138633728,
            0.48856887221336365,
            0.48651012778282166,
            0.48513662815093994,
            0.48128771781921387,
            0.47755348682403564,
            0.47600144147872925,
            0.47356194257736206,
            0.4734850227832794,
            0.4732282757759094,
            0.4701083302497864,
            0.46783214807510376,
            0.46783018112182617,
            0.4676184058189392,
            0.46677154302597046,
            0.46407848596572876,
            0.46265262365341187,
            0.46215033531188965,
            0.4602818489074707,
            0.4581247568130493,
            0.45777222514152527,
            0.45630961656570435,
            0.4541740119457245,
            0.45277243852615356,
            0.452580988407135,
            0.4519672393798828,
            0.4518119990825653,
            0.4505617618560791,
            0.447729229927063,
            0.4449690580368042,
            0.44231879711151123
        ]
    ],
    "last_action_method": "return_last_retrieved_list",
    "curr_top_k_docIDs": [
        "doc8271",
        "doc8268",
        "doc506797",
        "doc8267",
        "doc983191",
        "doc2457736",
        "doc1158157",
        "doc176132",
        "doc2097739",
        "doc1089627",
        "doc1309811",
        "doc2431711",
        "doc1435515",
        "doc925540",
        "doc2480951",
        "doc2457720",
        "doc1467892",
        "doc2480946",
        "doc534553",
        "doc2391826",
        "doc180666",
        "doc1095886",
        "doc180733",
        "doc925548",
        "doc2402337",
        "doc1824197",
        "doc1981477",
        "doc2495280",
        "doc2391857",
        "doc209597",
        "doc1670271",
        "doc176099",
        "doc269364",
        "doc712020",
        "doc2062211",
        "doc165085",
        "doc316181",
        "doc712044",
        "doc2380698",
        "doc2157199",
        "doc2308634",
        "doc1051275",
        "doc1309812",
        "doc1815087",
        "doc180673",
        "doc1841227",
        "doc2485070",
        "doc1051239",
        "doc251199",
        "doc167537",
        "doc858334",
        "doc265105",
        "doc1993774",
        "doc549405",
        "doc202079",
        "doc2374471",
        "doc2247778",
        "doc425607",
        "doc1089659",
        "doc178545"
    ],
    "terminate": true,
    "state_history": [
        {
            "queries": [
                "when did scotland last qualify for world cup"
            ],
            "iteration": 0
        },
        {
            "queries": [
                "when did scotland last qualify for world cup"
            ],
            "iteration": 0,
            "retrieved_lists": [
                [
                    "doc8271",
                    "doc8268",
                    "doc506797",
                    "doc8267",
                    "doc983191",
                    "doc2457736",
                    "doc1158157",
                    "doc176132",
                    "doc2097739",
                    "doc1089627",
                    "doc1309811",
                    "doc2431711",
                    "doc1435515",
                    "doc925540",
                    "doc2480951",
                    "doc2457720",
                    "doc1467892",
                    "doc2480946",
                    "doc534553",
                    "doc2391826",
                    "doc180666",
                    "doc1095886",
                    "doc180733",
                    "doc925548",
                    "doc2402337",
                    "doc1824197",
                    "doc1981477",
                    "doc2495280",
                    "doc2391857",
                    "doc209597",
                    "doc1670271",
                    "doc176099",
                    "doc269364",
                    "doc712020",
                    "doc2062211",
                    "doc165085",
                    "doc316181",
                    "doc712044",
                    "doc2380698",
                    "doc2157199",
                    "doc2308634",
                    "doc1051275",
                    "doc1309812",
                    "doc1815087",
                    "doc180673",
                    "doc1841227",
                    "doc2485070",
                    "doc1051239",
                    "doc251199",
                    "doc167537",
                    "doc858334",
                    "doc265105",
                    "doc1993774",
                    "doc549405",
                    "doc202079",
                    "doc2374471",
                    "doc2247778",
                    "doc425607",
                    "doc1089659",
                    "doc178545"
                ]
            ],