{
    "queries": [
        "Leading tech hub cities"
    ],
    "iteration": 0,
    "retrieved_lists": [
        [
            "400",
            "401",
            "251",
            "105",
            "352",
            "109",
            "120",
            "119",
            "43",
            "385"
        ]
    ],
    "all_sim_scores": [
        [
            0.6844600439071655,
            0.6801794767379761,
            0.6619842648506165,
            0.6594584584236145,
            0.6590888500213623,
            0.6516578793525696,
            0.6515474319458008,
            0.6496662497520447,
            0.6494120955467224,
            0.6477397084236145
        ]
    ],
    "last_action_method": "return_last_retrieved_list",
    "curr_top_k_docIDs": [
        "400",
        "401",
        "251",
        "105",
        "352",
        "109",
        "120",
        "119",
        "43",
        "385"
    ],
    "terminate": true,
    "state_history": [
        {
            "queries": [
                "Leading tech hub cities"
            ],
            "iteration": 0
        },
        {
            "queries": [
                "Leading tech hub cities"
            ],
            "iteration": 0,
            "retrieved_lists": [
                [
                    "400",
                    "401",
                    "251",
                    "105",
                    "352",
                    "109",
                    "120",
                    "119",
                    "43",
                    "385"
                ]
            ],
            "all_sim_scores": [
                [
                    0.6844600439071655,
                    0.6801794767379761,
                    0.6619842648506165,
                    0.6594584584236145,
                    0.6590888500213623,
                    0.6516578793525696,
                    0.6515474319458008,
                    0.6496662497520447,
                    0.6494120955467224,
                    0.6477397084236145
                ]
            ],
            "last_action_method": "rank"
        },
        {
            "queries": [
                "Leading tech hub cities"
            ],
            "iteration": 0,
            "retrieved_lists": [
                [
                    "400",
                    "401",
                    "251",
                    "105",
                    "352",
                    "109",
                    "120",
                    "119",
                    "43",
                    "385"
                ]
            ],
            "all_sim_scores": [
                [
                    0.6844600439071655,
                    0.6801794767379761,
                    0.6619842648506165,
                    0.6594584584236145,
                    0.6590888500213623,
                    0.6516578793525696,
                    0.6515474319458008,
                    0.6496662497520447,
                    0.6494120955467224,
                    0.6477397084236145
                ]
            ],
            "last_action_method": "return_last_retrieved_list",
            "curr_top_k_docIDs": [
                "400",
                "401",
                "251",
                "105",
                "352",
                "109",
                "120",
                "119",
                "43",
                "385"
            ],
            "terminate": true
        }
    ]
}