{
    "queries": [
        "Best cities for an anniversary celebration"
    ],
    "iteration": 0,
    "retrieved_lists": [
        [
            "283",
            "320",
            "368",
            "400",
            "204",
            "349",
            "343",
            "199",
            "415",
            "328",
            "237",
            "427",
            "180",
            "497",
            "105",
            "187",
            "407",
            "55",
            "338",
            "397",
            "63",
            "543",
            "339",
            "121",
            "332",
            "82",
            "110",
            "467",
            "42",
            "520",
            "385",
            "402",
            "401",
            "22",
            "392",
            "193",
            "59",
            "160",
            "174",
            "425",
            "405",
            "319",
            "420",
            "315",
            "492",
            "74",
            "177",
            "505",
            "450",
            "555",
            "421",
            "67",
            "383",
            "303",
            "245",
            "355",
            "295",
            "61",
            "99",
            "120"
        ]
    ],
    "all_sim_scores": [
        [
            0.41862210631370544,
            0.41431283950805664,
            0.3975673019886017,
            0.3962057828903198,
            0.39419102668762207,
            0.38792070746421814,
            0.38609349727630615,
            0.38475972414016724,
            0.3807998597621918,
            0.37848806381225586,
            0.376132607460022,
            0.3751569986343384,
            0.3737334609031677,
            0.3722081482410431,
            0.37040483951568604,
            0.36983561515808105,
            0.3693180978298187,
            0.36830711364746094,
            0.36800727248191833,
            0.36469194293022156,
            0.3642641007900238,
            0.35940247774124146,
            0.35692232847213745,
            0.356678307056427,
            0.353013813495636,
            0.35232317447662354,
            0.35114240646362305,
            0.35112833976745605,
            0.34829181432724,
            0.34792569279670715,
            0.34717634320259094,
            0.3467212915420532,
            0.34586620330810547,
            0.3452609181404114,
            0.34447529911994934,
            0.34413570165634155,
            0.3440783619880676,
            0.34318065643310547,
            0.3412971794605255,
            0.34107357263565063,
            0.34081345796585083,
            0.34056931734085083,
            0.34001344442367554,
            0.3394593596458435,
            0.3373985290527344,
            0.3372707962989807,
            0.3363726735115051,
            0.33515310287475586,
            0.33502012491226196,
            0.33143150806427,
            0.33122625946998596,
            0.33093851804733276,
            0.3302795886993408,
            0.3298793435096741,
            0.32987281680107117,
            0.3298335075378418,
            0.3289962410926819,
            0.32831132411956787,
            0.32829296588897705,
            0.3282683491706848
        ]
    ],
    "last_action_method": "return_last_retrieved_list",
    "curr_top_k_docIDs": [
        "283",
        "320",
        "368",
        "400",
        "204",
        "349",
        "343",
        "199",
        "415",
        "328",
        "237",
        "427",
        "180",
        "497",
        "105",
        "187",
        "407",
        "55",
        "338",
        "397",
        "63",
        "543",
        "339",
        "121",
        "332",
        "82",
        "110",
        "467",
        "42",
        "520",
        "385",
        "402",
        "401",
        "22",
        "392",
        "193",
        "59",
        "160",
        "174",
        "425",
        "405",
        "319",
        "420",
        "315",
        "492",
        "74",
        "177",
        "505",
        "450",
        "555",
        "421",
        "67",
        "383",
        "303",
        "245",
        "355",
        "295",
        "61",
        "99",
        "120"
    ],
    "terminate": true,
    "state_history": [
        {
            "queries": [
                "Best cities for an anniversary celebration"
            ],
            "iteration": 0
        },
        {
            "queries": [
                "Best cities for an anniversary celebration"
            ],
            "iteration": 0,
            "retrieved_lists": [
                [
                    "283",
                    "320",
                    "368",
                    "400",
                    "204",
                    "349",
                    "343",
                    "199",
                    "415",
                    "328",
                    "237",
                    "427",
                    "180",
                    "497",
                    "105",
                    "187",
                    "407",
                    "55",
                    "338",
                    "397",
                    "63",
                    "543",
                    "339",
                    "121",
                    "332",
                    "82",
                    "110",
                    "467",
                    "42",
                    "520",
                    "385",
                    "402",
                    "401",
                    "22",
                    "392",
                    "193",
                    "59",
                    "160",
                    "174",
                    "425",
                    "405",
                    "319",
                    "420",
                    "315",
                    "492",
                    "74",
                    "177",
                    "505",
                    "450",
                    "555",
                    "421",
                    "67",
                    "383",
                    "303",
                    "245",
                    "355",
                    "295",
                    "61",
                    "99",
                    "120"
                ]
            ],