{
    "queries": [
        "Hidden gem cities for a peaceful holiday"
    ],
    "iteration": 0,
    "retrieved_lists": [
        [
            "347",
            "283",
            "199",
            "409",
            "346",
            "332",
            "93",
            "497",
            "61",
            "226"
        ]
    ],
    "all_sim_scores": [
        [
            0.40463951230049133,
            0.38999301195144653,
            0.384094774723053,
            0.3828010559082031,
            0.3633916676044464,
            0.36158108711242676,
            0.36027011275291443,
            0.3593176007270813,
            0.35742998123168945,
            0.35268259048461914
        ]
    ],
    "last_action_method": "return_last_retrieved_list",
    "curr_top_k_docIDs": [
        "347",
        "283",
        "199",
        "409",
        "346",
        "332",
        "93",
        "497",
        "61",
        "226"
    ],
    "terminate": true,
    "state_history": [
        {
            "queries": [
                "Hidden gem cities for a peaceful holiday"
            ],
            "iteration": 0
        },
        {
            "queries": [
                "Hidden gem cities for a peaceful holiday"
            ],
            "iteration": 0,
            "retrieved_lists": [
                [
                    "347",
                    "283",
                    "199",
                    "409",
                    "346",
                    "332",
                    "93",
                    "497",
                    "61",
                    "226"
                ]
            ],
            "all_sim_scores": [
                [
                    0.40463951230049133,
                    0.38999301195144653,
                    0.384094774723053,
                    0.3828010559082031,
                    0.3633916676044464,
                    0.36158108711242676,
                    0.36027011275291443,
                    0.3593176007270813,
                    0.35742998123168945,
                    0.35268259048461914
                ]
            ],
            "last_action_method": "rank"
        },
        {
            "queries": [
                "Hidden gem cities for a peaceful holiday"
            ],
            "iteration": 0,
            "retrieved_lists": [
                [
                    "347",
                    "283",
                    "199",
                    "409",
                    "346",
                    "332",
                    "93",
                    "497",
                    "61",
                    "226"
                ]
            ],
            "all_sim_scores": [
                [
                    0.40463951230049133,
                    0.38999301195144653,
                    0.384094774723053,
                    0.3828010559082031,
                    0.3633916676044464,
                    0.36158108711242676,
                    0.36027011275291443,
                    0.3593176007270813,
                    0.35742998123168945,
                    0.35268259048461914
                ]
            ],
            "last_action_method": "return_last_retrieved_list",
            "curr_top_k_docIDs": [
                "347",
                "283",
                "199",
                "409",
                "346",
                "332",
                "93",
                "497",
                "61",
                "226"
            ],
            "terminate": true
        }
    ]
}