{
    "queries": [
        "mini-split air conditioner heater"
    ],
    "iteration": 0,
    "retrieved_lists": [
        [
            "441351",
            "406099",
            "1291304",
            "211232",
            "327471",
            "490335",
            "337490",
            "1117793",
            "762746",
            "1426193"
        ]
    ],
    "all_sim_scores": [
        [
            0.7745273113250732,
            0.7731518149375916,
            0.7501929998397827,
            0.7457226514816284,
            0.7393616437911987,
            0.7374756932258606,
            0.7317973375320435,
            0.7261146903038025,
            0.7238117456436157,
            0.7217596173286438
        ]
    ],
    "last_action_method": "return_last_retrieved_list",
    "curr_top_k_docIDs": [
        "441351",
        "406099",
        "1291304",
        "211232",
        "327471",
        "490335",
        "337490",
        "1117793",
        "762746",
        "1426193"
    ],
    "terminate": true,
    "state_history": [
        {
            "queries": [
                "mini-split air conditioner heater"
            ],
            "iteration": 0
        },
        {
            "queries": [
                "mini-split air conditioner heater"
            ],
            "iteration": 0,
            "retrieved_lists": [
                [
                    "441351",
                    "406099",
                    "1291304",
                    "211232",
                    "327471",
                    "490335",
                    "337490",
                    "1117793",
                    "762746",
                    "1426193"
                ]
            ],
            "all_sim_scores": [
                [
                    0.7745273113250732,
                    0.7731518149375916,
                    0.7501929998397827,
                    0.7457226514816284,
                    0.7393616437911987,
                    0.7374756932258606,
                    0.7317973375320435,
                    0.7261146903038025,
                    0.7238117456436157,
                    0.7217596173286438
                ]
            ],
            "last_action_method": "rank"
        },
        {
            "queries": [
                "mini-split air conditioner heater"
            ],
            "iteration": 0,
            "retrieved_lists": [
                [
                    "441351",
                    "406099",
                    "1291304",
                    "211232",
                    "327471",
                    "490335",
                    "337490",
                    "1117793",
                    "762746",
                    "1426193"
                ]
            ],
            "all_sim_scores": [
                [
                    0.7745273113250732,
                    0.7731518149375916,
                    0.7501929998397827,
                    0.7457226514816284,
                    0.7393616437911987,
                    0.7374756932258606,
                    0.7317973375320435,
                    0.7261146903038025,
                    0.7238117456436157,
                    0.7217596173286438
                ]
            ],
            "last_action_method": "return_last_retrieved_list",
            "curr_top_k_docIDs": [
                "441351",
                "406099",
                "1291304",
                "211232",
                "327471",
                "490335",
                "337490",
                "1117793",
                "762746",
                "1426193"
            ],
            "terminate": true
        }
    ]
}