{
    "queries": [
        "when was son of a preacher man released"
    ],
    "iteration": 0,
    "retrieved_lists": [
        [
            "doc61715",
            "doc554953",
            "doc244396",
            "doc1030893",
            "doc2249985",
            "doc572868",
            "doc613846",
            "doc2633243",
            "doc2216171",
            "doc432862",
            "doc1396731",
            "doc1760863",
            "doc82529",
            "doc1183903",
            "doc1854584",
            "doc572216",
            "doc1423526",
            "doc2631895",
            "doc1812857",
            "doc2566539",
            "doc2164954",
            "doc1881624",
            "doc1622898",
            "doc44915",
            "doc1041405",
            "doc1523137",
            "doc2000102",
            "doc2680113",
            "doc138476",
            "doc615843",
            "doc2507917",
            "doc189614",
            "doc33948",
            "doc1939943",
            "doc1564250",
            "doc1283004",
            "doc1580572",
            "doc1387301",
            "doc463677",
            "doc602786",
            "doc691368",
            "doc1216318",
            "doc2309369",
            "doc1149447",
            "doc2542472",
            "doc2416584",
            "doc1787919",
            "doc2385549",
            "doc1646946",
            "doc2633794",
            "doc1778754",
            "doc2110386",
            "doc2266568",
            "doc295540",
            "doc1601456",
            "doc960728",
            "doc1786761",
            "doc991045",
            "doc71091",
            "doc7906"
        ]
    ],
    "all_sim_scores": [
        [
            0.6991145610809326,
            0.4452434778213501,
            0.4068238139152527,
            0.3766700029373169,
            0.37586379051208496,
            0.3576393723487854,
            0.34206053614616394,
            0.33414438366889954,
            0.33088481426239014,
            0.31078100204467773,
            0.308869332075119,
            0.3079470098018646,
            0.3006554841995239,
            0.2985711395740509,
            0.2967309057712555,
            0.29581117630004883,
            0.2872581481933594,
            0.2816065549850464,
            0.2813596725463867,
            0.28052517771720886,
            0.280314564704895,
            0.2785467505455017,
            0.27815181016921997,
            0.2778753638267517,
            0.2771994173526764,
            0.27635306119918823,
            0.2763095498085022,
            0.27494940161705017,
            0.27354949712753296,
            0.27215346693992615,
            0.27205246686935425,
            0.27123916149139404,
            0.2687537670135498,
            0.26794150471687317,
            0.26719358563423157,
            0.2668994963169098,
            0.2668338119983673,
            0.26663076877593994,
            0.26484841108322144,
            0.26445120573043823,
            0.2638133764266968,
            0.2633419334888458,
            0.26280295848846436,
            0.2623210549354553,
            0.26205313205718994,
            0.260672390460968,
            0.2571955919265747,
            0.2567495107650757,
            0.25648409128189087,
            0.25635355710983276,
            0.2562427222728729,
            0.25611335039138794,
            0.25598132610321045,
            0.2554696202278137,
            0.2550874650478363,
            0.25491321086883545,
            0.2539694011211395,
            0.25377458333969116,
            0.2534135580062866,
            0.2521863579750061
        ]
    ],
    "last_action_method": "return_last_retrieved_list",
    "curr_top_k_docIDs": [
        "doc61715",
        "doc554953",
        "doc244396",
        "doc1030893",
        "doc2249985",
        "doc572868",
        "doc613846",
        "doc2633243",
        "doc2216171",
        "doc432862",
        "doc1396731",
        "doc1760863",
        "doc82529",
        "doc1183903",
        "doc1854584",
        "doc572216",
        "doc1423526",
        "doc2631895",
        "doc1812857",
        "doc2566539",
        "doc2164954",
        "doc1881624",
        "doc1622898",
        "doc44915",
        "doc1041405",
        "doc1523137",
        "doc2000102",
        "doc2680113",
        "doc138476",
        "doc615843",
        "doc2507917",
        "doc189614",
        "doc33948",
        "doc1939943",
        "doc1564250",
        "doc1283004",
        "doc1580572",
        "doc1387301",
        "doc463677",
        "doc602786",
        "doc691368",
        "doc1216318",
        "doc2309369",
        "doc1149447",
        "doc2542472",
        "doc2416584",
        "doc1787919",
        "doc2385549",
        "doc1646946",
        "doc2633794",
        "doc1778754",
        "doc2110386",
        "doc2266568",
        "doc295540",
        "doc1601456",
        "doc960728",
        "doc1786761",
        "doc991045",
        "doc71091",
        "doc7906"
    ],
    "terminate": true,
    "state_history": [
        {
            "queries": [
                "when was son of a preacher man released"
            ],
            "iteration": 0
        },
        {
            "queries": [
                "when was son of a preacher man released"
            ],
            "iteration": 0,
            "retrieved_lists": [
                [
                    "doc61715",
                    "doc554953",
                    "doc244396",
                    "doc1030893",
                    "doc2249985",
                    "doc572868",
                    "doc613846",
                    "doc2633243",
                    "doc2216171",
                    "doc432862",
                    "doc1396731",
                    "doc1760863",
                    "doc82529",
                    "doc1183903",
                    "doc1854584",
                    "doc572216",
                    "doc1423526",
                    "doc2631895",
                    "doc1812857",
                    "doc2566539",
                    "doc2164954",
                    "doc1881624",
                    "doc1622898",
                    "doc44915",
                    "doc1041405",
                    "doc1523137",
                    "doc2000102",
                    "doc2680113",
                    "doc138476",
                    "doc615843",
                    "doc2507917",
                    "doc189614",
                    "doc33948",
                    "doc1939943",
                    "doc1564250",
                    "doc1283004",
                    "doc1580572",
                    "doc1387301",
                    "doc463677",
                    "doc602786",
                    "doc691368",
                    "doc1216318",
                    "doc2309369",
                    "doc1149447",
                    "doc2542472",
                    "doc2416584",
                    "doc1787919",
                    "doc2385549",
                    "doc1646946",
                    "doc2633794",
                    "doc1778754",
                    "doc2110386",
                    "doc2266568",
                    "doc295540",
                    "doc1601456",
                    "doc960728",
                    "doc1786761",
                    "doc991045",
                    "doc71091",
                    "doc7906"
                ]
            ],