{
    "queries": [
        "Leading tech hub cities"
    ],
    "iteration": 0,
    "retrieved_lists": [
        [
            "400",
            "401",
            "251",
            "105",
            "352",
            "109",
            "120",
            "119",
            "43",
            "385",
            "320",
            "432",
            "52",
            "74",
            "492",
            "187",
            "121",
            "516",
            "423",
            "46",
            "349",
            "371",
            "78",
            "392",
            "71",
            "15",
            "328",
            "44",
            "478",
            "180",
            "201",
            "300",
            "308",
            "13",
            "565",
            "408",
            "168",
            "222",
            "49",
            "343",
            "111",
            "51",
            "365",
            "399",
            "378",
            "204",
            "286",
            "542",
            "198",
            "141",
            "425",
            "125",
            "240",
            "157",
            "122",
            "237",
            "77",
            "537",
            "486",
            "560"
        ]
    ],
    "all_sim_scores": [
        [
            0.6844599843025208,
            0.6801795959472656,
            0.6619842648506165,
            0.6594584584236145,
            0.6590887904167175,
            0.6516578197479248,
            0.6515474915504456,
            0.6496663093566895,
            0.649412214756012,
            0.6477396488189697,
            0.6476832628250122,
            0.6467833518981934,
            0.6441524624824524,
            0.6425397396087646,
            0.642024040222168,
            0.6407334804534912,
            0.6388843059539795,
            0.636481523513794,
            0.6361861228942871,
            0.6337575316429138,
            0.6334763765335083,
            0.6218040585517883,
            0.6200897693634033,
            0.6192888021469116,
            0.6186321973800659,
            0.6184903383255005,
            0.6175110936164856,
            0.6172254681587219,
            0.6168533563613892,
            0.6145070195198059,
            0.6144444942474365,
            0.6134382486343384,
            0.6125238537788391,
            0.6122995615005493,
            0.6122514605522156,
            0.6121903657913208,
            0.6098682880401611,
            0.6096253991127014,
            0.6076469421386719,
            0.6072896122932434,
            0.6065759658813477,
            0.6065556406974792,
            0.605394184589386,
            0.6036462783813477,
            0.6031184792518616,
            0.6013246774673462,
            0.599399209022522,
            0.5992634892463684,
            0.5988009572029114,
            0.5986279249191284,
            0.5982825756072998,
            0.5979329347610474,
            0.5970804691314697,
            0.5963914394378662,
            0.596347987651825,
            0.5956354737281799,
            0.594973087310791,
            0.5947542190551758,
            0.5930073857307434,
            0.5925919413566589
        ]
    ],
    "last_action_method": "return_last_retrieved_list",
    "curr_top_k_docIDs": [
        "400",
        "401",
        "251",
        "105",
        "352",
        "109",
        "120",
        "119",
        "43",
        "385",
        "320",
        "432",
        "52",
        "74",
        "492",
        "187",
        "121",
        "516",
        "423",
        "46",
        "349",
        "371",
        "78",
        "392",
        "71",
        "15",
        "328",
        "44",
        "478",
        "180",
        "201",
        "300",
        "308",
        "13",
        "565",
        "408",
        "168",
        "222",
        "49",
        "343",
        "111",
        "51",
        "365",
        "399",
        "378",
        "204",
        "286",
        "542",
        "198",
        "141",
        "425",
        "125",
        "240",
        "157",
        "122",
        "237",
        "77",
        "537",
        "486",
        "560"
    ],
    "terminate": true,
    "state_history": [
        {
            "queries": [
                "Leading tech hub cities"
            ],
            "iteration": 0
        },
        {
            "queries": [
                "Leading tech hub cities"
            ],
            "iteration": 0,
            "retrieved_lists": [
                [
                    "400",
                    "401",
                    "251",
                    "105",
                    "352",
                    "109",
                    "120",
                    "119",
                    "43",
                    "385",
                    "320",
                    "432",
                    "52",
                    "74",
                    "492",
                    "187",
                    "121",
                    "516",
                    "423",
                    "46",
                    "349",
                    "371",
                    "78",
                    "392",
                    "71",
                    "15",
                    "328",
                    "44",
                    "478",
                    "180",
                    "201",
                    "300",
                    "308",
                    "13",
                    "565",
                    "408",
                    "168",
                    "222",
                    "49",
                    "343",
                    "111",
                    "51",
                    "365",
                    "399",
                    "378",
                    "204",
                    "286",
                    "542",
                    "198",
                    "141",
                    "425",
                    "125",
                    "240",
                    "157",
                    "122",
                    "237",
                    "77",
                    "537",
                    "486",
                    "560"
                ]
            ],