{
    "queries": [
        "Top cities for adventure seekers"
    ],
    "iteration": 0,
    "retrieved_lists": [
        [
            "497",
            "199",
            "347",
            "92",
            "320",
            "283",
            "237",
            "343",
            "329",
            "369",
            "22",
            "142",
            "107",
            "188",
            "392",
            "346",
            "543",
            "330",
            "226",
            "368",
            "96",
            "321",
            "44",
            "152",
            "415",
            "99",
            "249",
            "82",
            "61",
            "338",
            "457",
            "42",
            "145",
            "319",
            "34",
            "418",
            "110",
            "127",
            "413",
            "345",
            "233",
            "520",
            "227",
            "277",
            "15",
            "105",
            "59",
            "490",
            "425",
            "409",
            "342",
            "382",
            "280",
            "438",
            "310",
            "303",
            "125",
            "93",
            "316",
            "428"
        ]
    ],
    "all_sim_scores": [
        [
            0.5423918962478638,
            0.4183706045150757,
            0.4147929847240448,
            0.41239771246910095,
            0.404401957988739,
            0.39482492208480835,
            0.38707610964775085,
            0.38545820116996765,
            0.3824444115161896,
            0.3817210793495178,
            0.379302442073822,
            0.3786851167678833,
            0.3779829740524292,
            0.3733478784561157,
            0.3678642511367798,
            0.36692190170288086,
            0.36683642864227295,
            0.36600396037101746,
            0.3658350706100464,
            0.3591163456439972,
            0.3570767343044281,
            0.3564998209476471,
            0.35420504212379456,
            0.35325345396995544,
            0.3532344698905945,
            0.3531770706176758,
            0.35179442167282104,
            0.3511911630630493,
            0.3498748540878296,
            0.3492920398712158,
            0.3468318581581116,
            0.3467731475830078,
            0.34537142515182495,
            0.3446308374404907,
            0.34376978874206543,
            0.34329891204833984,
            0.3420476019382477,
            0.3400251269340515,
            0.3399219214916229,
            0.3373142182826996,
            0.3371508717536926,
            0.3369928002357483,
            0.3358144760131836,
            0.33532118797302246,
            0.33522140979766846,
            0.3349139094352722,
            0.3333182632923126,
            0.3329750895500183,
            0.33218619227409363,
            0.3320809006690979,
            0.33199912309646606,
            0.3318987488746643,
            0.3295292258262634,
            0.3281989097595215,
            0.32784730195999146,
            0.3274107873439789,
            0.3261403441429138,
            0.3259449601173401,
            0.3245393931865692,
            0.32444486021995544
        ]
    ],
    "last_action_method": "return_last_retrieved_list",
    "curr_top_k_docIDs": [
        "497",
        "199",
        "347",
        "92",
        "320",
        "283",
        "237",
        "343",
        "329",
        "369",
        "22",
        "142",
        "107",
        "188",
        "392",
        "346",
        "543",
        "330",
        "226",
        "368",
        "96",
        "321",
        "44",
        "152",
        "415",
        "99",
        "249",
        "82",
        "61",
        "338",
        "457",
        "42",
        "145",
        "319",
        "34",
        "418",
        "110",
        "127",
        "413",
        "345",
        "233",
        "520",
        "227",
        "277",
        "15",
        "105",
        "59",
        "490",
        "425",
        "409",
        "342",
        "382",
        "280",
        "438",
        "310",
        "303",
        "125",
        "93",
        "316",
        "428"
    ],
    "terminate": true,
    "state_history": [
        {
            "queries": [
                "Top cities for adventure seekers"
            ],
            "iteration": 0
        },
        {
            "queries": [
                "Top cities for adventure seekers"
            ],
            "iteration": 0,
            "retrieved_lists": [
                [
                    "497",
                    "199",
                    "347",
                    "92",
                    "320",
                    "283",
                    "237",
                    "343",
                    "329",
                    "369",
                    "22",
                    "142",
                    "107",
                    "188",
                    "392",
                    "346",
                    "543",
                    "330",
                    "226",
                    "368",
                    "96",
                    "321",
                    "44",
                    "152",
                    "415",
                    "99",
                    "249",
                    "82",
                    "61",
                    "338",
                    "457",
                    "42",
                    "145",
                    "319",
                    "34",
                    "418",
                    "110",
                    "127",
                    "413",
                    "345",
                    "233",
                    "520",
                    "227",
                    "277",
                    "15",
                    "105",
                    "59",
                    "490",
                    "425",
                    "409",
                    "342",
                    "382",
                    "280",
                    "438",
                    "310",
                    "303",
                    "125",
                    "93",
                    "316",
                    "428"
                ]
            ],