{
    "queries": [
        "Budget friendly cities for travelers"
    ],
    "iteration": 0,
    "retrieved_lists": [
        [
            "497",
            "320",
            "338",
            "283",
            "63",
            "343",
            "199",
            "70",
            "92",
            "249",
            "450",
            "251",
            "409",
            "295",
            "233",
            "339",
            "22",
            "380",
            "61",
            "96",
            "520",
            "116",
            "121",
            "204",
            "180",
            "400",
            "368",
            "490",
            "325",
            "1",
            "168",
            "205",
            "347",
            "428",
            "131",
            "356",
            "245",
            "74",
            "334",
            "413",
            "153",
            "392",
            "427",
            "42",
            "93",
            "425",
            "178",
            "330",
            "125",
            "227",
            "105",
            "376",
            "18",
            "543",
            "193",
            "177",
            "332",
            "530",
            "138",
            "255"
        ]
    ],
    "all_sim_scores": [
        [
            0.38752761483192444,
            0.3730164170265198,
            0.35879138112068176,
            0.35665860772132874,
            0.3397067189216614,
            0.3309442400932312,
            0.32831981778144836,
            0.32751384377479553,
            0.32251498103141785,
            0.31940126419067383,
            0.31735092401504517,
            0.31526172161102295,
            0.315049409866333,
            0.31403738260269165,
            0.31281065940856934,
            0.3110021650791168,
            0.3098483085632324,
            0.30935418605804443,
            0.30799466371536255,
            0.30512815713882446,
            0.3046853244304657,
            0.3041267395019531,
            0.3017265200614929,
            0.3006291687488556,
            0.30042603611946106,
            0.2998451590538025,
            0.2986210584640503,
            0.29811275005340576,
            0.29665738344192505,
            0.29334789514541626,
            0.29309043288230896,
            0.2922484278678894,
            0.2911168038845062,
            0.29051104187965393,
            0.2891865372657776,
            0.28807175159454346,
            0.2878745198249817,
            0.28750401735305786,
            0.2868463397026062,
            0.28590676188468933,
            0.2851577401161194,
            0.2848694920539856,
            0.2842646837234497,
            0.2830975651741028,
            0.28309300541877747,
            0.28207719326019287,
            0.28204500675201416,
            0.28131115436553955,
            0.28006958961486816,
            0.2797330915927887,
            0.27967098355293274,
            0.27961450815200806,
            0.2788737714290619,
            0.278827428817749,
            0.2781991958618164,
            0.2771216630935669,
            0.27603214979171753,
            0.2756960988044739,
            0.2756582498550415,
            0.2753791809082031
        ]
    ],
    "last_action_method": "return_last_retrieved_list",
    "curr_top_k_docIDs": [
        "497",
        "320",
        "338",
        "283",
        "63",
        "343",
        "199",
        "70",
        "92",
        "249",
        "450",
        "251",
        "409",
        "295",
        "233",
        "339",
        "22",
        "380",
        "61",
        "96",
        "520",
        "116",
        "121",
        "204",
        "180",
        "400",
        "368",
        "490",
        "325",
        "1",
        "168",
        "205",
        "347",
        "428",
        "131",
        "356",
        "245",
        "74",
        "334",
        "413",
        "153",
        "392",
        "427",
        "42",
        "93",
        "425",
        "178",
        "330",
        "125",
        "227",
        "105",
        "376",
        "18",
        "543",
        "193",
        "177",
        "332",
        "530",
        "138",
        "255"
    ],
    "terminate": true,
    "state_history": [
        {
            "queries": [
                "Budget friendly cities for travelers"
            ],
            "iteration": 0
        },
        {
            "queries": [
                "Budget friendly cities for travelers"
            ],
            "iteration": 0,
            "retrieved_lists": [
                [
                    "497",
                    "320",
                    "338",
                    "283",
                    "63",
                    "343",
                    "199",
                    "70",
                    "92",
                    "249",
                    "450",
                    "251",
                    "409",
                    "295",
                    "233",
                    "339",
                    "22",
                    "380",
                    "61",
                    "96",
                    "520",
                    "116",
                    "121",
                    "204",
                    "180",
                    "400",
                    "368",
                    "490",
                    "325",
                    "1",
                    "168",
                    "205",
                    "347",
                    "428",
                    "131",
                    "356",
                    "245",
                    "74",
                    "334",
                    "413",
                    "153",
                    "392",
                    "427",
                    "42",
                    "93",
                    "425",
                    "178",
                    "330",
                    "125",
                    "227",
                    "105",
                    "376",
                    "18",
                    "543",
                    "193",
                    "177",
                    "332",
                    "530",
                    "138",
                    "255"
                ]
            ],