{
    "queries": [
        "Cleanest cities to visit"
    ],
    "iteration": 0,
    "retrieved_lists": [
        [
            "520",
            "111",
            "320",
            "22",
            "560",
            "168",
            "332",
            "492",
            "283",
            "231"
        ]
    ],
    "all_sim_scores": [
        [
            0.616868793964386,
            0.5985847115516663,
            0.5918339490890503,
            0.5878734588623047,
            0.5834420919418335,
            0.5782896280288696,
            0.5761477947235107,
            0.5753791332244873,
            0.5741091966629028,
            0.5732827186584473
        ]
    ],
    "last_action_method": "return_last_retrieved_list",
    "curr_top_k_docIDs": [
        "520",
        "111",
        "320",
        "22",
        "560",
        "168",
        "332",
        "492",
        "283",
        "231"
    ],
    "terminate": true,
    "state_history": [
        {
            "queries": [
                "Cleanest cities to visit"
            ],
            "iteration": 0
        },
        {
            "queries": [
                "Cleanest cities to visit"
            ],
            "iteration": 0,
            "retrieved_lists": [
                [
                    "520",
                    "111",
                    "320",
                    "22",
                    "560",
                    "168",
                    "332",
                    "492",
                    "283",
                    "231"
                ]
            ],
            "all_sim_scores": [
                [
                    0.616868793964386,
                    0.5985847115516663,
                    0.5918339490890503,
                    0.5878734588623047,
                    0.5834420919418335,
                    0.5782896280288696,
                    0.5761477947235107,
                    0.5753791332244873,
                    0.5741091966629028,
                    0.5732827186584473
                ]
            ],
            "last_action_method": "rank"
        },
        {
            "queries": [
                "Cleanest cities to visit"
            ],
            "iteration": 0,
            "retrieved_lists": [
                [
                    "520",
                    "111",
                    "320",
                    "22",
                    "560",
                    "168",
                    "332",
                    "492",
                    "283",
                    "231"
                ]
            ],
            "all_sim_scores": [
                [
                    0.616868793964386,
                    0.5985847115516663,
                    0.5918339490890503,
                    0.5878734588623047,
                    0.5834420919418335,
                    0.5782896280288696,
                    0.5761477947235107,
                    0.5753791332244873,
                    0.5741091966629028,
                    0.5732827186584473
                ]
            ],
            "last_action_method": "return_last_retrieved_list",
            "curr_top_k_docIDs": [
                "520",
                "111",
                "320",
                "22",
                "560",
                "168",
                "332",
                "492",
                "283",
                "231"
            ],
            "terminate": true
        }
    ]
}