{
    "queries": [
        "Cities for sports enthusiasts"
    ],
    "iteration": 0,
    "retrieved_lists": [
        [
            "120",
            "251",
            "109",
            "352",
            "187",
            "492",
            "349",
            "328",
            "201",
            "43",
            "74",
            "204",
            "121",
            "252",
            "423",
            "371",
            "141",
            "320",
            "330",
            "71",
            "237",
            "392",
            "401",
            "105",
            "89",
            "284",
            "343",
            "516",
            "16",
            "542",
            "100",
            "157",
            "378",
            "331",
            "95",
            "122",
            "399",
            "265",
            "51",
            "297",
            "119",
            "532",
            "67",
            "468",
            "539",
            "168",
            "180",
            "307",
            "385",
            "368",
            "44",
            "78",
            "286",
            "400",
            "338",
            "323",
            "452",
            "280",
            "132",
            "46"
        ]
    ],
    "all_sim_scores": [
        [
            0.6693459749221802,
            0.6640487313270569,
            0.6596876382827759,
            0.6495650410652161,
            0.6478228569030762,
            0.646390974521637,
            0.6391763091087341,
            0.638177752494812,
            0.6360464096069336,
            0.6354997158050537,
            0.6312602758407593,
            0.6309733986854553,
            0.6291404366493225,
            0.6267913579940796,
            0.626186728477478,
            0.6260831356048584,
            0.6252326369285583,
            0.623416543006897,
            0.6227606534957886,
            0.6218563318252563,
            0.6201005578041077,
            0.6199503540992737,
            0.6178523302078247,
            0.6167612075805664,
            0.6163375377655029,
            0.6156277656555176,
            0.6146319508552551,
            0.6144235134124756,
            0.6108958125114441,
            0.6102432012557983,
            0.6082502007484436,
            0.6078634262084961,
            0.6059854030609131,
            0.6059748530387878,
            0.6055644154548645,
            0.6054308414459229,
            0.6049675941467285,
            0.6042689085006714,
            0.6038116216659546,
            0.6030575037002563,
            0.6026915311813354,
            0.6025789976119995,
            0.6023042798042297,
            0.6004389524459839,
            0.5994230508804321,
            0.5994168519973755,
            0.5993096828460693,
            0.5989513993263245,
            0.5988619327545166,
            0.5983953475952148,
            0.5978671312332153,
            0.5973566770553589,
            0.5958347916603088,
            0.5957237482070923,
            0.5953854322433472,
            0.593924880027771,
            0.5924108028411865,
            0.5909305810928345,
            0.589827299118042,
            0.589824914932251
        ]
    ],
    "last_action_method": "return_last_retrieved_list",
    "curr_top_k_docIDs": [
        "120",
        "251",
        "109",
        "352",
        "187",
        "492",
        "349",
        "328",
        "201",
        "43",
        "74",
        "204",
        "121",
        "252",
        "423",
        "371",
        "141",
        "320",
        "330",
        "71",
        "237",
        "392",
        "401",
        "105",
        "89",
        "284",
        "343",
        "516",
        "16",
        "542",
        "100",
        "157",
        "378",
        "331",
        "95",
        "122",
        "399",
        "265",
        "51",
        "297",
        "119",
        "532",
        "67",
        "468",
        "539",
        "168",
        "180",
        "307",
        "385",
        "368",
        "44",
        "78",
        "286",
        "400",
        "338",
        "323",
        "452",
        "280",
        "132",
        "46"
    ],
    "terminate": true,
    "state_history": [
        {
            "queries": [
                "Cities for sports enthusiasts"
            ],
            "iteration": 0
        },
        {
            "queries": [
                "Cities for sports enthusiasts"
            ],
            "iteration": 0,
            "retrieved_lists": [
                [
                    "120",
                    "251",
                    "109",
                    "352",
                    "187",
                    "492",
                    "349",
                    "328",
                    "201",
                    "43",
                    "74",
                    "204",
                    "121",
                    "252",
                    "423",
                    "371",
                    "141",
                    "320",
                    "330",
                    "71",
                    "237",
                    "392",
                    "401",
                    "105",
                    "89",
                    "284",
                    "343",
                    "516",
                    "16",
                    "542",
                    "100",
                    "157",
                    "378",
                    "331",
                    "95",
                    "122",
                    "399",
                    "265",
                    "51",
                    "297",
                    "119",
                    "532",
                    "67",
                    "468",
                    "539",
                    "168",
                    "180",
                    "307",
                    "385",
                    "368",
                    "44",
                    "78",
                    "286",
                    "400",
                    "338",
                    "323",
                    "452",
                    "280",
                    "132",
                    "46"
                ]
            ],