{
    "queries": [
        "Spectacular coastal cities"
    ],
    "iteration": 0,
    "retrieved_lists": [
        [
            "338",
            "520",
            "392",
            "340",
            "303",
            "92",
            "368",
            "399",
            "1",
            "400",
            "314",
            "156",
            "199",
            "319",
            "293",
            "283",
            "539",
            "427",
            "398",
            "467",
            "153",
            "277",
            "96",
            "468",
            "179",
            "497",
            "543",
            "178",
            "147",
            "342",
            "124",
            "403",
            "116",
            "294",
            "334",
            "401",
            "498",
            "350",
            "141",
            "270",
            "481",
            "58",
            "457",
            "138",
            "336",
            "177",
            "408",
            "100",
            "251",
            "321",
            "180",
            "61",
            "233",
            "343",
            "315",
            "18",
            "99",
            "348",
            "257",
            "490"
        ]
    ],
    "all_sim_scores": [
        [
            0.5056756734848022,
            0.48917341232299805,
            0.4784693121910095,
            0.47469767928123474,
            0.46940284967422485,
            0.46806058287620544,
            0.4531710743904114,
            0.4505873918533325,
            0.4486936628818512,
            0.44821542501449585,
            0.4467317461967468,
            0.44450247287750244,
            0.438635915517807,
            0.4334692358970642,
            0.432687371969223,
            0.4322585165500641,
            0.4316863417625427,
            0.430649071931839,
            0.4280116856098175,
            0.4273952543735504,
            0.4182485044002533,
            0.413742333650589,
            0.4027702212333679,
            0.402023047208786,
            0.40175509452819824,
            0.4006109833717346,
            0.400229275226593,
            0.39954107999801636,
            0.39889609813690186,
            0.3956143260002136,
            0.3914869725704193,
            0.3900975286960602,
            0.38848328590393066,
            0.3863903880119324,
            0.38534367084503174,
            0.3837073743343353,
            0.383231520652771,
            0.38281944394111633,
            0.38259685039520264,
            0.38135260343551636,
            0.3813279867172241,
            0.3809904456138611,
            0.3809205889701843,
            0.3794201612472534,
            0.3785820007324219,
            0.37857893109321594,
            0.37734052538871765,
            0.37571895122528076,
            0.37451428174972534,
            0.37349599599838257,
            0.37338757514953613,
            0.37315648794174194,
            0.3726709485054016,
            0.37219586968421936,
            0.3692874014377594,
            0.36865904927253723,
            0.3686031103134155,
            0.36738723516464233,
            0.3671712875366211,
            0.3670484125614166
        ]
    ],
    "last_action_method": "return_last_retrieved_list",
    "curr_top_k_docIDs": [
        "338",
        "520",
        "392",
        "340",
        "303",
        "92",
        "368",
        "399",
        "1",
        "400",
        "314",
        "156",
        "199",
        "319",
        "293",
        "283",
        "539",
        "427",
        "398",
        "467",
        "153",
        "277",
        "96",
        "468",
        "179",
        "497",
        "543",
        "178",
        "147",
        "342",
        "124",
        "403",
        "116",
        "294",
        "334",
        "401",
        "498",
        "350",
        "141",
        "270",
        "481",
        "58",
        "457",
        "138",
        "336",
        "177",
        "408",
        "100",
        "251",
        "321",
        "180",
        "61",
        "233",
        "343",
        "315",
        "18",
        "99",
        "348",
        "257",
        "490"
    ],
    "terminate": true,
    "state_history": [
        {
            "queries": [
                "Spectacular coastal cities"
            ],
            "iteration": 0
        },
        {
            "queries": [
                "Spectacular coastal cities"
            ],
            "iteration": 0,
            "retrieved_lists": [
                [
                    "338",
                    "520",
                    "392",
                    "340",
                    "303",
                    "92",
                    "368",
                    "399",
                    "1",
                    "400",
                    "314",
                    "156",
                    "199",
                    "319",
                    "293",
                    "283",
                    "539",
                    "427",
                    "398",
                    "467",
                    "153",
                    "277",
                    "96",
                    "468",
                    "179",
                    "497",
                    "543",
                    "178",
                    "147",
                    "342",
                    "124",
                    "403",
                    "116",
                    "294",
                    "334",
                    "401",
                    "498",
                    "350",
                    "141",
                    "270",
                    "481",
                    "58",
                    "457",
                    "138",
                    "336",
                    "177",
                    "408",
                    "100",
                    "251",
                    "321",
                    "180",
                    "61",
                    "233",
                    "343",
                    "315",
                    "18",
                    "99",
                    "348",
                    "257",
                    "490"
                ]
            ],