{
    "queries": [
        "hot wheel colossal crash track set"
    ],
    "iteration": 0,
    "retrieved_lists": [
        [
            "141883",
            "465033",
            "1224651",
            "1316495",
            "1433166",
            "1368984",
            "481193",
            "1541904",
            "864315",
            "408075"
        ]
    ],
    "all_sim_scores": [
        [
            0.8505434393882751,
            0.8201436996459961,
            0.8145386576652527,
            0.8039848804473877,
            0.8037564158439636,
            0.8009098172187805,
            0.7977473139762878,
            0.7896222472190857,
            0.7888708114624023,
            0.7859031558036804
        ]
    ],
    "last_action_method": "return_last_retrieved_list",
    "curr_top_k_docIDs": [
        "141883",
        "465033",
        "1224651",
        "1316495",
        "1433166",
        "1368984",
        "481193",
        "1541904",
        "864315",
        "408075"
    ],
    "terminate": true,
    "state_history": [
        {
            "queries": [
                "hot wheel colossal crash track set"
            ],
            "iteration": 0
        },
        {
            "queries": [
                "hot wheel colossal crash track set"
            ],
            "iteration": 0,
            "retrieved_lists": [
                [
                    "141883",
                    "465033",
                    "1224651",
                    "1316495",
                    "1433166",
                    "1368984",
                    "481193",
                    "1541904",
                    "864315",
                    "408075"
                ]
            ],
            "all_sim_scores": [
                [
                    0.8505434393882751,
                    0.8201436996459961,
                    0.8145386576652527,
                    0.8039848804473877,
                    0.8037564158439636,
                    0.8009098172187805,
                    0.7977473139762878,
                    0.7896222472190857,
                    0.7888708114624023,
                    0.7859031558036804
                ]
            ],
            "last_action_method": "rank"
        },
        {
            "queries": [
                "hot wheel colossal crash track set"
            ],
            "iteration": 0,
            "retrieved_lists": [
                [
                    "141883",
                    "465033",
                    "1224651",
                    "1316495",
                    "1433166",
                    "1368984",
                    "481193",
                    "1541904",
                    "864315",
                    "408075"
                ]
            ],
            "all_sim_scores": [
                [
                    0.8505434393882751,
                    0.8201436996459961,
                    0.8145386576652527,
                    0.8039848804473877,
                    0.8037564158439636,
                    0.8009098172187805,
                    0.7977473139762878,
                    0.7896222472190857,
                    0.7888708114624023,
                    0.7859031558036804
                ]
            ],
            "last_action_method": "return_last_retrieved_list",
            "curr_top_k_docIDs": [
                "141883",
                "465033",
                "1224651",
                "1316495",
                "1433166",
                "1368984",
                "481193",
                "1541904",
                "864315",
                "408075"
            ],
            "terminate": true
        }
    ]
}