{
    "queries": [
        "who is stillwater from almost famous based on"
    ],
    "iteration": 0,
    "retrieved_lists": [
        [
            "doc25521",
            "doc2595255",
            "doc1572373",
            "doc2101899",
            "doc817811",
            "doc95934",
            "doc2071054",
            "doc1761584",
            "doc94572",
            "doc2090057",
            "doc314771",
            "doc2639965",
            "doc1746861",
            "doc1183371",
            "doc896761",
            "doc672042",
            "doc2160865",
            "doc1783410",
            "doc5399",
            "doc2151845",
            "doc1236856",
            "doc1141657",
            "doc1559436",
            "doc2092748",
            "doc1280691",
            "doc902023",
            "doc2071124",
            "doc1173014",
            "doc1303049",
            "doc2216171",
            "doc782702",
            "doc1795728",
            "doc523429",
            "doc1210377",
            "doc2087772",
            "doc443744",
            "doc2242347",
            "doc604608",
            "doc1394556",
            "doc1941790",
            "doc2060261",
            "doc150135",
            "doc58462",
            "doc2348226",
            "doc883184",
            "doc29839",
            "doc1164621",
            "doc1675018",
            "doc1373042",
            "doc950602",
            "doc430883",
            "doc1041528",
            "doc2147062",
            "doc514163",
            "doc1661227",
            "doc1428861",
            "doc1123481",
            "doc1657760",
            "doc2632303",
            "doc438982"
        ]
    ],
    "all_sim_scores": [
        [
            0.4292411208152771,
            0.38751256465911865,
            0.3808797597885132,
            0.3779018223285675,
            0.37500685453414917,
            0.35403478145599365,
            0.3254736065864563,
            0.32231926918029785,
            0.3194468021392822,
            0.3180890679359436,
            0.3103853166103363,
            0.3081287145614624,
            0.30529582500457764,
            0.3042505383491516,
            0.3028579354286194,
            0.30147743225097656,
            0.29932883381843567,
            0.2993215024471283,
            0.2989954948425293,
            0.2972850799560547,
            0.295363187789917,
            0.29452264308929443,
            0.2943497896194458,
            0.28993338346481323,
            0.28756096959114075,
            0.2865355312824249,
            0.2860305607318878,
            0.2856375277042389,
            0.2854533791542053,
            0.2821010947227478,
            0.28206688165664673,
            0.2819441556930542,
            0.2815399765968323,
            0.2797509431838989,
            0.2797061800956726,
            0.2794783115386963,
            0.2792417109012604,
            0.2780131995677948,
            0.27783334255218506,
            0.2778220772743225,
            0.2770495116710663,
            0.2748439610004425,
            0.2733144164085388,
            0.2729272246360779,
            0.2729208469390869,
            0.2725239098072052,
            0.2711872458457947,
            0.26989296078681946,
            0.2698597311973572,
            0.2695527672767639,
            0.26913800835609436,
            0.26859796047210693,
            0.26592299342155457,
            0.26566553115844727,
            0.2652170658111572,
            0.2651394009590149,
            0.2649020552635193,
            0.2637733817100525,
            0.2630046308040619,
            0.26263847947120667
        ]
    ],
    "last_action_method": "return_last_retrieved_list",
    "curr_top_k_docIDs": [
        "doc25521",
        "doc2595255",
        "doc1572373",
        "doc2101899",
        "doc817811",
        "doc95934",
        "doc2071054",
        "doc1761584",
        "doc94572",
        "doc2090057",
        "doc314771",
        "doc2639965",
        "doc1746861",
        "doc1183371",
        "doc896761",
        "doc672042",
        "doc2160865",
        "doc1783410",
        "doc5399",
        "doc2151845",
        "doc1236856",
        "doc1141657",
        "doc1559436",
        "doc2092748",
        "doc1280691",
        "doc902023",
        "doc2071124",
        "doc1173014",
        "doc1303049",
        "doc2216171",
        "doc782702",
        "doc1795728",
        "doc523429",
        "doc1210377",
        "doc2087772",
        "doc443744",
        "doc2242347",
        "doc604608",
        "doc1394556",
        "doc1941790",
        "doc2060261",
        "doc150135",
        "doc58462",
        "doc2348226",
        "doc883184",
        "doc29839",
        "doc1164621",
        "doc1675018",
        "doc1373042",
        "doc950602",
        "doc430883",
        "doc1041528",
        "doc2147062",
        "doc514163",
        "doc1661227",
        "doc1428861",
        "doc1123481",
        "doc1657760",
        "doc2632303",
        "doc438982"
    ],
    "terminate": true,
    "state_history": [
        {
            "queries": [
                "who is stillwater from almost famous based on"
            ],
            "iteration": 0
        },
        {
            "queries": [
                "who is stillwater from almost famous based on"
            ],
            "iteration": 0,
            "retrieved_lists": [
                [
                    "doc25521",
                    "doc2595255",
                    "doc1572373",
                    "doc2101899",
                    "doc817811",
                    "doc95934",
                    "doc2071054",
                    "doc1761584",
                    "doc94572",
                    "doc2090057",
                    "doc314771",
                    "doc2639965",
                    "doc1746861",
                    "doc1183371",
                    "doc896761",
                    "doc672042",
                    "doc2160865",
                    "doc1783410",
                    "doc5399",
                    "doc2151845",
                    "doc1236856",
                    "doc1141657",
                    "doc1559436",
                    "doc2092748",
                    "doc1280691",
                    "doc902023",
                    "doc2071124",
                    "doc1173014",
                    "doc1303049",
                    "doc2216171",
                    "doc782702",
                    "doc1795728",
                    "doc523429",
                    "doc1210377",
                    "doc2087772",
                    "doc443744",
                    "doc2242347",
                    "doc604608",
                    "doc1394556",
                    "doc1941790",
                    "doc2060261",
                    "doc150135",
                    "doc58462",
                    "doc2348226",
                    "doc883184",
                    "doc29839",
                    "doc1164621",
                    "doc1675018",
                    "doc1373042",
                    "doc950602",
                    "doc430883",
                    "doc1041528",
                    "doc2147062",
                    "doc514163",
                    "doc1661227",
                    "doc1428861",
                    "doc1123481",
                    "doc1657760",
                    "doc2632303",
                    "doc438982"
                ]
            ],