{
    "queries": [
        "which gene segments code for the variable region of the heavy chain"
    ],
    "iteration": 0,
    "retrieved_lists": [
        [
            "doc6672",
            "doc6669",
            "doc2489121",
            "doc1316700",
            "doc1181933",
            "doc1885625",
            "doc479484",
            "doc2489120",
            "doc6679",
            "doc2242522",
            "doc631525",
            "doc1411037",
            "doc753720",
            "doc2041702",
            "doc2181501",
            "doc1885626",
            "doc2473570",
            "doc1568424",
            "doc1293803",
            "doc1841147",
            "doc104206",
            "doc56534",
            "doc898696",
            "doc1940873",
            "doc298634",
            "doc1338322",
            "doc56522",
            "doc1540262",
            "doc56985",
            "doc1825924",
            "doc101146",
            "doc2029265",
            "doc466017",
            "doc753723",
            "doc2015802",
            "doc1558078",
            "doc1985861",
            "doc1845830",
            "doc1366281",
            "doc2275294",
            "doc1920782",
            "doc1497434",
            "doc1779227",
            "doc2181476",
            "doc2289734",
            "doc1636652",
            "doc2674775",
            "doc2674057",
            "doc490541",
            "doc2309639",
            "doc1030195",
            "doc2345423",
            "doc665443",
            "doc2617864",
            "doc2345446",
            "doc593979",
            "doc631515",
            "doc1181932",
            "doc1561520",
            "doc1540284"
        ]
    ],
    "all_sim_scores": [
        [
            0.6434338092803955,
            0.6176718473434448,
            0.5192745923995972,
            0.4972549080848694,
            0.4828938841819763,
            0.4789242148399353,
            0.4748343825340271,
            0.4711584746837616,
            0.4679950475692749,
            0.46777665615081787,
            0.4641311764717102,
            0.4598427712917328,
            0.4442768692970276,
            0.44275468587875366,
            0.44151943922042847,
            0.4405001699924469,
            0.43790140748023987,
            0.437624454498291,
            0.43635672330856323,
            0.43327727913856506,
            0.4312053918838501,
            0.43115469813346863,
            0.4309534430503845,
            0.42402058839797974,
            0.42340999841690063,
            0.4225696325302124,
            0.4192834198474884,
            0.418887197971344,
            0.4150981307029724,
            0.4142210781574249,
            0.41375023126602173,
            0.41323381662368774,
            0.4126494526863098,
            0.41000470519065857,
            0.4084636867046356,
            0.4082351624965668,
            0.40545737743377686,
            0.4018014669418335,
            0.3979484736919403,
            0.39486581087112427,
            0.3947822153568268,
            0.3919885754585266,
            0.39109736680984497,
            0.388938844203949,
            0.38434961438179016,
            0.3840433657169342,
            0.38201841711997986,
            0.381755530834198,
            0.3811665177345276,
            0.379852831363678,
            0.37817928194999695,
            0.37755125761032104,
            0.376057505607605,
            0.3758646845817566,
            0.3758299946784973,
            0.37499523162841797,
            0.3731105923652649,
            0.37146252393722534,
            0.370050311088562,
            0.36967891454696655
        ]
    ],
    "last_action_method": "return_last_retrieved_list",
    "curr_top_k_docIDs": [
        "doc6672",
        "doc6669",
        "doc2489121",
        "doc1316700",
        "doc1181933",
        "doc1885625",
        "doc479484",
        "doc2489120",
        "doc6679",
        "doc2242522",
        "doc631525",
        "doc1411037",
        "doc753720",
        "doc2041702",
        "doc2181501",
        "doc1885626",
        "doc2473570",
        "doc1568424",
        "doc1293803",
        "doc1841147",
        "doc104206",
        "doc56534",
        "doc898696",
        "doc1940873",
        "doc298634",
        "doc1338322",
        "doc56522",
        "doc1540262",
        "doc56985",
        "doc1825924",
        "doc101146",
        "doc2029265",
        "doc466017",
        "doc753723",
        "doc2015802",
        "doc1558078",
        "doc1985861",
        "doc1845830",
        "doc1366281",
        "doc2275294",
        "doc1920782",
        "doc1497434",
        "doc1779227",
        "doc2181476",
        "doc2289734",
        "doc1636652",
        "doc2674775",
        "doc2674057",
        "doc490541",
        "doc2309639",
        "doc1030195",
        "doc2345423",
        "doc665443",
        "doc2617864",
        "doc2345446",
        "doc593979",
        "doc631515",
        "doc1181932",
        "doc1561520",
        "doc1540284"
    ],
    "terminate": true,
    "state_history": [
        {
            "queries": [
                "which gene segments code for the variable region of the heavy chain"
            ],
            "iteration": 0
        },
        {
            "queries": [
                "which gene segments code for the variable region of the heavy chain"
            ],
            "iteration": 0,
            "retrieved_lists": [
                [
                    "doc6672",
                    "doc6669",
                    "doc2489121",
                    "doc1316700",
                    "doc1181933",
                    "doc1885625",
                    "doc479484",
                    "doc2489120",
                    "doc6679",
                    "doc2242522",
                    "doc631525",
                    "doc1411037",
                    "doc753720",
                    "doc2041702",
                    "doc2181501",
                    "doc1885626",
                    "doc2473570",
                    "doc1568424",
                    "doc1293803",
                    "doc1841147",
                    "doc104206",
                    "doc56534",
                    "doc898696",
                    "doc1940873",
                    "doc298634",
                    "doc1338322",
                    "doc56522",
                    "doc1540262",
                    "doc56985",
                    "doc1825924",
                    "doc101146",
                    "doc2029265",
                    "doc466017",
                    "doc753723",
                    "doc2015802",
                    "doc1558078",
                    "doc1985861",
                    "doc1845830",
                    "doc1366281",
                    "doc2275294",
                    "doc1920782",
                    "doc1497434",
                    "doc1779227",
                    "doc2181476",
                    "doc2289734",
                    "doc1636652",
                    "doc2674775",
                    "doc2674057",
                    "doc490541",
                    "doc2309639",
                    "doc1030195",
                    "doc2345423",
                    "doc665443",
                    "doc2617864",
                    "doc2345446",
                    "doc593979",
                    "doc631515",
                    "doc1181932",
                    "doc1561520",
                    "doc1540284"
                ]
            ],