{
    "queries": [
        "where do the florida marlins have spring training"
    ],
    "iteration": 0,
    "retrieved_lists": [
        [
            "doc68744",
            "doc2243020",
            "doc1492331",
            "doc792610",
            "doc1186541",
            "doc2289177",
            "doc1496050",
            "doc849492",
            "doc2148554",
            "doc801905",
            "doc849501",
            "doc1478116",
            "doc259360",
            "doc681353",
            "doc2215322",
            "doc1412804",
            "doc293832",
            "doc1987797",
            "doc1927744",
            "doc612555",
            "doc2307146",
            "doc1131901",
            "doc1934873",
            "doc2184235",
            "doc556702",
            "doc2352557",
            "doc701541",
            "doc1131887",
            "doc515785",
            "doc1853537",
            "doc1461114",
            "doc1782703",
            "doc914520",
            "doc2283587",
            "doc1209433",
            "doc2471180",
            "doc1318330",
            "doc1130593",
            "doc998439",
            "doc742490",
            "doc36091",
            "doc1703263",
            "doc96350",
            "doc2538369",
            "doc1817422",
            "doc1734367",
            "doc2039803",
            "doc1404673",
            "doc1226381",
            "doc2185333",
            "doc1994339",
            "doc1087159",
            "doc1129847",
            "doc697513",
            "doc570692",
            "doc2511846",
            "doc2459151",
            "doc1268518",
            "doc534699",
            "doc394091"
        ]
    ],
    "all_sim_scores": [
        [
            0.701499342918396,
            0.5504418611526489,
            0.45055893063545227,
            0.42020052671432495,
            0.39785170555114746,
            0.39700785279273987,
            0.39657190442085266,
            0.38863086700439453,
            0.3817976117134094,
            0.37961727380752563,
            0.3782470226287842,
            0.37784168124198914,
            0.3740466237068176,
            0.3711756467819214,
            0.36868369579315186,
            0.3578300178050995,
            0.34257110953330994,
            0.3383517265319824,
            0.33641988039016724,
            0.33453071117401123,
            0.3338894844055176,
            0.32717645168304443,
            0.31933706998825073,
            0.31880512833595276,
            0.31597843766212463,
            0.31440991163253784,
            0.3110739290714264,
            0.3105001151561737,
            0.3098407983779907,
            0.3081349730491638,
            0.30423927307128906,
            0.3010857105255127,
            0.2963317036628723,
            0.29593443870544434,
            0.294073224067688,
            0.29012784361839294,
            0.2874206304550171,
            0.28466400504112244,
            0.2843457758426666,
            0.2802640199661255,
            0.2800157070159912,
            0.2799563407897949,
            0.27776867151260376,
            0.2769235372543335,
            0.27629196643829346,
            0.27562904357910156,
            0.2751785218715668,
            0.27464836835861206,
            0.27306774258613586,
            0.27258408069610596,
            0.2718387544155121,
            0.26802340149879456,
            0.26487332582473755,
            0.2645465135574341,
            0.2611634135246277,
            0.2597635090351105,
            0.2590974271297455,
            0.2587999701499939,
            0.2579885423183441,
            0.25705891847610474
        ]
    ],
    "last_action_method": "return_last_retrieved_list",
    "curr_top_k_docIDs": [
        "doc68744",
        "doc2243020",
        "doc1492331",
        "doc792610",
        "doc1186541",
        "doc2289177",
        "doc1496050",
        "doc849492",
        "doc2148554",
        "doc801905",
        "doc849501",
        "doc1478116",
        "doc259360",
        "doc681353",
        "doc2215322",
        "doc1412804",
        "doc293832",
        "doc1987797",
        "doc1927744",
        "doc612555",
        "doc2307146",
        "doc1131901",
        "doc1934873",
        "doc2184235",
        "doc556702",
        "doc2352557",
        "doc701541",
        "doc1131887",
        "doc515785",
        "doc1853537",
        "doc1461114",
        "doc1782703",
        "doc914520",
        "doc2283587",
        "doc1209433",
        "doc2471180",
        "doc1318330",
        "doc1130593",
        "doc998439",
        "doc742490",
        "doc36091",
        "doc1703263",
        "doc96350",
        "doc2538369",
        "doc1817422",
        "doc1734367",
        "doc2039803",
        "doc1404673",
        "doc1226381",
        "doc2185333",
        "doc1994339",
        "doc1087159",
        "doc1129847",
        "doc697513",
        "doc570692",
        "doc2511846",
        "doc2459151",
        "doc1268518",
        "doc534699",
        "doc394091"
    ],
    "terminate": true,
    "state_history": [
        {
            "queries": [
                "where do the florida marlins have spring training"
            ],
            "iteration": 0
        },
        {
            "queries": [
                "where do the florida marlins have spring training"
            ],
            "iteration": 0,
            "retrieved_lists": [
                [
                    "doc68744",
                    "doc2243020",
                    "doc1492331",
                    "doc792610",
                    "doc1186541",
                    "doc2289177",
                    "doc1496050",
                    "doc849492",
                    "doc2148554",
                    "doc801905",
                    "doc849501",
                    "doc1478116",
                    "doc259360",
                    "doc681353",
                    "doc2215322",
                    "doc1412804",
                    "doc293832",
                    "doc1987797",
                    "doc1927744",
                    "doc612555",
                    "doc2307146",
                    "doc1131901",
                    "doc1934873",
                    "doc2184235",
                    "doc556702",
                    "doc2352557",
                    "doc701541",
                    "doc1131887",
                    "doc515785",
                    "doc1853537",
                    "doc1461114",
                    "doc1782703",
                    "doc914520",
                    "doc2283587",
                    "doc1209433",
                    "doc2471180",
                    "doc1318330",
                    "doc1130593",
                    "doc998439",
                    "doc742490",
                    "doc36091",
                    "doc1703263",
                    "doc96350",
                    "doc2538369",
                    "doc1817422",
                    "doc1734367",
                    "doc2039803",
                    "doc1404673",
                    "doc1226381",
                    "doc2185333",
                    "doc1994339",
                    "doc1087159",
                    "doc1129847",
                    "doc697513",
                    "doc570692",
                    "doc2511846",
                    "doc2459151",
                    "doc1268518",
                    "doc534699",
                    "doc394091"
                ]
            ],