{
    "queries": [
        "Youth Friendly cities for travelers"
    ],
    "iteration": 0,
    "retrieved_lists": [
        [
            "168",
            "22",
            "283",
            "338",
            "560",
            "141",
            "320",
            "96",
            "352",
            "120"
        ]
    ],
    "all_sim_scores": [
        [
            0.6152294874191284,
            0.6124798655509949,
            0.6083301305770874,
            0.6079128384590149,
            0.6078300476074219,
            0.6061621904373169,
            0.5987768173217773,
            0.5978351831436157,
            0.5974676609039307,
            0.5944298505783081
        ]
    ],
    "last_action_method": "return_last_retrieved_list",
    "curr_top_k_docIDs": [
        "168",
        "22",
        "283",
        "338",
        "560",
        "141",
        "320",
        "96",
        "352",
        "120"
    ],
    "terminate": true,
    "state_history": [
        {
            "queries": [
                "Youth Friendly cities for travelers"
            ],
            "iteration": 0
        },
        {
            "queries": [
                "Youth Friendly cities for travelers"
            ],
            "iteration": 0,
            "retrieved_lists": [
                [
                    "168",
                    "22",
                    "283",
                    "338",
                    "560",
                    "141",
                    "320",
                    "96",
                    "352",
                    "120"
                ]
            ],
            "all_sim_scores": [
                [
                    0.6152294874191284,
                    0.6124798655509949,
                    0.6083301305770874,
                    0.6079128384590149,
                    0.6078300476074219,
                    0.6061621904373169,
                    0.5987768173217773,
                    0.5978351831436157,
                    0.5974676609039307,
                    0.5944298505783081
                ]
            ],
            "last_action_method": "rank"
        },
        {
            "queries": [
                "Youth Friendly cities for travelers"
            ],
            "iteration": 0,
            "retrieved_lists": [
                [
                    "168",
                    "22",
                    "283",
                    "338",
                    "560",
                    "141",
                    "320",
                    "96",
                    "352",
                    "120"
                ]
            ],
            "all_sim_scores": [
                [
                    0.6152294874191284,
                    0.6124798655509949,
                    0.6083301305770874,
                    0.6079128384590149,
                    0.6078300476074219,
                    0.6061621904373169,
                    0.5987768173217773,
                    0.5978351831436157,
                    0.5974676609039307,
                    0.5944298505783081
                ]
            ],
            "last_action_method": "return_last_retrieved_list",
            "curr_top_k_docIDs": [
                "168",
                "22",
                "283",
                "338",
                "560",
                "141",
                "320",
                "96",
                "352",
                "120"
            ],
            "terminate": true
        }
    ]
}