{
    "queries": [
        "Top cities for leisurely strolls"
    ],
    "iteration": 0,
    "retrieved_lists": [
        [
            "251",
            "492",
            "168",
            "520",
            "352",
            "201",
            "141",
            "105",
            "222",
            "516",
            "320",
            "120",
            "22",
            "111",
            "92",
            "399",
            "400",
            "332",
            "94",
            "204",
            "53",
            "249",
            "43",
            "206",
            "283",
            "109",
            "392",
            "77",
            "339",
            "408",
            "52",
            "328",
            "425",
            "44",
            "187",
            "280",
            "255",
            "157",
            "1",
            "55",
            "303",
            "378",
            "237",
            "95",
            "265",
            "560",
            "81",
            "125",
            "245",
            "83",
            "457",
            "196",
            "338",
            "284",
            "231",
            "96",
            "478",
            "500",
            "450",
            "368"
        ]
    ],
    "all_sim_scores": [
        [
            0.6449662446975708,
            0.6353727579116821,
            0.6257902979850769,
            0.6245217323303223,
            0.6217216849327087,
            0.6198535561561584,
            0.6196840405464172,
            0.6187340021133423,
            0.617347240447998,
            0.6166366934776306,
            0.6165964007377625,
            0.6156216263771057,
            0.6130582690238953,
            0.612250030040741,
            0.6120480298995972,
            0.6092929840087891,
            0.607728123664856,
            0.6048722863197327,
            0.6048547029495239,
            0.6046436429023743,
            0.599075973033905,
            0.5985242128372192,
            0.5984764695167542,
            0.5967808961868286,
            0.596228837966919,
            0.5962115526199341,
            0.5955758094787598,
            0.5948150157928467,
            0.5918198823928833,
            0.5916876792907715,
            0.5916133522987366,
            0.590679943561554,
            0.5905417203903198,
            0.5894602537155151,
            0.5891244411468506,
            0.5880699157714844,
            0.5879918932914734,
            0.5879151821136475,
            0.5878610610961914,
            0.587440013885498,
            0.5848037004470825,
            0.5846539735794067,
            0.584607720375061,
            0.5846065878868103,
            0.5846030712127686,
            0.5836558938026428,
            0.5832439661026001,
            0.5828032493591309,
            0.5826894044876099,
            0.58199143409729,
            0.5818562507629395,
            0.5818216800689697,
            0.5812917351722717,
            0.5812479853630066,
            0.5808170437812805,
            0.5806142091751099,
            0.5802667140960693,
            0.5802245140075684,
            0.579279899597168,
            0.5782684683799744
        ]
    ],
    "last_action_method": "return_last_retrieved_list",
    "curr_top_k_docIDs": [
        "251",
        "492",
        "168",
        "520",
        "352",
        "201",
        "141",
        "105",
        "222",
        "516",
        "320",
        "120",
        "22",
        "111",
        "92",
        "399",
        "400",
        "332",
        "94",
        "204",
        "53",
        "249",
        "43",
        "206",
        "283",
        "109",
        "392",
        "77",
        "339",
        "408",
        "52",
        "328",
        "425",
        "44",
        "187",
        "280",
        "255",
        "157",
        "1",
        "55",
        "303",
        "378",
        "237",
        "95",
        "265",
        "560",
        "81",
        "125",
        "245",
        "83",
        "457",
        "196",
        "338",
        "284",
        "231",
        "96",
        "478",
        "500",
        "450",
        "368"
    ],
    "terminate": true,
    "state_history": [
        {
            "queries": [
                "Top cities for leisurely strolls"
            ],
            "iteration": 0
        },
        {
            "queries": [
                "Top cities for leisurely strolls"
            ],
            "iteration": 0,
            "retrieved_lists": [
                [
                    "251",
                    "492",
                    "168",
                    "520",
                    "352",
                    "201",
                    "141",
                    "105",
                    "222",
                    "516",
                    "320",
                    "120",
                    "22",
                    "111",
                    "92",
                    "399",
                    "400",
                    "332",
                    "94",
                    "204",
                    "53",
                    "249",
                    "43",
                    "206",
                    "283",
                    "109",
                    "392",
                    "77",
                    "339",
                    "408",
                    "52",
                    "328",
                    "425",
                    "44",
                    "187",
                    "280",
                    "255",
                    "157",
                    "1",
                    "55",
                    "303",
                    "378",
                    "237",
                    "95",
                    "265",
                    "560",
                    "81",
                    "125",
                    "245",
                    "83",
                    "457",
                    "196",
                    "338",
                    "284",
                    "231",
                    "96",
                    "478",
                    "500",
                    "450",
                    "368"
                ]
            ],