{
    "queries": [
        "Best cities to visit for cultural experiences"
    ],
    "iteration": 0,
    "retrieved_lists": [
        [
            "283",
            "428",
            "320",
            "497",
            "82",
            "59",
            "407",
            "490",
            "63",
            "237",
            "96",
            "400",
            "310",
            "67",
            "22",
            "232",
            "193",
            "450",
            "180",
            "295",
            "177",
            "383",
            "227",
            "467",
            "405",
            "199",
            "425",
            "368",
            "520",
            "457",
            "415",
            "245",
            "249",
            "394",
            "280",
            "178",
            "427",
            "125",
            "392",
            "402",
            "530",
            "332",
            "259",
            "401",
            "60",
            "42",
            "110",
            "543",
            "403",
            "299",
            "382",
            "342",
            "380",
            "338",
            "437",
            "191",
            "398",
            "234",
            "57",
            "138"
        ]
    ],
    "all_sim_scores": [
        [
            0.41194480657577515,
            0.4090290069580078,
            0.3966280221939087,
            0.3918515145778656,
            0.3861173689365387,
            0.38605383038520813,
            0.3855700194835663,
            0.38222742080688477,
            0.3784886598587036,
            0.37827765941619873,
            0.3782046437263489,
            0.3773120045661926,
            0.3729626536369324,
            0.3714844286441803,
            0.37139105796813965,
            0.36983734369277954,
            0.3656877279281616,
            0.36537113785743713,
            0.3629612922668457,
            0.3625667691230774,
            0.3616611361503601,
            0.36042195558547974,
            0.35980409383773804,
            0.3589717447757721,
            0.3578963577747345,
            0.3575306236743927,
            0.35724639892578125,
            0.3571593165397644,
            0.35637083649635315,
            0.3551750183105469,
            0.35499170422554016,
            0.35412275791168213,
            0.3523021340370178,
            0.3513248562812805,
            0.35116666555404663,
            0.349190890789032,
            0.34875112771987915,
            0.3479706048965454,
            0.34568703174591064,
            0.34493711590766907,
            0.34358465671539307,
            0.3433264195919037,
            0.34310612082481384,
            0.3430265784263611,
            0.34280824661254883,
            0.34261268377304077,
            0.34228724241256714,
            0.34203797578811646,
            0.33982837200164795,
            0.33809077739715576,
            0.33781135082244873,
            0.3367859721183777,
            0.3362225294113159,
            0.33611923456192017,
            0.33552584052085876,
            0.3354523181915283,
            0.33535513281822205,
            0.3352290987968445,
            0.33479052782058716,
            0.33472689986228943
        ]
    ],
    "last_action_method": "return_last_retrieved_list",
    "curr_top_k_docIDs": [
        "283",
        "428",
        "320",
        "497",
        "82",
        "59",
        "407",
        "490",
        "63",
        "237",
        "96",
        "400",
        "310",
        "67",
        "22",
        "232",
        "193",
        "450",
        "180",
        "295",
        "177",
        "383",
        "227",
        "467",
        "405",
        "199",
        "425",
        "368",
        "520",
        "457",
        "415",
        "245",
        "249",
        "394",
        "280",
        "178",
        "427",
        "125",
        "392",
        "402",
        "530",
        "332",
        "259",
        "401",
        "60",
        "42",
        "110",
        "543",
        "403",
        "299",
        "382",
        "342",
        "380",
        "338",
        "437",
        "191",
        "398",
        "234",
        "57",
        "138"
    ],
    "terminate": true,
    "state_history": [
        {
            "queries": [
                "Best cities to visit for cultural experiences"
            ],
            "iteration": 0
        },
        {
            "queries": [
                "Best cities to visit for cultural experiences"
            ],
            "iteration": 0,
            "retrieved_lists": [
                [
                    "283",
                    "428",
                    "320",
                    "497",
                    "82",
                    "59",
                    "407",
                    "490",
                    "63",
                    "237",
                    "96",
                    "400",
                    "310",
                    "67",
                    "22",
                    "232",
                    "193",
                    "450",
                    "180",
                    "295",
                    "177",
                    "383",
                    "227",
                    "467",
                    "405",
                    "199",
                    "425",
                    "368",
                    "520",
                    "457",
                    "415",
                    "245",
                    "249",
                    "394",
                    "280",
                    "178",
                    "427",
                    "125",
                    "392",
                    "402",
                    "530",
                    "332",
                    "259",
                    "401",
                    "60",
                    "42",
                    "110",
                    "543",
                    "403",
                    "299",
                    "382",
                    "342",
                    "380",
                    "338",
                    "437",
                    "191",
                    "398",
                    "234",
                    "57",
                    "138"
                ]
            ],