{
    "queries": [
        "where does the microchip go in a dog"
    ],
    "iteration": 0,
    "retrieved_lists": [
        [
            "doc112414",
            "doc112428",
            "doc2212249",
            "doc2593971",
            "doc492362",
            "doc737333",
            "doc1004495",
            "doc639401",
            "doc764256",
            "doc1004508",
            "doc1470337",
            "doc2666737",
            "doc1840006",
            "doc2533286",
            "doc1200842",
            "doc531175",
            "doc1223677",
            "doc2520792",
            "doc1004475",
            "doc1937539",
            "doc521823",
            "doc2580650",
            "doc1157521",
            "doc635132",
            "doc2225112",
            "doc531133",
            "doc578153",
            "doc276181",
            "doc2534082",
            "doc385858",
            "doc1925080",
            "doc942204",
            "doc753720",
            "doc2268278",
            "doc521867",
            "doc1245213",
            "doc273877",
            "doc1004505",
            "doc854181",
            "doc1245191",
            "doc486741",
            "doc1750731",
            "doc1674196",
            "doc1865040",
            "doc319648",
            "doc916",
            "doc2408132",
            "doc1473084",
            "doc1348925",
            "doc55390",
            "doc1440470",
            "doc2492101",
            "doc832842",
            "doc474636",
            "doc951005",
            "doc1829169",
            "doc1934740",
            "doc2407148",
            "doc1245188",
            "doc1301201"
        ]
    ],
    "all_sim_scores": [
        [
            0.7370480298995972,
            0.5095293521881104,
            0.4181697964668274,
            0.404288113117218,
            0.40334469079971313,
            0.3986735939979553,
            0.3944687843322754,
            0.3865354061126709,
            0.38026711344718933,
            0.3758283257484436,
            0.37093955278396606,
            0.37081360816955566,
            0.370667427778244,
            0.3681302070617676,
            0.36327019333839417,
            0.3622048795223236,
            0.36100149154663086,
            0.35844945907592773,
            0.35740572214126587,
            0.3541664481163025,
            0.3534940481185913,
            0.35182005167007446,
            0.34805795550346375,
            0.34698009490966797,
            0.34654462337493896,
            0.34497082233428955,
            0.34188511967658997,
            0.33958911895751953,
            0.3392512798309326,
            0.33596694469451904,
            0.3356930613517761,
            0.33483314514160156,
            0.3332252502441406,
            0.33280447125434875,
            0.33214592933654785,
            0.33171671628952026,
            0.32887640595436096,
            0.3286818265914917,
            0.32817453145980835,
            0.3279333710670471,
            0.32785701751708984,
            0.32717421650886536,
            0.32416602969169617,
            0.32391148805618286,
            0.3232457637786865,
            0.3223235607147217,
            0.3217944800853729,
            0.32174819707870483,
            0.3216816782951355,
            0.32115936279296875,
            0.3210173547267914,
            0.32093876600265503,
            0.32039353251457214,
            0.3193654417991638,
            0.3180452883243561,
            0.31486034393310547,
            0.31452104449272156,
            0.31433117389678955,
            0.31356310844421387,
            0.31346791982650757
        ]
    ],
    "last_action_method": "return_last_retrieved_list",
    "curr_top_k_docIDs": [
        "doc112414",
        "doc112428",
        "doc2212249",
        "doc2593971",
        "doc492362",
        "doc737333",
        "doc1004495",
        "doc639401",
        "doc764256",
        "doc1004508",
        "doc1470337",
        "doc2666737",
        "doc1840006",
        "doc2533286",
        "doc1200842",
        "doc531175",
        "doc1223677",
        "doc2520792",
        "doc1004475",
        "doc1937539",
        "doc521823",
        "doc2580650",
        "doc1157521",
        "doc635132",
        "doc2225112",
        "doc531133",
        "doc578153",
        "doc276181",
        "doc2534082",
        "doc385858",
        "doc1925080",
        "doc942204",
        "doc753720",
        "doc2268278",
        "doc521867",
        "doc1245213",
        "doc273877",
        "doc1004505",
        "doc854181",
        "doc1245191",
        "doc486741",
        "doc1750731",
        "doc1674196",
        "doc1865040",
        "doc319648",
        "doc916",
        "doc2408132",
        "doc1473084",
        "doc1348925",
        "doc55390",
        "doc1440470",
        "doc2492101",
        "doc832842",
        "doc474636",
        "doc951005",
        "doc1829169",
        "doc1934740",
        "doc2407148",
        "doc1245188",
        "doc1301201"
    ],
    "terminate": true,
    "state_history": [
        {
            "queries": [
                "where does the microchip go in a dog"
            ],
            "iteration": 0
        },
        {
            "queries": [
                "where does the microchip go in a dog"
            ],
            "iteration": 0,
            "retrieved_lists": [
                [
                    "doc112414",
                    "doc112428",
                    "doc2212249",
                    "doc2593971",
                    "doc492362",
                    "doc737333",
                    "doc1004495",
                    "doc639401",
                    "doc764256",
                    "doc1004508",
                    "doc1470337",
                    "doc2666737",
                    "doc1840006",
                    "doc2533286",
                    "doc1200842",
                    "doc531175",
                    "doc1223677",
                    "doc2520792",
                    "doc1004475",
                    "doc1937539",
                    "doc521823",
                    "doc2580650",
                    "doc1157521",
                    "doc635132",
                    "doc2225112",
                    "doc531133",
                    "doc578153",
                    "doc276181",
                    "doc2534082",
                    "doc385858",
                    "doc1925080",
                    "doc942204",
                    "doc753720",
                    "doc2268278",
                    "doc521867",
                    "doc1245213",
                    "doc273877",
                    "doc1004505",
                    "doc854181",
                    "doc1245191",
                    "doc486741",
                    "doc1750731",
                    "doc1674196",
                    "doc1865040",
                    "doc319648",
                    "doc916",
                    "doc2408132",
                    "doc1473084",
                    "doc1348925",
                    "doc55390",
                    "doc1440470",
                    "doc2492101",
                    "doc832842",
                    "doc474636",
                    "doc951005",
                    "doc1829169",
                    "doc1934740",
                    "doc2407148",
                    "doc1245188",
                    "doc1301201"
                ]
            ],