{
    "queries": [
        "when did goku first go super saiyan 4"
    ],
    "iteration": 0,
    "retrieved_lists": [
        [
            "doc21596",
            "doc21603",
            "doc1715795",
            "doc2159326",
            "doc390767",
            "doc1622356",
            "doc1843323",
            "doc2082947",
            "doc971005",
            "doc227781",
            "doc867764",
            "doc2367733",
            "doc1182921",
            "doc119136",
            "doc1192895",
            "doc769926",
            "doc2092932",
            "doc1283463",
            "doc1883676",
            "doc792657",
            "doc2343391",
            "doc2091744",
            "doc785383",
            "doc1822867",
            "doc1137331",
            "doc2281197",
            "doc1915406",
            "doc76708",
            "doc2545229",
            "doc1571777",
            "doc2337979",
            "doc115078",
            "doc239236",
            "doc2092925",
            "doc424142",
            "doc1016085",
            "doc789597",
            "doc1663118",
            "doc2458833",
            "doc694113",
            "doc1458244",
            "doc491600",
            "doc1989573",
            "doc839425",
            "doc1602091",
            "doc5120",
            "doc2030814",
            "doc1154452",
            "doc107403",
            "doc2481379",
            "doc716712",
            "doc667072",
            "doc2405899",
            "doc2211583",
            "doc204484",
            "doc1999094",
            "doc1616558",
            "doc856801",
            "doc1146153",
            "doc2479103"
        ]
    ],
    "all_sim_scores": [
        [
            0.6453619003295898,
            0.5409480929374695,
            0.41975486278533936,
            0.4172552227973938,
            0.28228670358657837,
            0.2789102792739868,
            0.2751694917678833,
            0.2739782929420471,
            0.2739618420600891,
            0.27262336015701294,
            0.2683398723602295,
            0.2642100751399994,
            0.2635164260864258,
            0.26282212138175964,
            0.2627410590648651,
            0.2585647404193878,
            0.2573438584804535,
            0.25222504138946533,
            0.25168532133102417,
            0.2506779432296753,
            0.24805568158626556,
            0.24711456894874573,
            0.2459522932767868,
            0.245342418551445,
            0.24446196854114532,
            0.24421973526477814,
            0.24399009346961975,
            0.2435423731803894,
            0.24252359569072723,
            0.24149101972579956,
            0.23915933072566986,
            0.23901690542697906,
            0.23774871230125427,
            0.23767471313476562,
            0.23714500665664673,
            0.23652806878089905,
            0.23597069084644318,
            0.2356111854314804,
            0.2349303662776947,
            0.2341579794883728,
            0.23413969576358795,
            0.23059815168380737,
            0.23015457391738892,
            0.23010751605033875,
            0.229326069355011,
            0.22864189743995667,
            0.22750791907310486,
            0.2273297905921936,
            0.22690334916114807,
            0.22674347460269928,
            0.22618559002876282,
            0.22514835000038147,
            0.2239794135093689,
            0.22303172945976257,
            0.22249972820281982,
            0.22248420119285583,
            0.2223772406578064,
            0.22191038727760315,
            0.22099854052066803,
            0.2207804173231125
        ]
    ],
    "last_action_method": "return_last_retrieved_list",
    "curr_top_k_docIDs": [
        "doc21596",
        "doc21603",
        "doc1715795",
        "doc2159326",
        "doc390767",
        "doc1622356",
        "doc1843323",
        "doc2082947",
        "doc971005",
        "doc227781",
        "doc867764",
        "doc2367733",
        "doc1182921",
        "doc119136",
        "doc1192895",
        "doc769926",
        "doc2092932",
        "doc1283463",
        "doc1883676",
        "doc792657",
        "doc2343391",
        "doc2091744",
        "doc785383",
        "doc1822867",
        "doc1137331",
        "doc2281197",
        "doc1915406",
        "doc76708",
        "doc2545229",
        "doc1571777",
        "doc2337979",
        "doc115078",
        "doc239236",
        "doc2092925",
        "doc424142",
        "doc1016085",
        "doc789597",
        "doc1663118",
        "doc2458833",
        "doc694113",
        "doc1458244",
        "doc491600",
        "doc1989573",
        "doc839425",
        "doc1602091",
        "doc5120",
        "doc2030814",
        "doc1154452",
        "doc107403",
        "doc2481379",
        "doc716712",
        "doc667072",
        "doc2405899",
        "doc2211583",
        "doc204484",
        "doc1999094",
        "doc1616558",
        "doc856801",
        "doc1146153",
        "doc2479103"
    ],
    "terminate": true,
    "state_history": [
        {
            "queries": [
                "when did goku first go super saiyan 4"
            ],
            "iteration": 0
        },
        {
            "queries": [
                "when did goku first go super saiyan 4"
            ],
            "iteration": 0,
            "retrieved_lists": [
                [
                    "doc21596",
                    "doc21603",
                    "doc1715795",
                    "doc2159326",
                    "doc390767",
                    "doc1622356",
                    "doc1843323",
                    "doc2082947",
                    "doc971005",
                    "doc227781",
                    "doc867764",
                    "doc2367733",
                    "doc1182921",
                    "doc119136",
                    "doc1192895",
                    "doc769926",
                    "doc2092932",
                    "doc1283463",
                    "doc1883676",
                    "doc792657",
                    "doc2343391",
                    "doc2091744",
                    "doc785383",
                    "doc1822867",
                    "doc1137331",
                    "doc2281197",
                    "doc1915406",
                    "doc76708",
                    "doc2545229",
                    "doc1571777",
                    "doc2337979",
                    "doc115078",
                    "doc239236",
                    "doc2092925",
                    "doc424142",
                    "doc1016085",
                    "doc789597",
                    "doc1663118",
                    "doc2458833",
                    "doc694113",
                    "doc1458244",
                    "doc491600",
                    "doc1989573",
                    "doc839425",
                    "doc1602091",
                    "doc5120",
                    "doc2030814",
                    "doc1154452",
                    "doc107403",
                    "doc2481379",
                    "doc716712",
                    "doc667072",
                    "doc2405899",
                    "doc2211583",
                    "doc204484",
                    "doc1999094",
                    "doc1616558",
                    "doc856801",
                    "doc1146153",
                    "doc2479103"
                ]
            ],