{
    "queries": [
        "Best cities for an anniversary celebration"
    ],
    "iteration": 0,
    "retrieved_lists": [
        [
            "320",
            "105",
            "187",
            "109",
            "179",
            "392",
            "43",
            "251",
            "328",
            "352"
        ]
    ],
    "all_sim_scores": [
        [
            0.6375430822372437,
            0.6372793912887573,
            0.6346281170845032,
            0.630437970161438,
            0.6205064058303833,
            0.6203138828277588,
            0.6188948154449463,
            0.6166194677352905,
            0.6140948534011841,
            0.6131452322006226
        ]
    ],
    "last_action_method": "return_last_retrieved_list",
    "curr_top_k_docIDs": [
        "320",
        "105",
        "187",
        "109",
        "179",
        "392",
        "43",
        "251",
        "328",
        "352"
    ],
    "terminate": true,
    "state_history": [
        {
            "queries": [
                "Best cities for an anniversary celebration"
            ],
            "iteration": 0
        },
        {
            "queries": [
                "Best cities for an anniversary celebration"
            ],
            "iteration": 0,
            "retrieved_lists": [
                [
                    "320",
                    "105",
                    "187",
                    "109",
                    "179",
                    "392",
                    "43",
                    "251",
                    "328",
                    "352"
                ]
            ],
            "all_sim_scores": [
                [
                    0.6375430822372437,
                    0.6372793912887573,
                    0.6346281170845032,
                    0.630437970161438,
                    0.6205064058303833,
                    0.6203138828277588,
                    0.6188948154449463,
                    0.6166194677352905,
                    0.6140948534011841,
                    0.6131452322006226
                ]
            ],
            "last_action_method": "rank"
        },
        {
            "queries": [
                "Best cities for an anniversary celebration"
            ],
            "iteration": 0,
            "retrieved_lists": [
                [
                    "320",
                    "105",
                    "187",
                    "109",
                    "179",
                    "392",
                    "43",
                    "251",
                    "328",
                    "352"
                ]
            ],
            "all_sim_scores": [
                [
                    0.6375430822372437,
                    0.6372793912887573,
                    0.6346281170845032,
                    0.630437970161438,
                    0.6205064058303833,
                    0.6203138828277588,
                    0.6188948154449463,
                    0.6166194677352905,
                    0.6140948534011841,
                    0.6131452322006226
                ]
            ],
            "last_action_method": "return_last_retrieved_list",
            "curr_top_k_docIDs": [
                "320",
                "105",
                "187",
                "109",
                "179",
                "392",
                "43",
                "251",
                "328",
                "352"
            ],
            "terminate": true
        }
    ]
}