{
    "queries": [
        "Best cities for museum enthusiasts"
    ],
    "iteration": 0,
    "retrieved_lists": [
        [
            "497",
            "22",
            "543",
            "283",
            "320",
            "63",
            "42",
            "105",
            "490",
            "338"
        ]
    ],
    "all_sim_scores": [
        [
            0.4405379891395569,
            0.43659937381744385,
            0.4168601930141449,
            0.41392916440963745,
            0.39819687604904175,
            0.39350566267967224,
            0.389659583568573,
            0.3839145302772522,
            0.38271552324295044,
            0.38240674138069153
        ]
    ],
    "last_action_method": "return_last_retrieved_list",
    "curr_top_k_docIDs": [
        "497",
        "22",
        "543",
        "283",
        "320",
        "63",
        "42",
        "105",
        "490",
        "338"
    ],
    "terminate": true,
    "state_history": [
        {
            "queries": [
                "Best cities for museum enthusiasts"
            ],
            "iteration": 0
        },
        {
            "queries": [
                "Best cities for museum enthusiasts"
            ],
            "iteration": 0,
            "retrieved_lists": [
                [
                    "497",
                    "22",
                    "543",
                    "283",
                    "320",
                    "63",
                    "42",
                    "105",
                    "490",
                    "338"
                ]
            ],
            "all_sim_scores": [
                [
                    0.4405379891395569,
                    0.43659937381744385,
                    0.4168601930141449,
                    0.41392916440963745,
                    0.39819687604904175,
                    0.39350566267967224,
                    0.389659583568573,
                    0.3839145302772522,
                    0.38271552324295044,
                    0.38240674138069153
                ]
            ],
            "last_action_method": "rank"
        },
        {
            "queries": [
                "Best cities for museum enthusiasts"
            ],
            "iteration": 0,
            "retrieved_lists": [
                [
                    "497",
                    "22",
                    "543",
                    "283",
                    "320",
                    "63",
                    "42",
                    "105",
                    "490",
                    "338"
                ]
            ],
            "all_sim_scores": [
                [
                    0.4405379891395569,
                    0.43659937381744385,
                    0.4168601930141449,
                    0.41392916440963745,
                    0.39819687604904175,
                    0.39350566267967224,
                    0.389659583568573,
                    0.3839145302772522,
                    0.38271552324295044,
                    0.38240674138069153
                ]
            ],
            "last_action_method": "return_last_retrieved_list",
            "curr_top_k_docIDs": [
                "497",
                "22",
                "543",
                "283",
                "320",
                "63",
                "42",
                "105",
                "490",
                "338"
            ],
            "terminate": true
        }
    ]
}