{
    "queries": [
        "toddler wolf"
    ],
    "iteration": 0,
    "retrieved_lists": [
        [
            "747161",
            "1466504",
            "1180098",
            "211338",
            "617002",
            "774418",
            "1049380",
            "165099",
            "256451",
            "573990"
        ]
    ],
    "all_sim_scores": [
        [
            0.7794976234436035,
            0.743987500667572,
            0.7385755777359009,
            0.7383203506469727,
            0.7224603891372681,
            0.7163199782371521,
            0.6909925937652588,
            0.6903378963470459,
            0.6821709871292114,
            0.6803096532821655
        ]
    ],
    "last_action_method": "return_last_retrieved_list",
    "curr_top_k_docIDs": [
        "747161",
        "1466504",
        "1180098",
        "211338",
        "617002",
        "774418",
        "1049380",
        "165099",
        "256451",
        "573990"
    ],
    "terminate": true,
    "state_history": [
        {
            "queries": [
                "toddler wolf"
            ],
            "iteration": 0
        },
        {
            "queries": [
                "toddler wolf"
            ],
            "iteration": 0,
            "retrieved_lists": [
                [
                    "747161",
                    "1466504",
                    "1180098",
                    "211338",
                    "617002",
                    "774418",
                    "1049380",
                    "165099",
                    "256451",
                    "573990"
                ]
            ],
            "all_sim_scores": [
                [
                    0.7794976234436035,
                    0.743987500667572,
                    0.7385755777359009,
                    0.7383203506469727,
                    0.7224603891372681,
                    0.7163199782371521,
                    0.6909925937652588,
                    0.6903378963470459,
                    0.6821709871292114,
                    0.6803096532821655
                ]
            ],
            "last_action_method": "rank"
        },
        {
            "queries": [
                "toddler wolf"
            ],
            "iteration": 0,
            "retrieved_lists": [
                [
                    "747161",
                    "1466504",
                    "1180098",
                    "211338",
                    "617002",
                    "774418",
                    "1049380",
                    "165099",
                    "256451",
                    "573990"
                ]
            ],
            "all_sim_scores": [
                [
                    0.7794976234436035,
                    0.743987500667572,
                    0.7385755777359009,
                    0.7383203506469727,
                    0.7224603891372681,
                    0.7163199782371521,
                    0.6909925937652588,
                    0.6903378963470459,
                    0.6821709871292114,
                    0.6803096532821655
                ]
            ],
            "last_action_method": "return_last_retrieved_list",
            "curr_top_k_docIDs": [
                "747161",
                "1466504",
                "1180098",
                "211338",
                "617002",
                "774418",
                "1049380",
                "165099",
                "256451",
                "573990"
            ],
            "terminate": true
        }
    ]
}