{
    "queries": [
        "when do you pray the chaplet of divine mercy"
    ],
    "iteration": 0,
    "retrieved_lists": [
        [
            "doc24190",
            "doc24187",
            "doc24200",
            "doc24189",
            "doc24209",
            "doc1745415",
            "doc647292",
            "doc1696823",
            "doc145503",
            "doc2364643",
            "doc1954513",
            "doc1966031",
            "doc1700064",
            "doc1700027",
            "doc884714",
            "doc1338936",
            "doc144405",
            "doc509803",
            "doc3028",
            "doc685321",
            "doc69969",
            "doc1828510",
            "doc1573708",
            "doc1792105",
            "doc1587191",
            "doc77297",
            "doc2041742",
            "doc1003919",
            "doc1173200",
            "doc1075607",
            "doc473534",
            "doc1024793",
            "doc1240938",
            "doc841437",
            "doc1024783",
            "doc1532250",
            "doc2417808",
            "doc383632",
            "doc173571",
            "doc1024739",
            "doc1998775",
            "doc1904042",
            "doc2417768",
            "doc2417737",
            "doc1831383",
            "doc582558",
            "doc1700037",
            "doc404229",
            "doc1700051",
            "doc1076593",
            "doc2417771",
            "doc700324",
            "doc2417727",
            "doc1847728",
            "doc1212401",
            "doc58545",
            "doc1709070",
            "doc1237260",
            "doc1607152",
            "doc201826"
        ]
    ],
    "all_sim_scores": [
        [
            0.7724882364273071,
            0.7687722444534302,
            0.7540428638458252,
            0.7226463556289673,
            0.7122973203659058,
            0.49838513135910034,
            0.4722393751144409,
            0.46043992042541504,
            0.4510855972766876,
            0.44840431213378906,
            0.4474479556083679,
            0.4474058747291565,
            0.44129180908203125,
            0.43183478713035583,
            0.42211928963661194,
            0.4217780828475952,
            0.4186630845069885,
            0.4178459644317627,
            0.41725483536720276,
            0.4154001474380493,
            0.4123784005641937,
            0.4114958643913269,
            0.411377876996994,
            0.4107154607772827,
            0.4097055196762085,
            0.403325617313385,
            0.40110039710998535,
            0.3990831673145294,
            0.3982946276664734,
            0.3980867266654968,
            0.39804306626319885,
            0.3960227370262146,
            0.39599016308784485,
            0.3958730697631836,
            0.39323458075523376,
            0.3922828733921051,
            0.3920038342475891,
            0.39133551716804504,
            0.3884093165397644,
            0.3882920444011688,
            0.38587766885757446,
            0.3841592073440552,
            0.3823721408843994,
            0.38226738572120667,
            0.3793050944805145,
            0.37914717197418213,
            0.37892547249794006,
            0.37849003076553345,
            0.37799859046936035,
            0.3775702118873596,
            0.3775549530982971,
            0.3772228956222534,
            0.37639814615249634,
            0.37533044815063477,
            0.37465745210647583,
            0.37426358461380005,
            0.37293922901153564,
            0.3728874921798706,
            0.37213313579559326,
            0.371029257774353
        ]
    ],
    "last_action_method": "return_last_retrieved_list",
    "curr_top_k_docIDs": [
        "doc24190",
        "doc24187",
        "doc24200",
        "doc24189",
        "doc24209",
        "doc1745415",
        "doc647292",
        "doc1696823",
        "doc145503",
        "doc2364643",
        "doc1954513",
        "doc1966031",
        "doc1700064",
        "doc1700027",
        "doc884714",
        "doc1338936",
        "doc144405",
        "doc509803",
        "doc3028",
        "doc685321",
        "doc69969",
        "doc1828510",
        "doc1573708",
        "doc1792105",
        "doc1587191",
        "doc77297",
        "doc2041742",
        "doc1003919",
        "doc1173200",
        "doc1075607",
        "doc473534",
        "doc1024793",
        "doc1240938",
        "doc841437",
        "doc1024783",
        "doc1532250",
        "doc2417808",
        "doc383632",
        "doc173571",
        "doc1024739",
        "doc1998775",
        "doc1904042",
        "doc2417768",
        "doc2417737",
        "doc1831383",
        "doc582558",
        "doc1700037",
        "doc404229",
        "doc1700051",
        "doc1076593",
        "doc2417771",
        "doc700324",
        "doc2417727",
        "doc1847728",
        "doc1212401",
        "doc58545",
        "doc1709070",
        "doc1237260",
        "doc1607152",
        "doc201826"
    ],
    "terminate": true,
    "state_history": [
        {
            "queries": [
                "when do you pray the chaplet of divine mercy"
            ],
            "iteration": 0
        },
        {
            "queries": [
                "when do you pray the chaplet of divine mercy"
            ],
            "iteration": 0,
            "retrieved_lists": [
                [
                    "doc24190",
                    "doc24187",
                    "doc24200",
                    "doc24189",
                    "doc24209",
                    "doc1745415",
                    "doc647292",
                    "doc1696823",
                    "doc145503",
                    "doc2364643",
                    "doc1954513",
                    "doc1966031",
                    "doc1700064",
                    "doc1700027",
                    "doc884714",
                    "doc1338936",
                    "doc144405",
                    "doc509803",
                    "doc3028",
                    "doc685321",
                    "doc69969",
                    "doc1828510",
                    "doc1573708",
                    "doc1792105",
                    "doc1587191",
                    "doc77297",
                    "doc2041742",
                    "doc1003919",
                    "doc1173200",
                    "doc1075607",
                    "doc473534",
                    "doc1024793",
                    "doc1240938",
                    "doc841437",
                    "doc1024783",
                    "doc1532250",
                    "doc2417808",
                    "doc383632",
                    "doc173571",
                    "doc1024739",
                    "doc1998775",
                    "doc1904042",
                    "doc2417768",
                    "doc2417737",
                    "doc1831383",
                    "doc582558",
                    "doc1700037",
                    "doc404229",
                    "doc1700051",
                    "doc1076593",
                    "doc2417771",
                    "doc700324",
                    "doc2417727",
                    "doc1847728",
                    "doc1212401",
                    "doc58545",
                    "doc1709070",
                    "doc1237260",
                    "doc1607152",
                    "doc201826"
                ]
            ],