{
    "queries": [
        "why was hong kong important to the british empire"
    ],
    "iteration": 0,
    "retrieved_lists": [
        [
            "doc82157",
            "doc121796",
            "doc1043385",
            "doc1159691",
            "doc2202011",
            "doc296630",
            "doc666129",
            "doc535724",
            "doc2243331",
            "doc239169",
            "doc418486",
            "doc2041298",
            "doc716712",
            "doc2194452",
            "doc262821",
            "doc1097755",
            "doc164771",
            "doc255642",
            "doc2144198",
            "doc255616",
            "doc43968",
            "doc2323598",
            "doc255591",
            "doc2039578",
            "doc83185",
            "doc234991",
            "doc2465613",
            "doc768386",
            "doc2472029",
            "doc2461842",
            "doc1332892",
            "doc1856392",
            "doc1271944",
            "doc947058",
            "doc1354955",
            "doc2482810",
            "doc1148300",
            "doc1284841",
            "doc1251781",
            "doc1157861",
            "doc1424233",
            "doc2491316",
            "doc1511901",
            "doc2022290",
            "doc235373",
            "doc206941",
            "doc2105751",
            "doc1337222",
            "doc15047",
            "doc1398890",
            "doc1134809",
            "doc1971401",
            "doc1484065",
            "doc1002856",
            "doc1749166",
            "doc1050975",
            "doc1082063",
            "doc1338404",
            "doc122155",
            "doc1245650"
        ]
    ],
    "all_sim_scores": [
        [
            0.7361800670623779,
            0.6539068222045898,
            0.49873778223991394,
            0.41122281551361084,
            0.3961089253425598,
            0.39203569293022156,
            0.38477128744125366,
            0.38071954250335693,
            0.37378400564193726,
            0.36814409494400024,
            0.36555182933807373,
            0.35529011487960815,
            0.3519662618637085,
            0.35005974769592285,
            0.3458269238471985,
            0.3411741852760315,
            0.33534377813339233,
            0.3331550657749176,
            0.3322634696960449,
            0.3315613865852356,
            0.3293115496635437,
            0.3266279995441437,
            0.32125914096832275,
            0.31987887620925903,
            0.3160744309425354,
            0.31587642431259155,
            0.3137463629245758,
            0.3133346438407898,
            0.31236839294433594,
            0.3122279644012451,
            0.30762267112731934,
            0.30555084347724915,
            0.3036746084690094,
            0.3002530038356781,
            0.29804396629333496,
            0.29768162965774536,
            0.2976298928260803,
            0.2970799505710602,
            0.2941938638687134,
            0.29367396235466003,
            0.29354730248451233,
            0.2920662760734558,
            0.29007425904273987,
            0.28963637351989746,
            0.287535697221756,
            0.28640130162239075,
            0.2860824763774872,
            0.2858443856239319,
            0.2851489186286926,
            0.2838684320449829,
            0.28236252069473267,
            0.2822941541671753,
            0.2813074588775635,
            0.28005528450012207,
            0.2798907160758972,
            0.2792590856552124,
            0.278585284948349,
            0.2785429060459137,
            0.2780572772026062,
            0.277498334646225
        ]
    ],
    "last_action_method": "return_last_retrieved_list",
    "curr_top_k_docIDs": [
        "doc82157",
        "doc121796",
        "doc1043385",
        "doc1159691",
        "doc2202011",
        "doc296630",
        "doc666129",
        "doc535724",
        "doc2243331",
        "doc239169",
        "doc418486",
        "doc2041298",
        "doc716712",
        "doc2194452",
        "doc262821",
        "doc1097755",
        "doc164771",
        "doc255642",
        "doc2144198",
        "doc255616",
        "doc43968",
        "doc2323598",
        "doc255591",
        "doc2039578",
        "doc83185",
        "doc234991",
        "doc2465613",
        "doc768386",
        "doc2472029",
        "doc2461842",
        "doc1332892",
        "doc1856392",
        "doc1271944",
        "doc947058",
        "doc1354955",
        "doc2482810",
        "doc1148300",
        "doc1284841",
        "doc1251781",
        "doc1157861",
        "doc1424233",
        "doc2491316",
        "doc1511901",
        "doc2022290",
        "doc235373",
        "doc206941",
        "doc2105751",
        "doc1337222",
        "doc15047",
        "doc1398890",
        "doc1134809",
        "doc1971401",
        "doc1484065",
        "doc1002856",
        "doc1749166",
        "doc1050975",
        "doc1082063",
        "doc1338404",
        "doc122155",
        "doc1245650"
    ],
    "terminate": true,
    "state_history": [
        {
            "queries": [
                "why was hong kong important to the british empire"
            ],
            "iteration": 0
        },
        {
            "queries": [
                "why was hong kong important to the british empire"
            ],
            "iteration": 0,
            "retrieved_lists": [
                [
                    "doc82157",
                    "doc121796",
                    "doc1043385",
                    "doc1159691",
                    "doc2202011",
                    "doc296630",
                    "doc666129",
                    "doc535724",
                    "doc2243331",
                    "doc239169",
                    "doc418486",
                    "doc2041298",
                    "doc716712",
                    "doc2194452",
                    "doc262821",
                    "doc1097755",
                    "doc164771",
                    "doc255642",
                    "doc2144198",
                    "doc255616",
                    "doc43968",
                    "doc2323598",
                    "doc255591",
                    "doc2039578",
                    "doc83185",
                    "doc234991",
                    "doc2465613",
                    "doc768386",
                    "doc2472029",
                    "doc2461842",
                    "doc1332892",
                    "doc1856392",
                    "doc1271944",
                    "doc947058",
                    "doc1354955",
                    "doc2482810",
                    "doc1148300",
                    "doc1284841",
                    "doc1251781",
                    "doc1157861",
                    "doc1424233",
                    "doc2491316",
                    "doc1511901",
                    "doc2022290",
                    "doc235373",
                    "doc206941",
                    "doc2105751",
                    "doc1337222",
                    "doc15047",
                    "doc1398890",
                    "doc1134809",
                    "doc1971401",
                    "doc1484065",
                    "doc1002856",
                    "doc1749166",
                    "doc1050975",
                    "doc1082063",
                    "doc1338404",
                    "doc122155",
                    "doc1245650"
                ]
            ],