{
    "queries": [
        "the first years bottle"
    ],
    "iteration": 0,
    "retrieved_lists": [
        [
            "1071460",
            "1218787",
            "59627",
            "553071",
            "140122",
            "928257",
            "736968",
            "1527911",
            "544222",
            "177046"
        ]
    ],
    "all_sim_scores": [
        [
            0.7535499334335327,
            0.7493962645530701,
            0.7211625576019287,
            0.719642162322998,
            0.705328106880188,
            0.6946752071380615,
            0.6919267177581787,
            0.6792327165603638,
            0.6774808168411255,
            0.6763877868652344
        ]
    ],
    "last_action_method": "return_last_retrieved_list",
    "curr_top_k_docIDs": [
        "1071460",
        "1218787",
        "59627",
        "553071",
        "140122",
        "928257",
        "736968",
        "1527911",
        "544222",
        "177046"
    ],
    "terminate": true,
    "state_history": [
        {
            "queries": [
                "the first years bottle"
            ],
            "iteration": 0
        },
        {
            "queries": [
                "the first years bottle"
            ],
            "iteration": 0,
            "retrieved_lists": [
                [
                    "1071460",
                    "1218787",
                    "59627",
                    "553071",
                    "140122",
                    "928257",
                    "736968",
                    "1527911",
                    "544222",
                    "177046"
                ]
            ],
            "all_sim_scores": [
                [
                    0.7535499334335327,
                    0.7493962645530701,
                    0.7211625576019287,
                    0.719642162322998,
                    0.705328106880188,
                    0.6946752071380615,
                    0.6919267177581787,
                    0.6792327165603638,
                    0.6774808168411255,
                    0.6763877868652344
                ]
            ],
            "last_action_method": "rank"
        },
        {
            "queries": [
                "the first years bottle"
            ],
            "iteration": 0,
            "retrieved_lists": [
                [
                    "1071460",
                    "1218787",
                    "59627",
                    "553071",
                    "140122",
                    "928257",
                    "736968",
                    "1527911",
                    "544222",
                    "177046"
                ]
            ],
            "all_sim_scores": [
                [
                    0.7535499334335327,
                    0.7493962645530701,
                    0.7211625576019287,
                    0.719642162322998,
                    0.705328106880188,
                    0.6946752071380615,
                    0.6919267177581787,
                    0.6792327165603638,
                    0.6774808168411255,
                    0.6763877868652344
                ]
            ],
            "last_action_method": "return_last_retrieved_list",
            "curr_top_k_docIDs": [
                "1071460",
                "1218787",
                "59627",
                "553071",
                "140122",
                "928257",
                "736968",
                "1527911",
                "544222",
                "177046"
            ],
            "terminate": true
        }
    ]
}