{
    "queries": [
        "Most popular destinations for theme park enthusiasts."
    ],
    "iteration": 0,
    "retrieved_lists": [
        [
            "415",
            "160",
            "425",
            "142",
            "410",
            "330",
            "335",
            "402",
            "190",
            "283"
        ]
    ],
    "all_sim_scores": [
        [
            0.400605171918869,
            0.38614392280578613,
            0.3656923174858093,
            0.352922260761261,
            0.3517947793006897,
            0.34815657138824463,
            0.34582287073135376,
            0.34250152111053467,
            0.34212833642959595,
            0.33533626794815063
        ]
    ],
    "last_action_method": "return_last_retrieved_list",
    "curr_top_k_docIDs": [
        "415",
        "160",
        "425",
        "142",
        "410",
        "330",
        "335",
        "402",
        "190",
        "283"
    ],
    "terminate": true,
    "state_history": [
        {
            "queries": [
                "Most popular destinations for theme park enthusiasts."
            ],
            "iteration": 0
        },
        {
            "queries": [
                "Most popular destinations for theme park enthusiasts."
            ],
            "iteration": 0,
            "retrieved_lists": [
                [
                    "415",
                    "160",
                    "425",
                    "142",
                    "410",
                    "330",
                    "335",
                    "402",
                    "190",
                    "283"
                ]
            ],
            "all_sim_scores": [
                [
                    0.400605171918869,
                    0.38614392280578613,
                    0.3656923174858093,
                    0.352922260761261,
                    0.3517947793006897,
                    0.34815657138824463,
                    0.34582287073135376,
                    0.34250152111053467,
                    0.34212833642959595,
                    0.33533626794815063
                ]
            ],
            "last_action_method": "rank"
        },
        {
            "queries": [
                "Most popular destinations for theme park enthusiasts."
            ],
            "iteration": 0,
            "retrieved_lists": [
                [
                    "415",
                    "160",
                    "425",
                    "142",
                    "410",
                    "330",
                    "335",
                    "402",
                    "190",
                    "283"
                ]
            ],
            "all_sim_scores": [
                [
                    0.400605171918869,
                    0.38614392280578613,
                    0.3656923174858093,
                    0.352922260761261,
                    0.3517947793006897,
                    0.34815657138824463,
                    0.34582287073135376,
                    0.34250152111053467,
                    0.34212833642959595,
                    0.33533626794815063
                ]
            ],
            "last_action_method": "return_last_retrieved_list",
            "curr_top_k_docIDs": [
                "415",
                "160",
                "425",
                "142",
                "410",
                "330",
                "335",
                "402",
                "190",
                "283"
            ],
            "terminate": true
        }
    ]
}