{
    "queries": [
        "where was the bridge in saving private ryan"
    ],
    "iteration": 0,
    "retrieved_lists": [
        [
            "doc478042",
            "doc933779",
            "doc42032",
            "doc1683307",
            "doc1082567",
            "doc1922576",
            "doc1183855",
            "doc1598605",
            "doc1083811",
            "doc1705182",
            "doc969144",
            "doc2169787",
            "doc2160491",
            "doc1726102",
            "doc2207982",
            "doc868642",
            "doc2094004",
            "doc1695726",
            "doc1144383",
            "doc1758754",
            "doc2552961",
            "doc135499",
            "doc1964163",
            "doc2483490",
            "doc940001",
            "doc40517",
            "doc320520",
            "doc2669434",
            "doc79399",
            "doc1164621",
            "doc93590",
            "doc636076",
            "doc1144442",
            "doc2099562",
            "doc2291444",
            "doc1802346",
            "doc1819798",
            "doc2160264",
            "doc1591126",
            "doc268814",
            "doc1557983",
            "doc47608",
            "doc1155719",
            "doc2124377",
            "doc2044774",
            "doc1009092",
            "doc1969852",
            "doc949362",
            "doc1116958",
            "doc2669447",
            "doc1150795",
            "doc275332",
            "doc826893",
            "doc661005",
            "doc729210",
            "doc695672",
            "doc2235263",
            "doc2554865",
            "doc1047955",
            "doc718546"
        ]
    ],
    "all_sim_scores": [
        [
            0.6322404742240906,
            0.41030871868133545,
            0.4044312834739685,
            0.3823774755001068,
            0.3417346477508545,
            0.334017276763916,
            0.3311673700809479,
            0.30802616477012634,
            0.3075440526008606,
            0.3058726489543915,
            0.30518829822540283,
            0.3004809617996216,
            0.29759055376052856,
            0.29151493310928345,
            0.2837730050086975,
            0.2821198105812073,
            0.27821144461631775,
            0.2736437916755676,
            0.27019667625427246,
            0.2686402201652527,
            0.26614630222320557,
            0.26409220695495605,
            0.2625977396965027,
            0.2622010409832001,
            0.25624728202819824,
            0.25248196721076965,
            0.25046399235725403,
            0.2491658329963684,
            0.24819476902484894,
            0.24796634912490845,
            0.245318204164505,
            0.24350377917289734,
            0.24252763390541077,
            0.24004924297332764,
            0.2377447783946991,
            0.23673896491527557,
            0.2343767285346985,
            0.2336234152317047,
            0.23332147300243378,
            0.2313390076160431,
            0.23115375638008118,
            0.23079568147659302,
            0.23065832257270813,
            0.23008260130882263,
            0.2299410104751587,
            0.22942547500133514,
            0.2287611961364746,
            0.22843433916568756,
            0.2283840924501419,
            0.22708456218242645,
            0.22673623263835907,
            0.226497083902359,
            0.22622796893119812,
            0.22537508606910706,
            0.22434300184249878,
            0.2231627106666565,
            0.22224056720733643,
            0.2214513123035431,
            0.22134295105934143,
            0.22120137512683868
        ]
    ],
    "last_action_method": "return_last_retrieved_list",
    "curr_top_k_docIDs": [
        "doc478042",
        "doc933779",
        "doc42032",
        "doc1683307",
        "doc1082567",
        "doc1922576",
        "doc1183855",
        "doc1598605",
        "doc1083811",
        "doc1705182",
        "doc969144",
        "doc2169787",
        "doc2160491",
        "doc1726102",
        "doc2207982",
        "doc868642",
        "doc2094004",
        "doc1695726",
        "doc1144383",
        "doc1758754",
        "doc2552961",
        "doc135499",
        "doc1964163",
        "doc2483490",
        "doc940001",
        "doc40517",
        "doc320520",
        "doc2669434",
        "doc79399",
        "doc1164621",
        "doc93590",
        "doc636076",
        "doc1144442",
        "doc2099562",
        "doc2291444",
        "doc1802346",
        "doc1819798",
        "doc2160264",
        "doc1591126",
        "doc268814",
        "doc1557983",
        "doc47608",
        "doc1155719",
        "doc2124377",
        "doc2044774",
        "doc1009092",
        "doc1969852",
        "doc949362",
        "doc1116958",
        "doc2669447",
        "doc1150795",
        "doc275332",
        "doc826893",
        "doc661005",
        "doc729210",
        "doc695672",
        "doc2235263",
        "doc2554865",
        "doc1047955",
        "doc718546"
    ],
    "terminate": true,
    "state_history": [
        {
            "queries": [
                "where was the bridge in saving private ryan"
            ],
            "iteration": 0
        },
        {
            "queries": [
                "where was the bridge in saving private ryan"
            ],
            "iteration": 0,
            "retrieved_lists": [
                [
                    "doc478042",
                    "doc933779",
                    "doc42032",
                    "doc1683307",
                    "doc1082567",
                    "doc1922576",
                    "doc1183855",
                    "doc1598605",
                    "doc1083811",
                    "doc1705182",
                    "doc969144",
                    "doc2169787",
                    "doc2160491",
                    "doc1726102",
                    "doc2207982",
                    "doc868642",
                    "doc2094004",
                    "doc1695726",
                    "doc1144383",
                    "doc1758754",
                    "doc2552961",
                    "doc135499",
                    "doc1964163",
                    "doc2483490",
                    "doc940001",
                    "doc40517",
                    "doc320520",
                    "doc2669434",
                    "doc79399",
                    "doc1164621",
                    "doc93590",
                    "doc636076",
                    "doc1144442",
                    "doc2099562",
                    "doc2291444",
                    "doc1802346",
                    "doc1819798",
                    "doc2160264",
                    "doc1591126",
                    "doc268814",
                    "doc1557983",
                    "doc47608",
                    "doc1155719",
                    "doc2124377",
                    "doc2044774",
                    "doc1009092",
                    "doc1969852",
                    "doc949362",
                    "doc1116958",
                    "doc2669447",
                    "doc1150795",
                    "doc275332",
                    "doc826893",
                    "doc661005",
                    "doc729210",
                    "doc695672",
                    "doc2235263",
                    "doc2554865",
                    "doc1047955",
                    "doc718546"
                ]
            ],