{
    "queries": [
        "Best cities for water activities"
    ],
    "iteration": 0,
    "retrieved_lists": [
        [
            "141",
            "399",
            "338",
            "251",
            "520",
            "330",
            "124",
            "303",
            "284",
            "392",
            "120",
            "61",
            "237",
            "328",
            "283",
            "179",
            "296",
            "468",
            "168",
            "363",
            "109",
            "105",
            "352",
            "319",
            "8",
            "539",
            "187",
            "366",
            "92",
            "180",
            "122",
            "77",
            "91",
            "408",
            "320",
            "43",
            "12",
            "316",
            "121",
            "516",
            "243",
            "492",
            "380",
            "31",
            "142",
            "71",
            "95",
            "204",
            "400",
            "87",
            "423",
            "201",
            "286",
            "16",
            "52",
            "402",
            "378",
            "11",
            "6",
            "300"
        ]
    ],
    "all_sim_scores": [
        [
            0.649143636226654,
            0.6453856229782104,
            0.6444262266159058,
            0.6232258677482605,
            0.6153537034988403,
            0.6148972511291504,
            0.6124317049980164,
            0.6123024225234985,
            0.612205982208252,
            0.6095858216285706,
            0.6086251735687256,
            0.6076481342315674,
            0.6033327579498291,
            0.6028278470039368,
            0.6024690866470337,
            0.5991431474685669,
            0.5986382961273193,
            0.5984864234924316,
            0.5975281596183777,
            0.596123993396759,
            0.5946801900863647,
            0.5934674739837646,
            0.5923497080802917,
            0.5917155146598816,
            0.5912775993347168,
            0.5901514291763306,
            0.5897464752197266,
            0.5892276763916016,
            0.5888842344284058,
            0.5887532830238342,
            0.5885151624679565,
            0.5877440571784973,
            0.5854295492172241,
            0.5851485133171082,
            0.5851165056228638,
            0.585104763507843,
            0.5850271582603455,
            0.5837846398353577,
            0.5837815999984741,
            0.5837684869766235,
            0.5837631225585938,
            0.5834556818008423,
            0.5826987028121948,
            0.5820497274398804,
            0.5820465087890625,
            0.5810797810554504,
            0.5798628926277161,
            0.5794898271560669,
            0.5794538259506226,
            0.5794512629508972,
            0.5788147449493408,
            0.5784570574760437,
            0.5771042108535767,
            0.576575756072998,
            0.5746517181396484,
            0.5743505954742432,
            0.573955774307251,
            0.5733746886253357,
            0.5724856853485107,
            0.5719091892242432
        ]
    ],
    "last_action_method": "return_last_retrieved_list",
    "curr_top_k_docIDs": [
        "141",
        "399",
        "338",
        "251",
        "520",
        "330",
        "124",
        "303",
        "284",
        "392",
        "120",
        "61",
        "237",
        "328",
        "283",
        "179",
        "296",
        "468",
        "168",
        "363",
        "109",
        "105",
        "352",
        "319",
        "8",
        "539",
        "187",
        "366",
        "92",
        "180",
        "122",
        "77",
        "91",
        "408",
        "320",
        "43",
        "12",
        "316",
        "121",
        "516",
        "243",
        "492",
        "380",
        "31",
        "142",
        "71",
        "95",
        "204",
        "400",
        "87",
        "423",
        "201",
        "286",
        "16",
        "52",
        "402",
        "378",
        "11",
        "6",
        "300"
    ],
    "terminate": true,
    "state_history": [
        {
            "queries": [
                "Best cities for water activities"
            ],
            "iteration": 0
        },
        {
            "queries": [
                "Best cities for water activities"
            ],
            "iteration": 0,
            "retrieved_lists": [
                [
                    "141",
                    "399",
                    "338",
                    "251",
                    "520",
                    "330",
                    "124",
                    "303",
                    "284",
                    "392",
                    "120",
                    "61",
                    "237",
                    "328",
                    "283",
                    "179",
                    "296",
                    "468",
                    "168",
                    "363",
                    "109",
                    "105",
                    "352",
                    "319",
                    "8",
                    "539",
                    "187",
                    "366",
                    "92",
                    "180",
                    "122",
                    "77",
                    "91",
                    "408",
                    "320",
                    "43",
                    "12",
                    "316",
                    "121",
                    "516",
                    "243",
                    "492",
                    "380",
                    "31",
                    "142",
                    "71",
                    "95",
                    "204",
                    "400",
                    "87",
                    "423",
                    "201",
                    "286",
                    "16",
                    "52",
                    "402",
                    "378",
                    "11",
                    "6",
                    "300"
                ]
            ],