{
    "queries": [
        "Cleanest cities to visit"
    ],
    "iteration": 0,
    "retrieved_lists": [
        [
            "199",
            "283",
            "400",
            "320",
            "404",
            "497",
            "405",
            "406",
            "409",
            "177"
        ]
    ],
    "all_sim_scores": [
        [
            0.3927595615386963,
            0.3845776915550232,
            0.3729460835456848,
            0.3702431619167328,
            0.3620521128177643,
            0.36113792657852173,
            0.36079490184783936,
            0.3598182797431946,
            0.35876035690307617,
            0.3563721776008606
        ]
    ],
    "last_action_method": "return_last_retrieved_list",
    "curr_top_k_docIDs": [
        "199",
        "283",
        "400",
        "320",
        "404",
        "497",
        "405",
        "406",
        "409",
        "177"
    ],
    "terminate": true,
    "state_history": [
        {
            "queries": [
                "Cleanest cities to visit"
            ],
            "iteration": 0
        },
        {
            "queries": [
                "Cleanest cities to visit"
            ],
            "iteration": 0,
            "retrieved_lists": [
                [
                    "199",
                    "283",
                    "400",
                    "320",
                    "404",
                    "497",
                    "405",
                    "406",
                    "409",
                    "177"
                ]
            ],
            "all_sim_scores": [
                [
                    0.3927595615386963,
                    0.3845776915550232,
                    0.3729460835456848,
                    0.3702431619167328,
                    0.3620521128177643,
                    0.36113792657852173,
                    0.36079490184783936,
                    0.3598182797431946,
                    0.35876035690307617,
                    0.3563721776008606
                ]
            ],
            "last_action_method": "rank"
        },
        {
            "queries": [
                "Cleanest cities to visit"
            ],
            "iteration": 0,
            "retrieved_lists": [
                [
                    "199",
                    "283",
                    "400",
                    "320",
                    "404",
                    "497",
                    "405",
                    "406",
                    "409",
                    "177"
                ]
            ],
            "all_sim_scores": [
                [
                    0.3927595615386963,
                    0.3845776915550232,
                    0.3729460835456848,
                    0.3702431619167328,
                    0.3620521128177643,
                    0.36113792657852173,
                    0.36079490184783936,
                    0.3598182797431946,
                    0.35876035690307617,
                    0.3563721776008606
                ]
            ],
            "last_action_method": "return_last_retrieved_list",
            "curr_top_k_docIDs": [
                "199",
                "283",
                "400",
                "320",
                "404",
                "497",
                "405",
                "406",
                "409",
                "177"
            ],
            "terminate": true
        }
    ]
}