{
    "queries": [
        "what is the purpose of the national do not call registry"
    ],
    "iteration": 0,
    "retrieved_lists": [
        [
            "doc113758",
            "doc2463207",
            "doc1254171",
            "doc1254125",
            "doc2057007",
            "doc1054107",
            "doc1632862",
            "doc1440880",
            "doc52586",
            "doc2331926",
            "doc2004150",
            "doc2605350",
            "doc2202713",
            "doc1260531",
            "doc1380763",
            "doc808331",
            "doc1858134",
            "doc1999661",
            "doc1963051",
            "doc733447",
            "doc2429914",
            "doc1262135",
            "doc1008206",
            "doc1008447",
            "doc1792294",
            "doc1293439",
            "doc264597",
            "doc1818380",
            "doc2106134",
            "doc2460826",
            "doc1051162",
            "doc2545848",
            "doc1231157",
            "doc594754",
            "doc2345859",
            "doc1656695",
            "doc1963061",
            "doc1634665",
            "doc970224",
            "doc2606672",
            "doc1266576",
            "doc26279",
            "doc166993",
            "doc745022",
            "doc2109142",
            "doc1108385",
            "doc732915",
            "doc1320861",
            "doc644814",
            "doc725704",
            "doc483440",
            "doc763742",
            "doc2593721",
            "doc106584",
            "doc472196",
            "doc638528",
            "doc1231085",
            "doc2104635",
            "doc2464339",
            "doc2106139"
        ]
    ],
    "all_sim_scores": [
        [
            0.7373448014259338,
            0.5298349857330322,
            0.43581622838974,
            0.40302592515945435,
            0.39154964685440063,
            0.3833773136138916,
            0.38310492038726807,
            0.3809966444969177,
            0.3691144585609436,
            0.34806859493255615,
            0.3466389775276184,
            0.3453480303287506,
            0.3418557941913605,
            0.3342304229736328,
            0.33419135212898254,
            0.33198779821395874,
            0.331951767206192,
            0.33101212978363037,
            0.32386308908462524,
            0.32213783264160156,
            0.3186543881893158,
            0.3089286983013153,
            0.30839282274246216,
            0.3073362708091736,
            0.3050884008407593,
            0.303631991147995,
            0.3031606674194336,
            0.3024842143058777,
            0.3006022274494171,
            0.2995713949203491,
            0.29939427971839905,
            0.29920655488967896,
            0.29641032218933105,
            0.2949444651603699,
            0.2933303713798523,
            0.2917971909046173,
            0.28740066289901733,
            0.2831994295120239,
            0.2816114127635956,
            0.28145742416381836,
            0.2814122438430786,
            0.28039586544036865,
            0.27946579456329346,
            0.2774820327758789,
            0.277404248714447,
            0.2756313681602478,
            0.2754686772823334,
            0.27515387535095215,
            0.27436020970344543,
            0.2737075686454773,
            0.2723621129989624,
            0.27083906531333923,
            0.2699015736579895,
            0.2688441872596741,
            0.2652362287044525,
            0.2639218270778656,
            0.2637845575809479,
            0.2619853615760803,
            0.2599993050098419,
            0.25890663266181946
        ]
    ],
    "last_action_method": "return_last_retrieved_list",
    "curr_top_k_docIDs": [
        "doc113758",
        "doc2463207",
        "doc1254171",
        "doc1254125",
        "doc2057007",
        "doc1054107",
        "doc1632862",
        "doc1440880",
        "doc52586",
        "doc2331926",
        "doc2004150",
        "doc2605350",
        "doc2202713",
        "doc1260531",
        "doc1380763",
        "doc808331",
        "doc1858134",
        "doc1999661",
        "doc1963051",
        "doc733447",
        "doc2429914",
        "doc1262135",
        "doc1008206",
        "doc1008447",
        "doc1792294",
        "doc1293439",
        "doc264597",
        "doc1818380",
        "doc2106134",
        "doc2460826",
        "doc1051162",
        "doc2545848",
        "doc1231157",
        "doc594754",
        "doc2345859",
        "doc1656695",
        "doc1963061",
        "doc1634665",
        "doc970224",
        "doc2606672",
        "doc1266576",
        "doc26279",
        "doc166993",
        "doc745022",
        "doc2109142",
        "doc1108385",
        "doc732915",
        "doc1320861",
        "doc644814",
        "doc725704",
        "doc483440",
        "doc763742",
        "doc2593721",
        "doc106584",
        "doc472196",
        "doc638528",
        "doc1231085",
        "doc2104635",
        "doc2464339",
        "doc2106139"
    ],
    "terminate": true,
    "state_history": [
        {
            "queries": [
                "what is the purpose of the national do not call registry"
            ],
            "iteration": 0
        },
        {
            "queries": [
                "what is the purpose of the national do not call registry"
            ],
            "iteration": 0,
            "retrieved_lists": [
                [
                    "doc113758",
                    "doc2463207",
                    "doc1254171",
                    "doc1254125",
                    "doc2057007",
                    "doc1054107",
                    "doc1632862",
                    "doc1440880",
                    "doc52586",
                    "doc2331926",
                    "doc2004150",
                    "doc2605350",
                    "doc2202713",
                    "doc1260531",
                    "doc1380763",
                    "doc808331",
                    "doc1858134",
                    "doc1999661",
                    "doc1963051",
                    "doc733447",
                    "doc2429914",
                    "doc1262135",
                    "doc1008206",
                    "doc1008447",
                    "doc1792294",
                    "doc1293439",
                    "doc264597",
                    "doc1818380",
                    "doc2106134",
                    "doc2460826",
                    "doc1051162",
                    "doc2545848",
                    "doc1231157",
                    "doc594754",
                    "doc2345859",
                    "doc1656695",
                    "doc1963061",
                    "doc1634665",
                    "doc970224",
                    "doc2606672",
                    "doc1266576",
                    "doc26279",
                    "doc166993",
                    "doc745022",
                    "doc2109142",
                    "doc1108385",
                    "doc732915",
                    "doc1320861",
                    "doc644814",
                    "doc725704",
                    "doc483440",
                    "doc763742",
                    "doc2593721",
                    "doc106584",
                    "doc472196",
                    "doc638528",
                    "doc1231085",
                    "doc2104635",
                    "doc2464339",
                    "doc2106139"
                ]
            ],