{
    "queries": [
        "what is the purpose of the national do not call registry"
    ],
    "iteration": 0,
    "retrieved_lists": [
        [
            "doc113758",
            "doc604946",
            "doc2463207",
            "doc2463158",
            "doc2463154",
            "doc2463182",
            "doc145459",
            "doc2463128",
            "doc1254171",
            "doc1429522",
            "doc322474",
            "doc1482245",
            "doc322439",
            "doc519144",
            "doc2034104",
            "doc2343636",
            "doc355656",
            "doc2043688",
            "doc2463172",
            "doc536860",
            "doc1254125",
            "doc1159258",
            "doc1260403",
            "doc1773937",
            "doc503832",
            "doc1752327",
            "doc2057007",
            "doc1977127",
            "doc1429527",
            "doc2454193",
            "doc322466",
            "doc604860",
            "doc1054107",
            "doc1632862",
            "doc1440880",
            "doc1774022",
            "doc882930",
            "doc1440871",
            "doc1890226",
            "doc2596800",
            "doc911795",
            "doc604852",
            "doc322440",
            "doc2104526",
            "doc604919",
            "doc1922650",
            "doc1963162",
            "doc52586",
            "doc306861",
            "doc1858149",
            "doc1369469",
            "doc2596806",
            "doc1146300",
            "doc766307",
            "doc942747",
            "doc1146301",
            "doc1096996",
            "doc1763757",
            "doc796449",
            "doc1429525"
        ]
    ],
    "all_sim_scores": [
        [
            0.7373448014259338,
            0.5427374839782715,
            0.5298349857330322,
            0.4812782406806946,
            0.4781267046928406,
            0.44910937547683716,
            0.4438478648662567,
            0.44090455770492554,
            0.43581622838974,
            0.43170201778411865,
            0.4315302073955536,
            0.42541366815567017,
            0.4231595993041992,
            0.4217458963394165,
            0.41682323813438416,
            0.4157786965370178,
            0.41315892338752747,
            0.41157230734825134,
            0.41074687242507935,
            0.40546292066574097,
            0.40302592515945435,
            0.39953362941741943,
            0.3993901014328003,
            0.39846915006637573,
            0.3967495560646057,
            0.3917522430419922,
            0.39154964685440063,
            0.3908393383026123,
            0.38760846853256226,
            0.38740238547325134,
            0.38655054569244385,
            0.38404902815818787,
            0.3833773136138916,
            0.38310492038726807,
            0.3809966444969177,
            0.3794991672039032,
            0.3791377544403076,
            0.37801021337509155,
            0.3762342929840088,
            0.3757586181163788,
            0.37480428814888,
            0.3745264410972595,
            0.374355673789978,
            0.37278056144714355,
            0.3713000416755676,
            0.37004172801971436,
            0.36937248706817627,
            0.3691144585609436,
            0.3687225878238678,
            0.3685266375541687,
            0.36744022369384766,
            0.3665808439254761,
            0.36645328998565674,
            0.36578911542892456,
            0.3637760281562805,
            0.36310356855392456,
            0.3628256320953369,
            0.36247187852859497,
            0.36019420623779297,
            0.3596038818359375
        ]
    ],
    "last_action_method": "return_last_retrieved_list",
    "curr_top_k_docIDs": [
        "doc113758",
        "doc604946",
        "doc2463207",
        "doc2463158",
        "doc2463154",
        "doc2463182",
        "doc145459",
        "doc2463128",
        "doc1254171",
        "doc1429522",
        "doc322474",
        "doc1482245",
        "doc322439",
        "doc519144",
        "doc2034104",
        "doc2343636",
        "doc355656",
        "doc2043688",
        "doc2463172",
        "doc536860",
        "doc1254125",
        "doc1159258",
        "doc1260403",
        "doc1773937",
        "doc503832",
        "doc1752327",
        "doc2057007",
        "doc1977127",
        "doc1429527",
        "doc2454193",
        "doc322466",
        "doc604860",
        "doc1054107",
        "doc1632862",
        "doc1440880",
        "doc1774022",
        "doc882930",
        "doc1440871",
        "doc1890226",
        "doc2596800",
        "doc911795",
        "doc604852",
        "doc322440",
        "doc2104526",
        "doc604919",
        "doc1922650",
        "doc1963162",
        "doc52586",
        "doc306861",
        "doc1858149",
        "doc1369469",
        "doc2596806",
        "doc1146300",
        "doc766307",
        "doc942747",
        "doc1146301",
        "doc1096996",
        "doc1763757",
        "doc796449",
        "doc1429525"
    ],
    "terminate": true,
    "state_history": [
        {
            "queries": [
                "what is the purpose of the national do not call registry"
            ],
            "iteration": 0
        },
        {
            "queries": [
                "what is the purpose of the national do not call registry"
            ],
            "iteration": 0,
            "retrieved_lists": [
                [
                    "doc113758",
                    "doc604946",
                    "doc2463207",
                    "doc2463158",
                    "doc2463154",
                    "doc2463182",
                    "doc145459",
                    "doc2463128",
                    "doc1254171",
                    "doc1429522",
                    "doc322474",
                    "doc1482245",
                    "doc322439",
                    "doc519144",
                    "doc2034104",
                    "doc2343636",
                    "doc355656",
                    "doc2043688",
                    "doc2463172",
                    "doc536860",
                    "doc1254125",
                    "doc1159258",
                    "doc1260403",
                    "doc1773937",
                    "doc503832",
                    "doc1752327",
                    "doc2057007",
                    "doc1977127",
                    "doc1429527",
                    "doc2454193",
                    "doc322466",
                    "doc604860",
                    "doc1054107",
                    "doc1632862",
                    "doc1440880",
                    "doc1774022",
                    "doc882930",
                    "doc1440871",
                    "doc1890226",
                    "doc2596800",
                    "doc911795",
                    "doc604852",
                    "doc322440",
                    "doc2104526",
                    "doc604919",
                    "doc1922650",
                    "doc1963162",
                    "doc52586",
                    "doc306861",
                    "doc1858149",
                    "doc1369469",
                    "doc2596806",
                    "doc1146300",
                    "doc766307",
                    "doc942747",
                    "doc1146301",
                    "doc1096996",
                    "doc1763757",
                    "doc796449",
                    "doc1429525"
                ]
            ],