{
    "queries": [
        "Top cities for music lovers"
    ],
    "iteration": 0,
    "retrieved_lists": [
        [
            "283",
            "320",
            "400",
            "204",
            "315",
            "180",
            "280",
            "543",
            "497",
            "249"
        ]
    ],
    "all_sim_scores": [
        [
            0.46046173572540283,
            0.4574819803237915,
            0.4442713260650635,
            0.42900729179382324,
            0.4269847869873047,
            0.4266119599342346,
            0.42489951848983765,
            0.4243014454841614,
            0.4239772856235504,
            0.41469669342041016
        ]
    ],
    "last_action_method": "return_last_retrieved_list",
    "curr_top_k_docIDs": [
        "283",
        "320",
        "400",
        "204",
        "315",
        "180",
        "280",
        "543",
        "497",
        "249"
    ],
    "terminate": true,
    "state_history": [
        {
            "queries": [
                "Top cities for music lovers"
            ],
            "iteration": 0
        },
        {
            "queries": [
                "Top cities for music lovers"
            ],
            "iteration": 0,
            "retrieved_lists": [
                [
                    "283",
                    "320",
                    "400",
                    "204",
                    "315",
                    "180",
                    "280",
                    "543",
                    "497",
                    "249"
                ]
            ],
            "all_sim_scores": [
                [
                    0.46046173572540283,
                    0.4574819803237915,
                    0.4442713260650635,
                    0.42900729179382324,
                    0.4269847869873047,
                    0.4266119599342346,
                    0.42489951848983765,
                    0.4243014454841614,
                    0.4239772856235504,
                    0.41469669342041016
                ]
            ],
            "last_action_method": "rank"
        },
        {
            "queries": [
                "Top cities for music lovers"
            ],
            "iteration": 0,
            "retrieved_lists": [
                [
                    "283",
                    "320",
                    "400",
                    "204",
                    "315",
                    "180",
                    "280",
                    "543",
                    "497",
                    "249"
                ]
            ],
            "all_sim_scores": [
                [
                    0.46046173572540283,
                    0.4574819803237915,
                    0.4442713260650635,
                    0.42900729179382324,
                    0.4269847869873047,
                    0.4266119599342346,
                    0.42489951848983765,
                    0.4243014454841614,
                    0.4239772856235504,
                    0.41469669342041016
                ]
            ],
            "last_action_method": "return_last_retrieved_list",
            "curr_top_k_docIDs": [
                "283",
                "320",
                "400",
                "204",
                "315",
                "180",
                "280",
                "543",
                "497",
                "249"
            ],
            "terminate": true
        }
    ]
}