{
    "queries": [
        "stainless steel covers for apple watch"
    ],
    "iteration": 0,
    "retrieved_lists": [
        [
            "933529",
            "732022",
            "263531",
            "1382382",
            "1232307",
            "632072",
            "434451",
            "280607",
            "776550",
            "669727"
        ]
    ],
    "all_sim_scores": [
        [
            0.796189546585083,
            0.7778605222702026,
            0.7462923526763916,
            0.7427402138710022,
            0.7416229248046875,
            0.7413933873176575,
            0.7408190369606018,
            0.737517237663269,
            0.7227389216423035,
            0.7182602882385254
        ]
    ],
    "last_action_method": "return_last_retrieved_list",
    "curr_top_k_docIDs": [
        "933529",
        "732022",
        "263531",
        "1382382",
        "1232307",
        "632072",
        "434451",
        "280607",
        "776550",
        "669727"
    ],
    "terminate": true,
    "state_history": [
        {
            "queries": [
                "stainless steel covers for apple watch"
            ],
            "iteration": 0
        },
        {
            "queries": [
                "stainless steel covers for apple watch"
            ],
            "iteration": 0,
            "retrieved_lists": [
                [
                    "933529",
                    "732022",
                    "263531",
                    "1382382",
                    "1232307",
                    "632072",
                    "434451",
                    "280607",
                    "776550",
                    "669727"
                ]
            ],
            "all_sim_scores": [
                [
                    0.796189546585083,
                    0.7778605222702026,
                    0.7462923526763916,
                    0.7427402138710022,
                    0.7416229248046875,
                    0.7413933873176575,
                    0.7408190369606018,
                    0.737517237663269,
                    0.7227389216423035,
                    0.7182602882385254
                ]
            ],
            "last_action_method": "rank"
        },
        {
            "queries": [
                "stainless steel covers for apple watch"
            ],
            "iteration": 0,
            "retrieved_lists": [
                [
                    "933529",
                    "732022",
                    "263531",
                    "1382382",
                    "1232307",
                    "632072",
                    "434451",
                    "280607",
                    "776550",
                    "669727"
                ]
            ],
            "all_sim_scores": [
                [
                    0.796189546585083,
                    0.7778605222702026,
                    0.7462923526763916,
                    0.7427402138710022,
                    0.7416229248046875,
                    0.7413933873176575,
                    0.7408190369606018,
                    0.737517237663269,
                    0.7227389216423035,
                    0.7182602882385254
                ]
            ],
            "last_action_method": "return_last_retrieved_list",
            "curr_top_k_docIDs": [
                "933529",
                "732022",
                "263531",
                "1382382",
                "1232307",
                "632072",
                "434451",
                "280607",
                "776550",
                "669727"
            ],
            "terminate": true
        }
    ]
}