{
    "queries": [
        "I want to explore unique local events"
    ],
    "iteration": 0,
    "retrieved_lists": [
        [
            "497",
            "446",
            "467",
            "376",
            "490",
            "418",
            "226",
            "415",
            "6",
            "259"
        ]
    ],
    "all_sim_scores": [
        [
            0.3018372058868408,
            0.30111563205718994,
            0.28731769323349,
            0.2852977514266968,
            0.2838272750377655,
            0.28221628069877625,
            0.27938640117645264,
            0.27825868129730225,
            0.2771225571632385,
            0.27684688568115234
        ]
    ],
    "last_action_method": "return_last_retrieved_list",
    "curr_top_k_docIDs": [
        "497",
        "446",
        "467",
        "376",
        "490",
        "418",
        "226",
        "415",
        "6",
        "259"
    ],
    "terminate": true,
    "state_history": [
        {
            "queries": [
                "I want to explore unique local events"
            ],
            "iteration": 0
        },
        {
            "queries": [
                "I want to explore unique local events"
            ],
            "iteration": 0,
            "retrieved_lists": [
                [
                    "497",
                    "446",
                    "467",
                    "376",
                    "490",
                    "418",
                    "226",
                    "415",
                    "6",
                    "259"
                ]
            ],
            "all_sim_scores": [
                [
                    0.3018372058868408,
                    0.30111563205718994,
                    0.28731769323349,
                    0.2852977514266968,
                    0.2838272750377655,
                    0.28221628069877625,
                    0.27938640117645264,
                    0.27825868129730225,
                    0.2771225571632385,
                    0.27684688568115234
                ]
            ],
            "last_action_method": "rank"
        },
        {
            "queries": [
                "I want to explore unique local events"
            ],
            "iteration": 0,
            "retrieved_lists": [
                [
                    "497",
                    "446",
                    "467",
                    "376",
                    "490",
                    "418",
                    "226",
                    "415",
                    "6",
                    "259"
                ]
            ],
            "all_sim_scores": [
                [
                    0.3018372058868408,
                    0.30111563205718994,
                    0.28731769323349,
                    0.2852977514266968,
                    0.2838272750377655,
                    0.28221628069877625,
                    0.27938640117645264,
                    0.27825868129730225,
                    0.2771225571632385,
                    0.27684688568115234
                ]
            ],
            "last_action_method": "return_last_retrieved_list",
            "curr_top_k_docIDs": [
                "497",
                "446",
                "467",
                "376",
                "490",
                "418",
                "226",
                "415",
                "6",
                "259"
            ],
            "terminate": true
        }
    ]
}