{
    "queries": [
        "Recommended cities for company teambuilding"
    ],
    "iteration": 0,
    "retrieved_lists": [
        [
            "199",
            "320",
            "283",
            "204",
            "392",
            "490",
            "497",
            "428",
            "368",
            "400"
        ]
    ],
    "all_sim_scores": [
        [
            0.43805158138275146,
            0.4201851189136505,
            0.4139132797718048,
            0.4075238108634949,
            0.39397555589675903,
            0.3857246935367584,
            0.3770099878311157,
            0.3754482865333557,
            0.373258113861084,
            0.370271772146225
        ]
    ],
    "last_action_method": "return_last_retrieved_list",
    "curr_top_k_docIDs": [
        "199",
        "320",
        "283",
        "204",
        "392",
        "490",
        "497",
        "428",
        "368",
        "400"
    ],
    "terminate": true,
    "state_history": [
        {
            "queries": [
                "Recommended cities for company teambuilding"
            ],
            "iteration": 0
        },
        {
            "queries": [
                "Recommended cities for company teambuilding"
            ],
            "iteration": 0,
            "retrieved_lists": [
                [
                    "199",
                    "320",
                    "283",
                    "204",
                    "392",
                    "490",
                    "497",
                    "428",
                    "368",
                    "400"
                ]
            ],
            "all_sim_scores": [
                [
                    0.43805158138275146,
                    0.4201851189136505,
                    0.4139132797718048,
                    0.4075238108634949,
                    0.39397555589675903,
                    0.3857246935367584,
                    0.3770099878311157,
                    0.3754482865333557,
                    0.373258113861084,
                    0.370271772146225
                ]
            ],
            "last_action_method": "rank"
        },
        {
            "queries": [
                "Recommended cities for company teambuilding"
            ],
            "iteration": 0,
            "retrieved_lists": [
                [
                    "199",
                    "320",
                    "283",
                    "204",
                    "392",
                    "490",
                    "497",
                    "428",
                    "368",
                    "400"
                ]
            ],
            "all_sim_scores": [
                [
                    0.43805158138275146,
                    0.4201851189136505,
                    0.4139132797718048,
                    0.4075238108634949,
                    0.39397555589675903,
                    0.3857246935367584,
                    0.3770099878311157,
                    0.3754482865333557,
                    0.373258113861084,
                    0.370271772146225
                ]
            ],
            "last_action_method": "return_last_retrieved_list",
            "curr_top_k_docIDs": [
                "199",
                "320",
                "283",
                "204",
                "392",
                "490",
                "497",
                "428",
                "368",
                "400"
            ],
            "terminate": true
        }
    ]
}