{
    "queries": [
        "Great cities for solo travelers"
    ],
    "iteration": 0,
    "retrieved_lists": [
        [
            "497",
            "320",
            "199",
            "338",
            "283",
            "122",
            "70",
            "233",
            "160",
            "249"
        ]
    ],
    "all_sim_scores": [
        [
            0.468940794467926,
            0.4037751257419586,
            0.40282124280929565,
            0.39729681611061096,
            0.3876155912876129,
            0.38395994901657104,
            0.37634339928627014,
            0.3761974573135376,
            0.3752748370170593,
            0.3750350773334503
        ]
    ],
    "last_action_method": "return_last_retrieved_list",
    "curr_top_k_docIDs": [
        "497",
        "320",
        "199",
        "338",
        "283",
        "122",
        "70",
        "233",
        "160",
        "249"
    ],
    "terminate": true,
    "state_history": [
        {
            "queries": [
                "Great cities for solo travelers"
            ],
            "iteration": 0
        },
        {
            "queries": [
                "Great cities for solo travelers"
            ],
            "iteration": 0,
            "retrieved_lists": [
                [
                    "497",
                    "320",
                    "199",
                    "338",
                    "283",
                    "122",
                    "70",
                    "233",
                    "160",
                    "249"
                ]
            ],
            "all_sim_scores": [
                [
                    0.468940794467926,
                    0.4037751257419586,
                    0.40282124280929565,
                    0.39729681611061096,
                    0.3876155912876129,
                    0.38395994901657104,
                    0.37634339928627014,
                    0.3761974573135376,
                    0.3752748370170593,
                    0.3750350773334503
                ]
            ],
            "last_action_method": "rank"
        },
        {
            "queries": [
                "Great cities for solo travelers"
            ],
            "iteration": 0,
            "retrieved_lists": [
                [
                    "497",
                    "320",
                    "199",
                    "338",
                    "283",
                    "122",
                    "70",
                    "233",
                    "160",
                    "249"
                ]
            ],
            "all_sim_scores": [
                [
                    0.468940794467926,
                    0.4037751257419586,
                    0.40282124280929565,
                    0.39729681611061096,
                    0.3876155912876129,
                    0.38395994901657104,
                    0.37634339928627014,
                    0.3761974573135376,
                    0.3752748370170593,
                    0.3750350773334503
                ]
            ],
            "last_action_method": "return_last_retrieved_list",
            "curr_top_k_docIDs": [
                "497",
                "320",
                "199",
                "338",
                "283",
                "122",
                "70",
                "233",
                "160",
                "249"
            ],
            "terminate": true
        }
    ]
}