{
    "queries": [
        "Leading tech hub cities"
    ],
    "iteration": 0,
    "retrieved_lists": [
        [
            "400",
            "401",
            "251",
            "105",
            "352",
            "109",
            "120",
            "119",
            "43",
            "385"
        ]
    ],
    "all_sim_scores": [
        [
            0.684459924697876,
            0.6801795959472656,
            0.6619843244552612,
            0.6594584584236145,
            0.6590888500213623,
            0.6516578197479248,
            0.6515474319458008,
            0.6496663093566895,
            0.6494121551513672,
            0.6477396488189697
        ]
    ],
    "last_action_method": "return_last_retrieved_list",
    "curr_top_k_docIDs": [
        "400",
        "401",
        "251",
        "105",
        "352",
        "109",
        "120",
        "119",
        "43",
        "385"
    ],
    "terminate": true,
    "state_history": [
        {
            "queries": [
                "Leading tech hub cities"
            ],
            "iteration": 0
        },
        {
            "queries": [
                "Leading tech hub cities"
            ],
            "iteration": 0,
            "retrieved_lists": [
                [
                    "400",
                    "401",
                    "251",
                    "105",
                    "352",
                    "109",
                    "120",
                    "119",
                    "43",
                    "385"
                ]
            ],
            "all_sim_scores": [
                [
                    0.684459924697876,
                    0.6801795959472656,
                    0.6619843244552612,
                    0.6594584584236145,
                    0.6590888500213623,
                    0.6516578197479248,
                    0.6515474319458008,
                    0.6496663093566895,
                    0.6494121551513672,
                    0.6477396488189697
                ]
            ],
            "last_action_method": "rank"
        },
        {
            "queries": [
                "Leading tech hub cities"
            ],
            "iteration": 0,
            "retrieved_lists": [
                [
                    "400",
                    "401",
                    "251",
                    "105",
                    "352",
                    "109",
                    "120",
                    "119",
                    "43",
                    "385"
                ]
            ],
            "all_sim_scores": [
                [
                    0.684459924697876,
                    0.6801795959472656,
                    0.6619843244552612,
                    0.6594584584236145,
                    0.6590888500213623,
                    0.6516578197479248,
                    0.6515474319458008,
                    0.6496663093566895,
                    0.6494121551513672,
                    0.6477396488189697
                ]
            ],
            "last_action_method": "return_last_retrieved_list",
            "curr_top_k_docIDs": [
                "400",
                "401",
                "251",
                "105",
                "352",
                "109",
                "120",
                "119",
                "43",
                "385"
            ],
            "terminate": true
        }
    ]
}