{
    "queries": [
        "who won the battle of stirling bridge 1297"
    ],
    "iteration": 0,
    "retrieved_lists": [
        [
            "doc79399",
            "doc1922576",
            "doc1556815",
            "doc2488628",
            "doc1663290",
            "doc2032264",
            "doc459228",
            "doc445210",
            "doc1492113",
            "doc1705182",
            "doc2038425",
            "doc661353",
            "doc1896500",
            "doc1052401",
            "doc2641603",
            "doc626064",
            "doc1964163",
            "doc2213827",
            "doc787497",
            "doc1932631",
            "doc762835",
            "doc1605773",
            "doc1116179",
            "doc1098423",
            "doc2169787",
            "doc2207982",
            "doc455597",
            "doc1425189",
            "doc933779",
            "doc1090612",
            "doc2332767",
            "doc563790",
            "doc1778453",
            "doc1224286",
            "doc1111487",
            "doc1714135",
            "doc1557983",
            "doc2650973",
            "doc1052414",
            "doc2364143",
            "doc416162",
            "doc135499",
            "doc479387",
            "doc2458833",
            "doc2611850",
            "doc451401",
            "doc2364145",
            "doc1639799",
            "doc1625398",
            "doc209674",
            "doc1144442",
            "doc4216",
            "doc826646",
            "doc805184",
            "doc2666025",
            "doc2239705",
            "doc765190",
            "doc735338",
            "doc1144383",
            "doc1597937"
        ]
    ],
    "all_sim_scores": [
        [
            0.7791653275489807,
            0.3814389407634735,
            0.36075282096862793,
            0.35225948691368103,
            0.3501494526863098,
            0.3492909073829651,
            0.3419015407562256,
            0.3341996371746063,
            0.32741859555244446,
            0.3242270350456238,
            0.3163317143917084,
            0.31577685475349426,
            0.315400630235672,
            0.3145717978477478,
            0.3074808716773987,
            0.30734509229660034,
            0.304326593875885,
            0.2992987334728241,
            0.29719287157058716,
            0.2872084081172943,
            0.2866193652153015,
            0.28534531593322754,
            0.2829810380935669,
            0.2823954224586487,
            0.28163960576057434,
            0.2814720869064331,
            0.27984166145324707,
            0.2771854102611542,
            0.27568519115448,
            0.27545613050460815,
            0.27449584007263184,
            0.27364423871040344,
            0.27348291873931885,
            0.2711479961872101,
            0.27055948972702026,
            0.2704319357872009,
            0.26721563935279846,
            0.2670475244522095,
            0.2661546468734741,
            0.2649129033088684,
            0.2618063688278198,
            0.2611975073814392,
            0.26032859086990356,
            0.26019150018692017,
            0.2561410665512085,
            0.25578129291534424,
            0.25505226850509644,
            0.25430798530578613,
            0.25219517946243286,
            0.25166410207748413,
            0.25121551752090454,
            0.25114479660987854,
            0.2510085105895996,
            0.25084561109542847,
            0.2506614625453949,
            0.2505336105823517,
            0.24994781613349915,
            0.24813245236873627,
            0.24768434464931488,
            0.2460901439189911
        ]
    ],
    "last_action_method": "return_last_retrieved_list",
    "curr_top_k_docIDs": [
        "doc79399",
        "doc1922576",
        "doc1556815",
        "doc2488628",
        "doc1663290",
        "doc2032264",
        "doc459228",
        "doc445210",
        "doc1492113",
        "doc1705182",
        "doc2038425",
        "doc661353",
        "doc1896500",
        "doc1052401",
        "doc2641603",
        "doc626064",
        "doc1964163",
        "doc2213827",
        "doc787497",
        "doc1932631",
        "doc762835",
        "doc1605773",
        "doc1116179",
        "doc1098423",
        "doc2169787",
        "doc2207982",
        "doc455597",
        "doc1425189",
        "doc933779",
        "doc1090612",
        "doc2332767",
        "doc563790",
        "doc1778453",
        "doc1224286",
        "doc1111487",
        "doc1714135",
        "doc1557983",
        "doc2650973",
        "doc1052414",
        "doc2364143",
        "doc416162",
        "doc135499",
        "doc479387",
        "doc2458833",
        "doc2611850",
        "doc451401",
        "doc2364145",
        "doc1639799",
        "doc1625398",
        "doc209674",
        "doc1144442",
        "doc4216",
        "doc826646",
        "doc805184",
        "doc2666025",
        "doc2239705",
        "doc765190",
        "doc735338",
        "doc1144383",
        "doc1597937"
    ],
    "terminate": true,
    "state_history": [
        {
            "queries": [
                "who won the battle of stirling bridge 1297"
            ],
            "iteration": 0
        },
        {
            "queries": [
                "who won the battle of stirling bridge 1297"
            ],
            "iteration": 0,
            "retrieved_lists": [
                [
                    "doc79399",
                    "doc1922576",
                    "doc1556815",
                    "doc2488628",
                    "doc1663290",
                    "doc2032264",
                    "doc459228",
                    "doc445210",
                    "doc1492113",
                    "doc1705182",
                    "doc2038425",
                    "doc661353",
                    "doc1896500",
                    "doc1052401",
                    "doc2641603",
                    "doc626064",
                    "doc1964163",
                    "doc2213827",
                    "doc787497",
                    "doc1932631",
                    "doc762835",
                    "doc1605773",
                    "doc1116179",
                    "doc1098423",
                    "doc2169787",
                    "doc2207982",
                    "doc455597",
                    "doc1425189",
                    "doc933779",
                    "doc1090612",
                    "doc2332767",
                    "doc563790",
                    "doc1778453",
                    "doc1224286",
                    "doc1111487",
                    "doc1714135",
                    "doc1557983",
                    "doc2650973",
                    "doc1052414",
                    "doc2364143",
                    "doc416162",
                    "doc135499",
                    "doc479387",
                    "doc2458833",
                    "doc2611850",
                    "doc451401",
                    "doc2364145",
                    "doc1639799",
                    "doc1625398",
                    "doc209674",
                    "doc1144442",
                    "doc4216",
                    "doc826646",
                    "doc805184",
                    "doc2666025",
                    "doc2239705",
                    "doc765190",
                    "doc735338",
                    "doc1144383",
                    "doc1597937"
                ]
            ],