{
    "queries": [
        "camo dog tags party favors"
    ],
    "iteration": 0,
    "retrieved_lists": [
        [
            "1478179",
            "224202",
            "700252",
            "316506",
            "1406974",
            "824024",
            "495323",
            "1518234",
            "893712",
            "976652"
        ]
    ],
    "all_sim_scores": [
        [
            0.8316987752914429,
            0.7949360609054565,
            0.764725923538208,
            0.7543433308601379,
            0.7464037537574768,
            0.7419511079788208,
            0.7415199279785156,
            0.740399956703186,
            0.7364304065704346,
            0.7342373132705688
        ]
    ],
    "last_action_method": "return_last_retrieved_list",
    "curr_top_k_docIDs": [
        "1478179",
        "224202",
        "700252",
        "316506",
        "1406974",
        "824024",
        "495323",
        "1518234",
        "893712",
        "976652"
    ],
    "terminate": true,
    "state_history": [
        {
            "queries": [
                "camo dog tags party favors"
            ],
            "iteration": 0
        },
        {
            "queries": [
                "camo dog tags party favors"
            ],
            "iteration": 0,
            "retrieved_lists": [
                [
                    "1478179",
                    "224202",
                    "700252",
                    "316506",
                    "1406974",
                    "824024",
                    "495323",
                    "1518234",
                    "893712",
                    "976652"
                ]
            ],
            "all_sim_scores": [
                [
                    0.8316987752914429,
                    0.7949360609054565,
                    0.764725923538208,
                    0.7543433308601379,
                    0.7464037537574768,
                    0.7419511079788208,
                    0.7415199279785156,
                    0.740399956703186,
                    0.7364304065704346,
                    0.7342373132705688
                ]
            ],
            "last_action_method": "rank"
        },
        {
            "queries": [
                "camo dog tags party favors"
            ],
            "iteration": 0,
            "retrieved_lists": [
                [
                    "1478179",
                    "224202",
                    "700252",
                    "316506",
                    "1406974",
                    "824024",
                    "495323",
                    "1518234",
                    "893712",
                    "976652"
                ]
            ],
            "all_sim_scores": [
                [
                    0.8316987752914429,
                    0.7949360609054565,
                    0.764725923538208,
                    0.7543433308601379,
                    0.7464037537574768,
                    0.7419511079788208,
                    0.7415199279785156,
                    0.740399956703186,
                    0.7364304065704346,
                    0.7342373132705688
                ]
            ],
            "last_action_method": "return_last_retrieved_list",
            "curr_top_k_docIDs": [
                "1478179",
                "224202",
                "700252",
                "316506",
                "1406974",
                "824024",
                "495323",
                "1518234",
                "893712",
                "976652"
            ],
            "terminate": true
        }
    ]
}