{
    "queries": [
        "when is the fourth movie of the divergent series coming out"
    ],
    "iteration": 0,
    "retrieved_lists": [
        [
            "doc1081199",
            "doc1081186",
            "doc1291607",
            "doc54946",
            "doc1291609",
            "doc1312178",
            "doc1312181",
            "doc1081173",
            "doc1081185",
            "doc966116",
            "doc205289",
            "doc1142087",
            "doc1477098",
            "doc412650",
            "doc663063",
            "doc755355",
            "doc1980671",
            "doc2468119",
            "doc2257129",
            "doc490243",
            "doc1062102",
            "doc2462843",
            "doc259030",
            "doc282343",
            "doc1245965",
            "doc1792432",
            "doc1440969",
            "doc61414",
            "doc181017",
            "doc1146170",
            "doc1733544",
            "doc2147387",
            "doc372020",
            "doc1610018",
            "doc2584046",
            "doc2621508",
            "doc1613756",
            "doc556064",
            "doc1754812",
            "doc586447",
            "doc507107",
            "doc381310",
            "doc1654291",
            "doc315527",
            "doc2085327",
            "doc1477094",
            "doc361801",
            "doc344805",
            "doc2034813",
            "doc939818",
            "doc426296",
            "doc2601709",
            "doc134755",
            "doc103013",
            "doc366459",
            "doc1543888",
            "doc2485406",
            "doc1411591",
            "doc322309",
            "doc192550"
        ]
    ],
    "all_sim_scores": [
        [
            0.7208161950111389,
            0.6698685884475708,
            0.6551717519760132,
            0.6296583414077759,
            0.6007001399993896,
            0.5819356441497803,
            0.5556901693344116,
            0.5378658771514893,
            0.4928561747074127,
            0.4787317216396332,
            0.4424006938934326,
            0.4342794418334961,
            0.42682307958602905,
            0.42221954464912415,
            0.4216594099998474,
            0.4170570373535156,
            0.4139137864112854,
            0.4107126295566559,
            0.40767520666122437,
            0.40481334924697876,
            0.3982996344566345,
            0.39322662353515625,
            0.3853488862514496,
            0.38533979654312134,
            0.3844282329082489,
            0.3813345730304718,
            0.38066768646240234,
            0.3762266933917999,
            0.3759382665157318,
            0.3751389980316162,
            0.3736419677734375,
            0.37352362275123596,
            0.3727484941482544,
            0.37165567278862,
            0.36936241388320923,
            0.36919525265693665,
            0.3690023720264435,
            0.36675703525543213,
            0.3649475574493408,
            0.3647556006908417,
            0.36283349990844727,
            0.36188071966171265,
            0.35997501015663147,
            0.3586238622665405,
            0.3571120500564575,
            0.35704150795936584,
            0.35646796226501465,
            0.35393160581588745,
            0.3527563512325287,
            0.3527480363845825,
            0.3527052700519562,
            0.35103699564933777,
            0.3503902554512024,
            0.3497113585472107,
            0.3495190441608429,
            0.3491942882537842,
            0.34902316331863403,
            0.34787625074386597,
            0.3478754758834839,
            0.34786736965179443
        ]
    ],
    "last_action_method": "return_last_retrieved_list",
    "curr_top_k_docIDs": [
        "doc1081199",
        "doc1081186",
        "doc1291607",
        "doc54946",
        "doc1291609",
        "doc1312178",
        "doc1312181",
        "doc1081173",
        "doc1081185",
        "doc966116",
        "doc205289",
        "doc1142087",
        "doc1477098",
        "doc412650",
        "doc663063",
        "doc755355",
        "doc1980671",
        "doc2468119",
        "doc2257129",
        "doc490243",
        "doc1062102",
        "doc2462843",
        "doc259030",
        "doc282343",
        "doc1245965",
        "doc1792432",
        "doc1440969",
        "doc61414",
        "doc181017",
        "doc1146170",
        "doc1733544",
        "doc2147387",
        "doc372020",
        "doc1610018",
        "doc2584046",
        "doc2621508",
        "doc1613756",
        "doc556064",
        "doc1754812",
        "doc586447",
        "doc507107",
        "doc381310",
        "doc1654291",
        "doc315527",
        "doc2085327",
        "doc1477094",
        "doc361801",
        "doc344805",
        "doc2034813",
        "doc939818",
        "doc426296",
        "doc2601709",
        "doc134755",
        "doc103013",
        "doc366459",
        "doc1543888",
        "doc2485406",
        "doc1411591",
        "doc322309",
        "doc192550"
    ],
    "terminate": true,
    "state_history": [
        {
            "queries": [
                "when is the fourth movie of the divergent series coming out"
            ],
            "iteration": 0
        },
        {
            "queries": [
                "when is the fourth movie of the divergent series coming out"
            ],
            "iteration": 0,
            "retrieved_lists": [
                [
                    "doc1081199",
                    "doc1081186",
                    "doc1291607",
                    "doc54946",
                    "doc1291609",
                    "doc1312178",
                    "doc1312181",
                    "doc1081173",
                    "doc1081185",
                    "doc966116",
                    "doc205289",
                    "doc1142087",
                    "doc1477098",
                    "doc412650",
                    "doc663063",
                    "doc755355",
                    "doc1980671",
                    "doc2468119",
                    "doc2257129",
                    "doc490243",
                    "doc1062102",
                    "doc2462843",
                    "doc259030",
                    "doc282343",
                    "doc1245965",
                    "doc1792432",
                    "doc1440969",
                    "doc61414",
                    "doc181017",
                    "doc1146170",
                    "doc1733544",
                    "doc2147387",
                    "doc372020",
                    "doc1610018",
                    "doc2584046",
                    "doc2621508",
                    "doc1613756",
                    "doc556064",
                    "doc1754812",
                    "doc586447",
                    "doc507107",
                    "doc381310",
                    "doc1654291",
                    "doc315527",
                    "doc2085327",
                    "doc1477094",
                    "doc361801",
                    "doc344805",
                    "doc2034813",
                    "doc939818",
                    "doc426296",
                    "doc2601709",
                    "doc134755",
                    "doc103013",
                    "doc366459",
                    "doc1543888",
                    "doc2485406",
                    "doc1411591",
                    "doc322309",
                    "doc192550"
                ]
            ],