{
    "queries": [
        "Vibrant cities known for their tropical atmosphere"
    ],
    "iteration": 0,
    "retrieved_lists": [
        [
            "96",
            "338",
            "231",
            "122",
            "356",
            "177",
            "233",
            "116",
            "173",
            "61"
        ]
    ],
    "all_sim_scores": [
        [
            0.391208291053772,
            0.3661835491657257,
            0.34603703022003174,
            0.34503546357154846,
            0.33798402547836304,
            0.33342692255973816,
            0.32540634274482727,
            0.3218425512313843,
            0.3190844655036926,
            0.31387320160865784
        ]
    ],
    "last_action_method": "return_last_retrieved_list",
    "curr_top_k_docIDs": [
        "96",
        "338",
        "231",
        "122",
        "356",
        "177",
        "233",
        "116",
        "173",
        "61"
    ],
    "terminate": true,
    "state_history": [
        {
            "queries": [
                "Vibrant cities known for their tropical atmosphere"
            ],
            "iteration": 0
        },
        {
            "queries": [
                "Vibrant cities known for their tropical atmosphere"
            ],
            "iteration": 0,
            "retrieved_lists": [
                [
                    "96",
                    "338",
                    "231",
                    "122",
                    "356",
                    "177",
                    "233",
                    "116",
                    "173",
                    "61"
                ]
            ],
            "all_sim_scores": [
                [
                    0.391208291053772,
                    0.3661835491657257,
                    0.34603703022003174,
                    0.34503546357154846,
                    0.33798402547836304,
                    0.33342692255973816,
                    0.32540634274482727,
                    0.3218425512313843,
                    0.3190844655036926,
                    0.31387320160865784
                ]
            ],
            "last_action_method": "rank"
        },
        {
            "queries": [
                "Vibrant cities known for their tropical atmosphere"
            ],
            "iteration": 0,
            "retrieved_lists": [
                [
                    "96",
                    "338",
                    "231",
                    "122",
                    "356",
                    "177",
                    "233",
                    "116",
                    "173",
                    "61"
                ]
            ],
            "all_sim_scores": [
                [
                    0.391208291053772,
                    0.3661835491657257,
                    0.34603703022003174,
                    0.34503546357154846,
                    0.33798402547836304,
                    0.33342692255973816,
                    0.32540634274482727,
                    0.3218425512313843,
                    0.3190844655036926,
                    0.31387320160865784
                ]
            ],
            "last_action_method": "return_last_retrieved_list",
            "curr_top_k_docIDs": [
                "96",
                "338",
                "231",
                "122",
                "356",
                "177",
                "233",
                "116",
                "173",
                "61"
            ],
            "terminate": true
        }
    ]
}