{
    "queries": [
        "Charming small town cities"
    ],
    "iteration": 0,
    "retrieved_lists": [
        [
            "92",
            "226",
            "497",
            "347",
            "283",
            "177",
            "320",
            "145",
            "233",
            "199"
        ]
    ],
    "all_sim_scores": [
        [
            0.48946183919906616,
            0.48448488116264343,
            0.45937037467956543,
            0.4451957643032074,
            0.4410164952278137,
            0.4321974515914917,
            0.43067991733551025,
            0.4258931279182434,
            0.4239574074745178,
            0.4235432744026184
        ]
    ],
    "last_action_method": "return_last_retrieved_list",
    "curr_top_k_docIDs": [
        "92",
        "226",
        "497",
        "347",
        "283",
        "177",
        "320",
        "145",
        "233",
        "199"
    ],
    "terminate": true,
    "state_history": [
        {
            "queries": [
                "Charming small town cities"
            ],
            "iteration": 0
        },
        {
            "queries": [
                "Charming small town cities"
            ],
            "iteration": 0,
            "retrieved_lists": [
                [
                    "92",
                    "226",
                    "497",
                    "347",
                    "283",
                    "177",
                    "320",
                    "145",
                    "233",
                    "199"
                ]
            ],
            "all_sim_scores": [
                [
                    0.48946183919906616,
                    0.48448488116264343,
                    0.45937037467956543,
                    0.4451957643032074,
                    0.4410164952278137,
                    0.4321974515914917,
                    0.43067991733551025,
                    0.4258931279182434,
                    0.4239574074745178,
                    0.4235432744026184
                ]
            ],
            "last_action_method": "rank"
        },
        {
            "queries": [
                "Charming small town cities"
            ],
            "iteration": 0,
            "retrieved_lists": [
                [
                    "92",
                    "226",
                    "497",
                    "347",
                    "283",
                    "177",
                    "320",
                    "145",
                    "233",
                    "199"
                ]
            ],
            "all_sim_scores": [
                [
                    0.48946183919906616,
                    0.48448488116264343,
                    0.45937037467956543,
                    0.4451957643032074,
                    0.4410164952278137,
                    0.4321974515914917,
                    0.43067991733551025,
                    0.4258931279182434,
                    0.4239574074745178,
                    0.4235432744026184
                ]
            ],
            "last_action_method": "return_last_retrieved_list",
            "curr_top_k_docIDs": [
                "92",
                "226",
                "497",
                "347",
                "283",
                "177",
                "320",
                "145",
                "233",
                "199"
            ],
            "terminate": true
        }
    ]
}