{
    "queries": [
        "when did tel aviv become the capital of israel"
    ],
    "iteration": 0,
    "retrieved_lists": [
        [
            "doc19614",
            "doc682355",
            "doc2413320",
            "doc2193926",
            "doc2219640",
            "doc2394097",
            "doc158482",
            "doc1435374",
            "doc672970",
            "doc1498724",
            "doc1935616",
            "doc1013003",
            "doc1731053",
            "doc1629826",
            "doc1123239",
            "doc1891712",
            "doc1559913",
            "doc1813382",
            "doc2352158",
            "doc1715052",
            "doc1450220",
            "doc2193933",
            "doc788949",
            "doc2352198",
            "doc459512",
            "doc2031533",
            "doc1831643",
            "doc1106939",
            "doc735648",
            "doc1147859",
            "doc2104635",
            "doc514167",
            "doc1305383",
            "doc1526965",
            "doc530398",
            "doc1813400",
            "doc559406",
            "doc297837",
            "doc2672494",
            "doc644994",
            "doc582196",
            "doc2037250",
            "doc109735",
            "doc1866074",
            "doc2060368",
            "doc2127871",
            "doc2511264",
            "doc984942",
            "doc1501535",
            "doc1052036",
            "doc2061042",
            "doc1355939",
            "doc2535834",
            "doc2555109",
            "doc1428867",
            "doc2466251",
            "doc1526347",
            "doc135650",
            "doc735624",
            "doc1188834"
        ]
    ],
    "all_sim_scores": [
        [
            0.7442833185195923,
            0.48091980814933777,
            0.47950971126556396,
            0.4216768741607666,
            0.3945516347885132,
            0.39111149311065674,
            0.3906933665275574,
            0.3883296847343445,
            0.38376450538635254,
            0.3802914619445801,
            0.3666936755180359,
            0.3660827875137329,
            0.3520491123199463,
            0.3500041961669922,
            0.3486444354057312,
            0.3374643325805664,
            0.33671635389328003,
            0.3361188769340515,
            0.32949358224868774,
            0.32771599292755127,
            0.32516568899154663,
            0.32513681054115295,
            0.32059991359710693,
            0.31795430183410645,
            0.3124482035636902,
            0.3064248561859131,
            0.29442426562309265,
            0.2804366946220398,
            0.2753763794898987,
            0.27230677008628845,
            0.2718322277069092,
            0.27082324028015137,
            0.26862722635269165,
            0.26666489243507385,
            0.2650711238384247,
            0.2629072070121765,
            0.2619161009788513,
            0.26139506697654724,
            0.2608926296234131,
            0.2604855000972748,
            0.2597334384918213,
            0.25352025032043457,
            0.2533304691314697,
            0.25274550914764404,
            0.250492662191391,
            0.2502703368663788,
            0.2501291036605835,
            0.24960467219352722,
            0.24895361065864563,
            0.24891237914562225,
            0.2469726800918579,
            0.2433740198612213,
            0.24299898743629456,
            0.2416134923696518,
            0.24066637456417084,
            0.2400486022233963,
            0.2397577464580536,
            0.23924212157726288,
            0.23596131801605225,
            0.234313502907753
        ]
    ],
    "last_action_method": "return_last_retrieved_list",
    "curr_top_k_docIDs": [
        "doc19614",
        "doc682355",
        "doc2413320",
        "doc2193926",
        "doc2219640",
        "doc2394097",
        "doc158482",
        "doc1435374",
        "doc672970",
        "doc1498724",
        "doc1935616",
        "doc1013003",
        "doc1731053",
        "doc1629826",
        "doc1123239",
        "doc1891712",
        "doc1559913",
        "doc1813382",
        "doc2352158",
        "doc1715052",
        "doc1450220",
        "doc2193933",
        "doc788949",
        "doc2352198",
        "doc459512",
        "doc2031533",
        "doc1831643",
        "doc1106939",
        "doc735648",
        "doc1147859",
        "doc2104635",
        "doc514167",
        "doc1305383",
        "doc1526965",
        "doc530398",
        "doc1813400",
        "doc559406",
        "doc297837",
        "doc2672494",
        "doc644994",
        "doc582196",
        "doc2037250",
        "doc109735",
        "doc1866074",
        "doc2060368",
        "doc2127871",
        "doc2511264",
        "doc984942",
        "doc1501535",
        "doc1052036",
        "doc2061042",
        "doc1355939",
        "doc2535834",
        "doc2555109",
        "doc1428867",
        "doc2466251",
        "doc1526347",
        "doc135650",
        "doc735624",
        "doc1188834"
    ],
    "terminate": true,
    "state_history": [
        {
            "queries": [
                "when did tel aviv become the capital of israel"
            ],
            "iteration": 0
        },
        {
            "queries": [
                "when did tel aviv become the capital of israel"
            ],
            "iteration": 0,
            "retrieved_lists": [
                [
                    "doc19614",
                    "doc682355",
                    "doc2413320",
                    "doc2193926",
                    "doc2219640",
                    "doc2394097",
                    "doc158482",
                    "doc1435374",
                    "doc672970",
                    "doc1498724",
                    "doc1935616",
                    "doc1013003",
                    "doc1731053",
                    "doc1629826",
                    "doc1123239",
                    "doc1891712",
                    "doc1559913",
                    "doc1813382",
                    "doc2352158",
                    "doc1715052",
                    "doc1450220",
                    "doc2193933",
                    "doc788949",
                    "doc2352198",
                    "doc459512",
                    "doc2031533",
                    "doc1831643",
                    "doc1106939",
                    "doc735648",
                    "doc1147859",
                    "doc2104635",
                    "doc514167",
                    "doc1305383",
                    "doc1526965",
                    "doc530398",
                    "doc1813400",
                    "doc559406",
                    "doc297837",
                    "doc2672494",
                    "doc644994",
                    "doc582196",
                    "doc2037250",
                    "doc109735",
                    "doc1866074",
                    "doc2060368",
                    "doc2127871",
                    "doc2511264",
                    "doc984942",
                    "doc1501535",
                    "doc1052036",
                    "doc2061042",
                    "doc1355939",
                    "doc2535834",
                    "doc2555109",
                    "doc1428867",
                    "doc2466251",
                    "doc1526347",
                    "doc135650",
                    "doc735624",
                    "doc1188834"
                ]
            ],