{
    "queries": [
        "who is the actress that plays penny on the big bang theory"
    ],
    "iteration": 0,
    "retrieved_lists": [
        [
            "doc193252",
            "doc97448",
            "doc193229",
            "doc1164892",
            "doc1698619",
            "doc919233",
            "doc1971323",
            "doc1971322",
            "doc984902",
            "doc197145",
            "doc1164940",
            "doc1165009",
            "doc1921381",
            "doc779089",
            "doc275819",
            "doc845715",
            "doc779085",
            "doc1164975",
            "doc1989581",
            "doc1164990",
            "doc1989584",
            "doc2126212",
            "doc1928426",
            "doc1921391",
            "doc2128908",
            "doc2587724",
            "doc1903465",
            "doc2477235",
            "doc919232",
            "doc520959",
            "doc1108161",
            "doc666617",
            "doc2087772",
            "doc1880128",
            "doc403076",
            "doc1921400",
            "doc2208911",
            "doc1160047",
            "doc275785",
            "doc237250",
            "doc601394",
            "doc2631767",
            "doc1864584",
            "doc1921395",
            "doc1205971",
            "doc2486094",
            "doc1098243",
            "doc2190844",
            "doc67477",
            "doc2319944",
            "doc1309721",
            "doc923682",
            "doc266288",
            "doc1806005",
            "doc1716147",
            "doc1484421",
            "doc497890",
            "doc644996",
            "doc1650613",
            "doc340409"
        ]
    ],
    "all_sim_scores": [
        [
            0.8242703676223755,
            0.6870452165603638,
            0.6661741733551025,
            0.662156343460083,
            0.6083986759185791,
            0.6083277463912964,
            0.6031746864318848,
            0.6030596494674683,
            0.5875896215438843,
            0.5730141401290894,
            0.5723304748535156,
            0.5504343509674072,
            0.5467745661735535,
            0.5451770424842834,
            0.5417132377624512,
            0.5413424968719482,
            0.539881706237793,
            0.5180863738059998,
            0.481502890586853,
            0.47424352169036865,
            0.4619640111923218,
            0.45948171615600586,
            0.45572131872177124,
            0.4527859091758728,
            0.43834221363067627,
            0.4360974133014679,
            0.4303550720214844,
            0.42004191875457764,
            0.4193035066127777,
            0.41250431537628174,
            0.41250255703926086,
            0.41128599643707275,
            0.41079217195510864,
            0.4106697142124176,
            0.40498483180999756,
            0.40141811966896057,
            0.39462974667549133,
            0.39131152629852295,
            0.38992196321487427,
            0.38746535778045654,
            0.3871515095233917,
            0.38268721103668213,
            0.3816341161727905,
            0.3810029625892639,
            0.3803316354751587,
            0.3801655173301697,
            0.37975192070007324,
            0.3763619661331177,
            0.37624025344848633,
            0.3760416805744171,
            0.37491416931152344,
            0.37446972727775574,
            0.3736715316772461,
            0.37277865409851074,
            0.3714314103126526,
            0.3710027039051056,
            0.36882591247558594,
            0.3678441643714905,
            0.3674362301826477,
            0.3673534095287323
        ]
    ],
    "last_action_method": "return_last_retrieved_list",
    "curr_top_k_docIDs": [
        "doc193252",
        "doc97448",
        "doc193229",
        "doc1164892",
        "doc1698619",
        "doc919233",
        "doc1971323",
        "doc1971322",
        "doc984902",
        "doc197145",
        "doc1164940",
        "doc1165009",
        "doc1921381",
        "doc779089",
        "doc275819",
        "doc845715",
        "doc779085",
        "doc1164975",
        "doc1989581",
        "doc1164990",
        "doc1989584",
        "doc2126212",
        "doc1928426",
        "doc1921391",
        "doc2128908",
        "doc2587724",
        "doc1903465",
        "doc2477235",
        "doc919232",
        "doc520959",
        "doc1108161",
        "doc666617",
        "doc2087772",
        "doc1880128",
        "doc403076",
        "doc1921400",
        "doc2208911",
        "doc1160047",
        "doc275785",
        "doc237250",
        "doc601394",
        "doc2631767",
        "doc1864584",
        "doc1921395",
        "doc1205971",
        "doc2486094",
        "doc1098243",
        "doc2190844",
        "doc67477",
        "doc2319944",
        "doc1309721",
        "doc923682",
        "doc266288",
        "doc1806005",
        "doc1716147",
        "doc1484421",
        "doc497890",
        "doc644996",
        "doc1650613",
        "doc340409"
    ],
    "terminate": true,
    "state_history": [
        {
            "queries": [
                "who is the actress that plays penny on the big bang theory"
            ],
            "iteration": 0
        },
        {
            "queries": [
                "who is the actress that plays penny on the big bang theory"
            ],
            "iteration": 0,
            "retrieved_lists": [
                [
                    "doc193252",
                    "doc97448",
                    "doc193229",
                    "doc1164892",
                    "doc1698619",
                    "doc919233",
                    "doc1971323",
                    "doc1971322",
                    "doc984902",
                    "doc197145",
                    "doc1164940",
                    "doc1165009",
                    "doc1921381",
                    "doc779089",
                    "doc275819",
                    "doc845715",
                    "doc779085",
                    "doc1164975",
                    "doc1989581",
                    "doc1164990",
                    "doc1989584",
                    "doc2126212",
                    "doc1928426",
                    "doc1921391",
                    "doc2128908",
                    "doc2587724",
                    "doc1903465",
                    "doc2477235",
                    "doc919232",
                    "doc520959",
                    "doc1108161",
                    "doc666617",
                    "doc2087772",
                    "doc1880128",
                    "doc403076",
                    "doc1921400",
                    "doc2208911",
                    "doc1160047",
                    "doc275785",
                    "doc237250",
                    "doc601394",
                    "doc2631767",
                    "doc1864584",
                    "doc1921395",
                    "doc1205971",
                    "doc2486094",
                    "doc1098243",
                    "doc2190844",
                    "doc67477",
                    "doc2319944",
                    "doc1309721",
                    "doc923682",
                    "doc266288",
                    "doc1806005",
                    "doc1716147",
                    "doc1484421",
                    "doc497890",
                    "doc644996",
                    "doc1650613",
                    "doc340409"
                ]
            ],