{
    "queries": [
        "Top cities for shopping enthusiasts"
    ],
    "iteration": 0,
    "retrieved_lists": [
        [
            "120",
            "492",
            "352",
            "251",
            "516",
            "92",
            "201",
            "105",
            "328",
            "44"
        ]
    ],
    "all_sim_scores": [
        [
            0.6229515075683594,
            0.6212605834007263,
            0.620017409324646,
            0.6179366111755371,
            0.6123104095458984,
            0.6101266145706177,
            0.6060839891433716,
            0.6053162813186646,
            0.6052424311637878,
            0.5980698466300964
        ]
    ],
    "last_action_method": "return_last_retrieved_list",
    "curr_top_k_docIDs": [
        "120",
        "492",
        "352",
        "251",
        "516",
        "92",
        "201",
        "105",
        "328",
        "44"
    ],
    "terminate": true,
    "state_history": [
        {
            "queries": [
                "Top cities for shopping enthusiasts"
            ],
            "iteration": 0
        },
        {
            "queries": [
                "Top cities for shopping enthusiasts"
            ],
            "iteration": 0,
            "retrieved_lists": [
                [
                    "120",
                    "492",
                    "352",
                    "251",
                    "516",
                    "92",
                    "201",
                    "105",
                    "328",
                    "44"
                ]
            ],
            "all_sim_scores": [
                [
                    0.6229515075683594,
                    0.6212605834007263,
                    0.620017409324646,
                    0.6179366111755371,
                    0.6123104095458984,
                    0.6101266145706177,
                    0.6060839891433716,
                    0.6053162813186646,
                    0.6052424311637878,
                    0.5980698466300964
                ]
            ],
            "last_action_method": "rank"
        },
        {
            "queries": [
                "Top cities for shopping enthusiasts"
            ],
            "iteration": 0,
            "retrieved_lists": [
                [
                    "120",
                    "492",
                    "352",
                    "251",
                    "516",
                    "92",
                    "201",
                    "105",
                    "328",
                    "44"
                ]
            ],
            "all_sim_scores": [
                [
                    0.6229515075683594,
                    0.6212605834007263,
                    0.620017409324646,
                    0.6179366111755371,
                    0.6123104095458984,
                    0.6101266145706177,
                    0.6060839891433716,
                    0.6053162813186646,
                    0.6052424311637878,
                    0.5980698466300964
                ]
            ],
            "last_action_method": "return_last_retrieved_list",
            "curr_top_k_docIDs": [
                "120",
                "492",
                "352",
                "251",
                "516",
                "92",
                "201",
                "105",
                "328",
                "44"
            ],
            "terminate": true
        }
    ]
}