{
    "queries": [
        "whats the difference between tomato paste and tomato puree"
    ],
    "iteration": 0,
    "retrieved_lists": [
        [
            "doc61686",
            "doc1284349",
            "doc279228",
            "doc513171",
            "doc1513583",
            "doc255230",
            "doc466523",
            "doc1897544",
            "doc634860",
            "doc2049063",
            "doc947122",
            "doc2495441",
            "doc1089146",
            "doc670250",
            "doc2487672",
            "doc1766821",
            "doc1281809",
            "doc1264923",
            "doc1813919",
            "doc1264957",
            "doc2516858",
            "doc2447721",
            "doc255255",
            "doc564596",
            "doc65069",
            "doc2491719",
            "doc1523077",
            "doc2426067",
            "doc2658371",
            "doc79248",
            "doc1673871",
            "doc2623037",
            "doc1278591",
            "doc1333808",
            "doc2419191",
            "doc542075",
            "doc2090479",
            "doc2134820",
            "doc1705791",
            "doc1289387",
            "doc63817",
            "doc2633471",
            "doc1545097",
            "doc741880",
            "doc736797",
            "doc2428793",
            "doc1397913",
            "doc867764",
            "doc1097363",
            "doc623459",
            "doc561858",
            "doc1629890",
            "doc2416217",
            "doc1307625",
            "doc1228595",
            "doc914499",
            "doc388723",
            "doc885067",
            "doc1766957",
            "doc2508289"
        ]
    ],
    "all_sim_scores": [
        [
            0.801155686378479,
            0.40404486656188965,
            0.3576607406139374,
            0.3450494110584259,
            0.31730934977531433,
            0.2998242974281311,
            0.2920238971710205,
            0.29170912504196167,
            0.2834591567516327,
            0.2805671691894531,
            0.2803822457790375,
            0.2796243727207184,
            0.2795082926750183,
            0.27867603302001953,
            0.26972800493240356,
            0.2649812698364258,
            0.2577718496322632,
            0.2508851885795593,
            0.24887070059776306,
            0.2486702799797058,
            0.24764591455459595,
            0.2475210279226303,
            0.2453511357307434,
            0.2422313690185547,
            0.23936329782009125,
            0.23927167057991028,
            0.23872320353984833,
            0.23695851862430573,
            0.23660653829574585,
            0.23642277717590332,
            0.23374533653259277,
            0.2318907082080841,
            0.22918131947517395,
            0.22857840359210968,
            0.2279108315706253,
            0.2272190898656845,
            0.22684821486473083,
            0.2243269979953766,
            0.22350046038627625,
            0.22190500795841217,
            0.2200261652469635,
            0.2172977328300476,
            0.21443389356136322,
            0.21377554535865784,
            0.21354664862155914,
            0.2126462310552597,
            0.21195925772190094,
            0.2101338803768158,
            0.20966953039169312,
            0.20951354503631592,
            0.2083974927663803,
            0.20757441222667694,
            0.2066190540790558,
            0.2064639925956726,
            0.20626366138458252,
            0.20518943667411804,
            0.20514148473739624,
            0.20484989881515503,
            0.20451247692108154,
            0.20315757393836975
        ]
    ],
    "last_action_method": "return_last_retrieved_list",
    "curr_top_k_docIDs": [
        "doc61686",
        "doc1284349",
        "doc279228",
        "doc513171",
        "doc1513583",
        "doc255230",
        "doc466523",
        "doc1897544",
        "doc634860",
        "doc2049063",
        "doc947122",
        "doc2495441",
        "doc1089146",
        "doc670250",
        "doc2487672",
        "doc1766821",
        "doc1281809",
        "doc1264923",
        "doc1813919",
        "doc1264957",
        "doc2516858",
        "doc2447721",
        "doc255255",
        "doc564596",
        "doc65069",
        "doc2491719",
        "doc1523077",
        "doc2426067",
        "doc2658371",
        "doc79248",
        "doc1673871",
        "doc2623037",
        "doc1278591",
        "doc1333808",
        "doc2419191",
        "doc542075",
        "doc2090479",
        "doc2134820",
        "doc1705791",
        "doc1289387",
        "doc63817",
        "doc2633471",
        "doc1545097",
        "doc741880",
        "doc736797",
        "doc2428793",
        "doc1397913",
        "doc867764",
        "doc1097363",
        "doc623459",
        "doc561858",
        "doc1629890",
        "doc2416217",
        "doc1307625",
        "doc1228595",
        "doc914499",
        "doc388723",
        "doc885067",
        "doc1766957",
        "doc2508289"
    ],
    "terminate": true,
    "state_history": [
        {
            "queries": [
                "whats the difference between tomato paste and tomato puree"
            ],
            "iteration": 0
        },
        {
            "queries": [
                "whats the difference between tomato paste and tomato puree"
            ],
            "iteration": 0,
            "retrieved_lists": [
                [
                    "doc61686",
                    "doc1284349",
                    "doc279228",
                    "doc513171",
                    "doc1513583",
                    "doc255230",
                    "doc466523",
                    "doc1897544",
                    "doc634860",
                    "doc2049063",
                    "doc947122",
                    "doc2495441",
                    "doc1089146",
                    "doc670250",
                    "doc2487672",
                    "doc1766821",
                    "doc1281809",
                    "doc1264923",
                    "doc1813919",
                    "doc1264957",
                    "doc2516858",
                    "doc2447721",
                    "doc255255",
                    "doc564596",
                    "doc65069",
                    "doc2491719",
                    "doc1523077",
                    "doc2426067",
                    "doc2658371",
                    "doc79248",
                    "doc1673871",
                    "doc2623037",
                    "doc1278591",
                    "doc1333808",
                    "doc2419191",
                    "doc542075",
                    "doc2090479",
                    "doc2134820",
                    "doc1705791",
                    "doc1289387",
                    "doc63817",
                    "doc2633471",
                    "doc1545097",
                    "doc741880",
                    "doc736797",
                    "doc2428793",
                    "doc1397913",
                    "doc867764",
                    "doc1097363",
                    "doc623459",
                    "doc561858",
                    "doc1629890",
                    "doc2416217",
                    "doc1307625",
                    "doc1228595",
                    "doc914499",
                    "doc388723",
                    "doc885067",
                    "doc1766957",
                    "doc2508289"
                ]
            ],