{
    "queries": [
        "where was the italian episode of everybody loves raymond filmed"
    ],
    "iteration": 0,
    "retrieved_lists": [
        [
            "doc109446",
            "doc880405",
            "doc1778999",
            "doc943075",
            "doc1783410",
            "doc1968608",
            "doc2480319",
            "doc634807",
            "doc2536042",
            "doc1922006",
            "doc1617964",
            "doc1734498",
            "doc2216908",
            "doc2577303",
            "doc1874320",
            "doc1584890",
            "doc2060794",
            "doc493167",
            "doc1660975",
            "doc1746861",
            "doc2668614",
            "doc942229",
            "doc2632294",
            "doc1948472",
            "doc2472391",
            "doc1374447",
            "doc662042",
            "doc1320343",
            "doc564525",
            "doc1067267",
            "doc2647655",
            "doc2171236",
            "doc2459117",
            "doc86935",
            "doc2128908",
            "doc1035978",
            "doc2060797",
            "doc1280761",
            "doc1503124",
            "doc172071",
            "doc197029",
            "doc1800185",
            "doc1572787",
            "doc1217448",
            "doc2042563",
            "doc1548083",
            "doc279228",
            "doc1702538",
            "doc1342518",
            "doc93072",
            "doc2369297",
            "doc2222695",
            "doc367636",
            "doc2214252",
            "doc1754819",
            "doc1293580",
            "doc1082698",
            "doc443744",
            "doc966163",
            "doc469343"
        ]
    ],
    "all_sim_scores": [
        [
            0.8196297287940979,
            0.3170287609100342,
            0.3046119809150696,
            0.30012214183807373,
            0.2990829646587372,
            0.2957831621170044,
            0.283378541469574,
            0.2711469829082489,
            0.26827460527420044,
            0.2612895369529724,
            0.2571120262145996,
            0.2567274570465088,
            0.2564297318458557,
            0.2533842921257019,
            0.25144317746162415,
            0.24992428719997406,
            0.2467733770608902,
            0.24669873714447021,
            0.24570681154727936,
            0.24512667953968048,
            0.24270856380462646,
            0.24235132336616516,
            0.24090205132961273,
            0.24048444628715515,
            0.23965495824813843,
            0.2382306158542633,
            0.2375289797782898,
            0.23736952245235443,
            0.2371474802494049,
            0.23700109124183655,
            0.23516234755516052,
            0.2349090278148651,
            0.23429997265338898,
            0.23410505056381226,
            0.23395690321922302,
            0.2317478060722351,
            0.23135216534137726,
            0.2311449944972992,
            0.22882528603076935,
            0.22654375433921814,
            0.22497019171714783,
            0.22476357221603394,
            0.2231002300977707,
            0.21978746354579926,
            0.2177768051624298,
            0.21775060892105103,
            0.2172873318195343,
            0.21702361106872559,
            0.216811865568161,
            0.21655139327049255,
            0.21634380519390106,
            0.2162143886089325,
            0.21588480472564697,
            0.2148456871509552,
            0.21463285386562347,
            0.2137688845396042,
            0.2131759375333786,
            0.21298401057720184,
            0.21210315823554993,
            0.21158702671527863
        ]
    ],
    "last_action_method": "return_last_retrieved_list",
    "curr_top_k_docIDs": [
        "doc109446",
        "doc880405",
        "doc1778999",
        "doc943075",
        "doc1783410",
        "doc1968608",
        "doc2480319",
        "doc634807",
        "doc2536042",
        "doc1922006",
        "doc1617964",
        "doc1734498",
        "doc2216908",
        "doc2577303",
        "doc1874320",
        "doc1584890",
        "doc2060794",
        "doc493167",
        "doc1660975",
        "doc1746861",
        "doc2668614",
        "doc942229",
        "doc2632294",
        "doc1948472",
        "doc2472391",
        "doc1374447",
        "doc662042",
        "doc1320343",
        "doc564525",
        "doc1067267",
        "doc2647655",
        "doc2171236",
        "doc2459117",
        "doc86935",
        "doc2128908",
        "doc1035978",
        "doc2060797",
        "doc1280761",
        "doc1503124",
        "doc172071",
        "doc197029",
        "doc1800185",
        "doc1572787",
        "doc1217448",
        "doc2042563",
        "doc1548083",
        "doc279228",
        "doc1702538",
        "doc1342518",
        "doc93072",
        "doc2369297",
        "doc2222695",
        "doc367636",
        "doc2214252",
        "doc1754819",
        "doc1293580",
        "doc1082698",
        "doc443744",
        "doc966163",
        "doc469343"
    ],
    "terminate": true,
    "state_history": [
        {
            "queries": [
                "where was the italian episode of everybody loves raymond filmed"
            ],
            "iteration": 0
        },
        {
            "queries": [
                "where was the italian episode of everybody loves raymond filmed"
            ],
            "iteration": 0,
            "retrieved_lists": [
                [
                    "doc109446",
                    "doc880405",
                    "doc1778999",
                    "doc943075",
                    "doc1783410",
                    "doc1968608",
                    "doc2480319",
                    "doc634807",
                    "doc2536042",
                    "doc1922006",
                    "doc1617964",
                    "doc1734498",
                    "doc2216908",
                    "doc2577303",
                    "doc1874320",
                    "doc1584890",
                    "doc2060794",
                    "doc493167",
                    "doc1660975",
                    "doc1746861",
                    "doc2668614",
                    "doc942229",
                    "doc2632294",
                    "doc1948472",
                    "doc2472391",
                    "doc1374447",
                    "doc662042",
                    "doc1320343",
                    "doc564525",
                    "doc1067267",
                    "doc2647655",
                    "doc2171236",
                    "doc2459117",
                    "doc86935",
                    "doc2128908",
                    "doc1035978",
                    "doc2060797",
                    "doc1280761",
                    "doc1503124",
                    "doc172071",
                    "doc197029",
                    "doc1800185",
                    "doc1572787",
                    "doc1217448",
                    "doc2042563",
                    "doc1548083",
                    "doc279228",
                    "doc1702538",
                    "doc1342518",
                    "doc93072",
                    "doc2369297",
                    "doc2222695",
                    "doc367636",
                    "doc2214252",
                    "doc1754819",
                    "doc1293580",
                    "doc1082698",
                    "doc443744",
                    "doc966163",
                    "doc469343"
                ]
            ],