{
    "queries": [
        "where does the name loyola university come from"
    ],
    "iteration": 0,
    "retrieved_lists": [
        [
            "doc70364",
            "doc70406",
            "doc937510",
            "doc2323425",
            "doc1081475",
            "doc2357275",
            "doc1706653",
            "doc1762551",
            "doc1646199",
            "doc2259994",
            "doc1834900",
            "doc1753323",
            "doc1630889",
            "doc792610",
            "doc2222244",
            "doc394091",
            "doc741424",
            "doc1828951",
            "doc871792",
            "doc1672225",
            "doc2660432",
            "doc138476",
            "doc970280",
            "doc939034",
            "doc460448",
            "doc1684332",
            "doc464212",
            "doc330880",
            "doc2293403",
            "doc705565",
            "doc1524630",
            "doc1989300",
            "doc1706630",
            "doc1127114",
            "doc2519637",
            "doc2531068",
            "doc2465487",
            "doc2676634",
            "doc754927",
            "doc670448",
            "doc975167",
            "doc431249",
            "doc1107366",
            "doc899917",
            "doc881416",
            "doc1406961",
            "doc1549489",
            "doc1526015",
            "doc1146778",
            "doc1051087",
            "doc1129069",
            "doc530099",
            "doc2141472",
            "doc632177",
            "doc668897",
            "doc2538369",
            "doc2479475",
            "doc908978",
            "doc1325282",
            "doc2511438"
        ]
    ],
    "all_sim_scores": [
        [
            0.7287331223487854,
            0.6482709050178528,
            0.42604780197143555,
            0.3784872889518738,
            0.36292198300361633,
            0.35731813311576843,
            0.3522499203681946,
            0.3314623236656189,
            0.3304978609085083,
            0.3277430832386017,
            0.3250192403793335,
            0.3180426359176636,
            0.3148769736289978,
            0.31265580654144287,
            0.30673763155937195,
            0.3031134605407715,
            0.30143114924430847,
            0.29070016741752625,
            0.28642788529396057,
            0.2827460765838623,
            0.28146588802337646,
            0.278677374124527,
            0.27768874168395996,
            0.27616626024246216,
            0.27383118867874146,
            0.2734200954437256,
            0.2732166051864624,
            0.2705129086971283,
            0.2695152759552002,
            0.26447296142578125,
            0.2642774283885956,
            0.26416081190109253,
            0.26413941383361816,
            0.26400667428970337,
            0.2630183696746826,
            0.25623372197151184,
            0.25467604398727417,
            0.25426411628723145,
            0.25354552268981934,
            0.2523793876171112,
            0.2514408230781555,
            0.25114014744758606,
            0.2509250044822693,
            0.2505970001220703,
            0.25034618377685547,
            0.24914418160915375,
            0.2455786168575287,
            0.24504412710666656,
            0.24403317272663116,
            0.24286411702632904,
            0.24176371097564697,
            0.24170266091823578,
            0.24120911955833435,
            0.24118849635124207,
            0.2411552369594574,
            0.238739475607872,
            0.23789142072200775,
            0.2378682941198349,
            0.23766930401325226,
            0.236768439412117
        ]
    ],
    "last_action_method": "return_last_retrieved_list",
    "curr_top_k_docIDs": [
        "doc70364",
        "doc70406",
        "doc937510",
        "doc2323425",
        "doc1081475",
        "doc2357275",
        "doc1706653",
        "doc1762551",
        "doc1646199",
        "doc2259994",
        "doc1834900",
        "doc1753323",
        "doc1630889",
        "doc792610",
        "doc2222244",
        "doc394091",
        "doc741424",
        "doc1828951",
        "doc871792",
        "doc1672225",
        "doc2660432",
        "doc138476",
        "doc970280",
        "doc939034",
        "doc460448",
        "doc1684332",
        "doc464212",
        "doc330880",
        "doc2293403",
        "doc705565",
        "doc1524630",
        "doc1989300",
        "doc1706630",
        "doc1127114",
        "doc2519637",
        "doc2531068",
        "doc2465487",
        "doc2676634",
        "doc754927",
        "doc670448",
        "doc975167",
        "doc431249",
        "doc1107366",
        "doc899917",
        "doc881416",
        "doc1406961",
        "doc1549489",
        "doc1526015",
        "doc1146778",
        "doc1051087",
        "doc1129069",
        "doc530099",
        "doc2141472",
        "doc632177",
        "doc668897",
        "doc2538369",
        "doc2479475",
        "doc908978",
        "doc1325282",
        "doc2511438"
    ],
    "terminate": true,
    "state_history": [
        {
            "queries": [
                "where does the name loyola university come from"
            ],
            "iteration": 0
        },
        {
            "queries": [
                "where does the name loyola university come from"
            ],
            "iteration": 0,
            "retrieved_lists": [
                [
                    "doc70364",
                    "doc70406",
                    "doc937510",
                    "doc2323425",
                    "doc1081475",
                    "doc2357275",
                    "doc1706653",
                    "doc1762551",
                    "doc1646199",
                    "doc2259994",
                    "doc1834900",
                    "doc1753323",
                    "doc1630889",
                    "doc792610",
                    "doc2222244",
                    "doc394091",
                    "doc741424",
                    "doc1828951",
                    "doc871792",
                    "doc1672225",
                    "doc2660432",
                    "doc138476",
                    "doc970280",
                    "doc939034",
                    "doc460448",
                    "doc1684332",
                    "doc464212",
                    "doc330880",
                    "doc2293403",
                    "doc705565",
                    "doc1524630",
                    "doc1989300",
                    "doc1706630",
                    "doc1127114",
                    "doc2519637",
                    "doc2531068",
                    "doc2465487",
                    "doc2676634",
                    "doc754927",
                    "doc670448",
                    "doc975167",
                    "doc431249",
                    "doc1107366",
                    "doc899917",
                    "doc881416",
                    "doc1406961",
                    "doc1549489",
                    "doc1526015",
                    "doc1146778",
                    "doc1051087",
                    "doc1129069",
                    "doc530099",
                    "doc2141472",
                    "doc632177",
                    "doc668897",
                    "doc2538369",
                    "doc2479475",
                    "doc908978",
                    "doc1325282",
                    "doc2511438"
                ]
            ],