{
    "queries": [
        "Top cities for adventure seekers"
    ],
    "iteration": 0,
    "retrieved_lists": [
        [
            "497",
            "199",
            "347",
            "92",
            "320",
            "283",
            "237",
            "343",
            "329",
            "369"
        ]
    ],
    "all_sim_scores": [
        [
            0.5423918962478638,
            0.41837069392204285,
            0.4147930443286896,
            0.4123976230621338,
            0.4044019281864166,
            0.39482492208480835,
            0.38707607984542847,
            0.38545817136764526,
            0.3824444115161896,
            0.3817210793495178
        ]
    ],
    "last_action_method": "return_last_retrieved_list",
    "curr_top_k_docIDs": [
        "497",
        "199",
        "347",
        "92",
        "320",
        "283",
        "237",
        "343",
        "329",
        "369"
    ],
    "terminate": true,
    "state_history": [
        {
            "queries": [
                "Top cities for adventure seekers"
            ],
            "iteration": 0
        },
        {
            "queries": [
                "Top cities for adventure seekers"
            ],
            "iteration": 0,
            "retrieved_lists": [
                [
                    "497",
                    "199",
                    "347",
                    "92",
                    "320",
                    "283",
                    "237",
                    "343",
                    "329",
                    "369"
                ]
            ],
            "all_sim_scores": [
                [
                    0.5423918962478638,
                    0.41837069392204285,
                    0.4147930443286896,
                    0.4123976230621338,
                    0.4044019281864166,
                    0.39482492208480835,
                    0.38707607984542847,
                    0.38545817136764526,
                    0.3824444115161896,
                    0.3817210793495178
                ]
            ],
            "last_action_method": "rank"
        },
        {
            "queries": [
                "Top cities for adventure seekers"
            ],
            "iteration": 0,
            "retrieved_lists": [
                [
                    "497",
                    "199",
                    "347",
                    "92",
                    "320",
                    "283",
                    "237",
                    "343",
                    "329",
                    "369"
                ]
            ],
            "all_sim_scores": [
                [
                    0.5423918962478638,
                    0.41837069392204285,
                    0.4147930443286896,
                    0.4123976230621338,
                    0.4044019281864166,
                    0.39482492208480835,
                    0.38707607984542847,
                    0.38545817136764526,
                    0.3824444115161896,
                    0.3817210793495178
                ]
            ],
            "last_action_method": "return_last_retrieved_list",
            "curr_top_k_docIDs": [
                "497",
                "199",
                "347",
                "92",
                "320",
                "283",
                "237",
                "343",
                "329",
                "369"
            ],
            "terminate": true
        }
    ]
}