{
    "queries": [
        "who performed the first c section in 1794"
    ],
    "iteration": 0,
    "retrieved_lists": [
        [
            "doc1420",
            "doc1405576",
            "doc619371",
            "doc779288",
            "doc515842",
            "doc2512348",
            "doc515836",
            "doc463866",
            "doc835427",
            "doc1575301",
            "doc821165",
            "doc1575278",
            "doc191467",
            "doc1596622",
            "doc155587",
            "doc2512324",
            "doc769481",
            "doc1361086",
            "doc1545482",
            "doc643945",
            "doc2371458",
            "doc139149",
            "doc2514716",
            "doc1333239",
            "doc1103062",
            "doc662572",
            "doc591431",
            "doc1317812",
            "doc2295012",
            "doc381254",
            "doc2484482",
            "doc844008",
            "doc2499430",
            "doc643099",
            "doc463829",
            "doc108908",
            "doc2123306",
            "doc733491",
            "doc1427134",
            "doc2560114",
            "doc381261",
            "doc272961",
            "doc65214",
            "doc515847",
            "doc515816",
            "doc13170",
            "doc2633994",
            "doc2396857",
            "doc2048845",
            "doc2119107",
            "doc730279",
            "doc2409163",
            "doc2123077",
            "doc2407662",
            "doc865206",
            "doc492563",
            "doc2056754",
            "doc906921",
            "doc1547316",
            "doc662340"
        ]
    ],
    "all_sim_scores": [
        [
            0.5173434019088745,
            0.3886415958404541,
            0.36374467611312866,
            0.3534313440322876,
            0.3417244553565979,
            0.3387451469898224,
            0.33660584688186646,
            0.33076807856559753,
            0.3293325901031494,
            0.32869547605514526,
            0.32805120944976807,
            0.32734525203704834,
            0.31968316435813904,
            0.31886881589889526,
            0.3160608112812042,
            0.3146034777164459,
            0.31226909160614014,
            0.308231920003891,
            0.30814236402511597,
            0.3074581027030945,
            0.3059420883655548,
            0.3057670593261719,
            0.3055177927017212,
            0.3045003116130829,
            0.3043898046016693,
            0.30378201603889465,
            0.3031308352947235,
            0.30288165807724,
            0.3013402819633484,
            0.30095183849334717,
            0.30063748359680176,
            0.3004561960697174,
            0.30042070150375366,
            0.3001013398170471,
            0.2994127869606018,
            0.2989317774772644,
            0.2981017827987671,
            0.2979777753353119,
            0.2965117394924164,
            0.2963416576385498,
            0.29533201456069946,
            0.29506999254226685,
            0.29467663168907166,
            0.2940572500228882,
            0.2937087416648865,
            0.29331377148628235,
            0.2932153046131134,
            0.2929072082042694,
            0.2921118140220642,
            0.29188624024391174,
            0.2917685806751251,
            0.29137271642684937,
            0.2909839451313019,
            0.29084956645965576,
            0.2887302041053772,
            0.2884768843650818,
            0.2876895070075989,
            0.2873232960700989,
            0.28717145323753357,
            0.2864689230918884
        ]
    ],
    "last_action_method": "return_last_retrieved_list",
    "curr_top_k_docIDs": [
        "doc1420",
        "doc1405576",
        "doc619371",
        "doc779288",
        "doc515842",
        "doc2512348",
        "doc515836",
        "doc463866",
        "doc835427",
        "doc1575301",
        "doc821165",
        "doc1575278",
        "doc191467",
        "doc1596622",
        "doc155587",
        "doc2512324",
        "doc769481",
        "doc1361086",
        "doc1545482",
        "doc643945",
        "doc2371458",
        "doc139149",
        "doc2514716",
        "doc1333239",
        "doc1103062",
        "doc662572",
        "doc591431",
        "doc1317812",
        "doc2295012",
        "doc381254",
        "doc2484482",
        "doc844008",
        "doc2499430",
        "doc643099",
        "doc463829",
        "doc108908",
        "doc2123306",
        "doc733491",
        "doc1427134",
        "doc2560114",
        "doc381261",
        "doc272961",
        "doc65214",
        "doc515847",
        "doc515816",
        "doc13170",
        "doc2633994",
        "doc2396857",
        "doc2048845",
        "doc2119107",
        "doc730279",
        "doc2409163",
        "doc2123077",
        "doc2407662",
        "doc865206",
        "doc492563",
        "doc2056754",
        "doc906921",
        "doc1547316",
        "doc662340"
    ],
    "terminate": true,
    "state_history": [
        {
            "queries": [
                "who performed the first c section in 1794"
            ],
            "iteration": 0
        },
        {
            "queries": [
                "who performed the first c section in 1794"
            ],
            "iteration": 0,
            "retrieved_lists": [
                [
                    "doc1420",
                    "doc1405576",
                    "doc619371",
                    "doc779288",
                    "doc515842",
                    "doc2512348",
                    "doc515836",
                    "doc463866",
                    "doc835427",
                    "doc1575301",
                    "doc821165",
                    "doc1575278",
                    "doc191467",
                    "doc1596622",
                    "doc155587",
                    "doc2512324",
                    "doc769481",
                    "doc1361086",
                    "doc1545482",
                    "doc643945",
                    "doc2371458",
                    "doc139149",
                    "doc2514716",
                    "doc1333239",
                    "doc1103062",
                    "doc662572",
                    "doc591431",
                    "doc1317812",
                    "doc2295012",
                    "doc381254",
                    "doc2484482",
                    "doc844008",
                    "doc2499430",
                    "doc643099",
                    "doc463829",
                    "doc108908",
                    "doc2123306",
                    "doc733491",
                    "doc1427134",
                    "doc2560114",
                    "doc381261",
                    "doc272961",
                    "doc65214",
                    "doc515847",
                    "doc515816",
                    "doc13170",
                    "doc2633994",
                    "doc2396857",
                    "doc2048845",
                    "doc2119107",
                    "doc730279",
                    "doc2409163",
                    "doc2123077",
                    "doc2407662",
                    "doc865206",
                    "doc492563",
                    "doc2056754",
                    "doc906921",
                    "doc1547316",
                    "doc662340"
                ]
            ],