{
    "queries": [
        "Spectacular coastal cities"
    ],
    "iteration": 0,
    "retrieved_lists": [
        [
            "408",
            "399",
            "520",
            "303",
            "156",
            "65",
            "92",
            "245",
            "168",
            "8",
            "153",
            "95",
            "1",
            "140",
            "294",
            "87",
            "55",
            "352",
            "96",
            "532",
            "304",
            "413",
            "353",
            "320",
            "251",
            "457",
            "380",
            "338",
            "19",
            "516"
        ]
    ],
    "all_sim_scores": [
        [
            0.700003981590271,
            0.6996793746948242,
            0.6992223858833313,
            0.6729868054389954,
            0.6652464866638184,
            0.6630836129188538,
            0.6608412861824036,
            0.6594799757003784,
            0.6566336154937744,
            0.6563133597373962,
            0.6554679870605469,
            0.655357301235199,
            0.6547579765319824,
            0.6541150808334351,
            0.653134822845459,
            0.652762234210968,
            0.6520638465881348,
            0.6516172885894775,
            0.6473404169082642,
            0.6471044421195984,
            0.645805835723877,
            0.6448235511779785,
            0.6443374156951904,
            0.6441274285316467,
            0.6423764228820801,
            0.6402111649513245,
            0.6385366320610046,
            0.6378769874572754,
            0.6346760988235474,
            0.6343011856079102
        ]
    ],
    "last_action_method": "check_max_q_reforms",
    "prompts": [
        "Return the best ordering of 10 of the document ids below given the query.\nFollow the output format example exactly and return only a python list of docIDs with exactly 10 IDs.\nDo not output city names.\n\nExample\n***\nQuery: tropical vacation destinations\n\nDocuments:\nDOCID: 1\t|\t TEXT: London\nDOCID: 4   |    TEXT: Cancun\nDOCID: 2456\t|\tTEXT: Myrtle Beach\n\nOutput: [\"4\", \"2456\", \"1\"]\n***\n\nInputs:\n***\nQuery: Spectacular coastal cities\n\nDocuments:\n\nDOCID: 408\t|\tTEXT: Santa Barbara\n\nDOCID: 399\t|\tTEXT: San Diego\n\nDOCID: 520\t|\tTEXT: Venice\n\nDOCID: 303\t|\tTEXT: Myrtle Beach\n\nDOCID: 156\t|\tTEXT: Gold Coast\n\nDOCID: 65\t|\tTEXT: Bilbao\n\nDOCID: 92\t|\tTEXT: Cape Town\n\nDOCID: 245\t|\tTEXT: Lisbon\n\nDOCID: 168\t|\tTEXT: Hamburg\n\nDOCID: 8\t|\tTEXT: Acapulco\n\nDOCID: 153\t|\tTEXT: Genoa\n\nDOCID: 95\t|\tTEXT: Catania\n\nDOCID: 1\t|\tTEXT: 'Venice\n\nDOCID: 140\t|\tTEXT: Florianopolis\n\nDOCID: 294\t|\tTEXT: Monterey (California)\n\nDOCID: 87\t|\tTEXT: Cabo San Lucas\n\nDOCID: 55\t|\tTEXT: Barcelona\n\nDOCID: 352\t|\tTEXT: Portland (Oregon)\n\nDOCID: 96\t|\tTEXT: Cebu City\n\nDOCID: 532\t|\tTEXT: Vit\u00f3ria\n\nDOCID: 304\t|\tTEXT: M\u00e1laga\n\nDOCID: 413\t|\tTEXT: Santiago\n\nDOCID: 353\t|\tTEXT: Porto\n\nDOCID: 320\t|\tTEXT: New York City\n\nDOCID: 251\t|\tTEXT: Los Angeles\n\nDOCID: 457\t|\tTEXT: Sydney\n\nDOCID: 380\t|\tTEXT: Rio de Janeiro\n\nDOCID: 338\t|\tTEXT: Panama City\n\nDOCID: 19\t|\tTEXT: Alicante\n\nDOCID: 516\t|\tTEXT: Vancouver\n\n***\n\nOutput:"
    ],
    "responses": [
        "```python\n[\"408\", \"399\", \"520\", \"92\", \"156\", \"245\", \"8\", \"55\", \"294\", \"87\"]\n```\n"
    ],
    "curr_top_k_docIDs": [
        "408",
        "399",
        "520",
        "92",
        "156",
        "245",
        "8",
        "55",
        "294",
        "87"
    ],
    "terminate": true,
    "state_history": [
        {
            "queries": [
                "Spectacular coastal cities"
            ],
            "iteration": 0
        },
        {
            "queries": [
                "Spectacular coastal cities"
            ],
            "iteration": 0,
            "retrieved_lists": [
                [
                    "408",
                    "399",
                    "520",
                    "303",
                    "156",
                    "65",
                    "92",
                    "245",
                    "168",
                    "8",
                    "153",
                    "95",
                    "1",
                    "140",
                    "294",
                    "87",
                    "55",
                    "352",
                    "96",
                    "532",
                    "304",
                    "413",
                    "353",
                    "320",
                    "251",
                    "457",
                    "380",
                    "338",
                    "19",
                    "516"
                ]
            ],
            "all_sim_scores": [
                [
                    0.700003981590271,
                    0.6996793746948242,
                    0.6992223858833313,
                    0.6729868054389954,
                    0.6652464866638184,
                    0.6630836129188538,
                    0.6608412861824036,
                    0.6594799757003784,
                    0.6566336154937744,
                    0.6563133597373962,
                    0.6554679870605469,
                    0.655357301235199,
                    0.6547579765319824,
                    0.6541150808334351,
                    0.653134822845459,
                    0.652762234210968,
                    0.6520638465881348,
                    0.6516172885894775,
                    0.6473404169082642,
                    0.6471044421195984,
                    0.645805835723877,
                    0.6448235511779785,
                    0.6443374156951904,
                    0.6441274285316467,
                    0.6423764228820801,
                    0.6402111649513245,
                    0.6385366320610046,
                    0.6378769874572754,
                    0.6346760988235474,
                    0.6343011856079102
                ]
            ],
            "last_action_method": "rank"
        },
        {
            "queries": [
                "Spectacular coastal cities"
            ],
            "iteration": 0,
            "retrieved_lists": [
                [
                    "408",
                    "399",
                    "520",
                    "303",
                    "156",
                    "65",
                    "92",
                    "245",
                    "168",
                    "8",
                    "153",
                    "95",
                    "1",
                    "140",
                    "294",
                    "87",
                    "55",
                    "352",
                    "96",
                    "532",
                    "304",
                    "413",
                    "353",
                    "320",
                    "251",
                    "457",
                    "380",
                    "338",
                    "19",
                    "516"
                ]
            ],