{
    "queries": [
        "Cities with a natural atmosphere"
    ],
    "iteration": 0,
    "retrieved_lists": [
        [
            "320",
            "343",
            "283",
            "231",
            "497",
            "319",
            "204",
            "180",
            "338",
            "328"
        ]
    ],
    "all_sim_scores": [
        [
            0.35112518072128296,
            0.34997883439064026,
            0.3466583490371704,
            0.34557172656059265,
            0.33292293548583984,
            0.3233477771282196,
            0.3233238756656647,
            0.3171488046646118,
            0.3149261176586151,
            0.31349068880081177
        ]
    ],
    "last_action_method": "return_last_retrieved_list",
    "curr_top_k_docIDs": [
        "320",
        "343",
        "283",
        "231",
        "497",
        "319",
        "204",
        "180",
        "338",
        "328"
    ],
    "terminate": true,
    "state_history": [
        {
            "queries": [
                "Cities with a natural atmosphere"
            ],
            "iteration": 0
        },
        {
            "queries": [
                "Cities with a natural atmosphere"
            ],
            "iteration": 0,
            "retrieved_lists": [
                [
                    "320",
                    "343",
                    "283",
                    "231",
                    "497",
                    "319",
                    "204",
                    "180",
                    "338",
                    "328"
                ]
            ],
            "all_sim_scores": [
                [
                    0.35112518072128296,
                    0.34997883439064026,
                    0.3466583490371704,
                    0.34557172656059265,
                    0.33292293548583984,
                    0.3233477771282196,
                    0.3233238756656647,
                    0.3171488046646118,
                    0.3149261176586151,
                    0.31349068880081177
                ]
            ],
            "last_action_method": "rank"
        },
        {
            "queries": [
                "Cities with a natural atmosphere"
            ],
            "iteration": 0,
            "retrieved_lists": [
                [
                    "320",
                    "343",
                    "283",
                    "231",
                    "497",
                    "319",
                    "204",
                    "180",
                    "338",
                    "328"
                ]
            ],
            "all_sim_scores": [
                [
                    0.35112518072128296,
                    0.34997883439064026,
                    0.3466583490371704,
                    0.34557172656059265,
                    0.33292293548583984,
                    0.3233477771282196,
                    0.3233238756656647,
                    0.3171488046646118,
                    0.3149261176586151,
                    0.31349068880081177
                ]
            ],
            "last_action_method": "return_last_retrieved_list",
            "curr_top_k_docIDs": [
                "320",
                "343",
                "283",
                "231",
                "497",
                "319",
                "204",
                "180",
                "338",
                "328"
            ],
            "terminate": true
        }
    ]
}