{
    "queries": [
        "Leading nightlife destinations around the world"
    ],
    "iteration": 0,
    "retrieved_lists": [
        [
            "237",
            "122",
            "22",
            "376",
            "82",
            "415",
            "64",
            "440",
            "193",
            "339"
        ]
    ],
    "all_sim_scores": [
        [
            0.41017207503318787,
            0.3909696042537689,
            0.38799628615379333,
            0.3850013315677643,
            0.37668365240097046,
            0.37632012367248535,
            0.35061970353126526,
            0.3460642099380493,
            0.3458457589149475,
            0.3439485728740692
        ]
    ],
    "last_action_method": "return_last_retrieved_list",
    "curr_top_k_docIDs": [
        "237",
        "122",
        "22",
        "376",
        "82",
        "415",
        "64",
        "440",
        "193",
        "339"
    ],
    "terminate": true,
    "state_history": [
        {
            "queries": [
                "Leading nightlife destinations around the world"
            ],
            "iteration": 0
        },
        {
            "queries": [
                "Leading nightlife destinations around the world"
            ],
            "iteration": 0,
            "retrieved_lists": [
                [
                    "237",
                    "122",
                    "22",
                    "376",
                    "82",
                    "415",
                    "64",
                    "440",
                    "193",
                    "339"
                ]
            ],
            "all_sim_scores": [
                [
                    0.41017207503318787,
                    0.3909696042537689,
                    0.38799628615379333,
                    0.3850013315677643,
                    0.37668365240097046,
                    0.37632012367248535,
                    0.35061970353126526,
                    0.3460642099380493,
                    0.3458457589149475,
                    0.3439485728740692
                ]
            ],
            "last_action_method": "rank"
        },
        {
            "queries": [
                "Leading nightlife destinations around the world"
            ],
            "iteration": 0,
            "retrieved_lists": [
                [
                    "237",
                    "122",
                    "22",
                    "376",
                    "82",
                    "415",
                    "64",
                    "440",
                    "193",
                    "339"
                ]
            ],
            "all_sim_scores": [
                [
                    0.41017207503318787,
                    0.3909696042537689,
                    0.38799628615379333,
                    0.3850013315677643,
                    0.37668365240097046,
                    0.37632012367248535,
                    0.35061970353126526,
                    0.3460642099380493,
                    0.3458457589149475,
                    0.3439485728740692
                ]
            ],
            "last_action_method": "return_last_retrieved_list",
            "curr_top_k_docIDs": [
                "237",
                "122",
                "22",
                "376",
                "82",
                "415",
                "64",
                "440",
                "193",
                "339"
            ],
            "terminate": true
        }
    ]
}