{
    "queries": [
        "Top cities for fashion aficionados"
    ],
    "iteration": 0,
    "retrieved_lists": [
        [
            "283",
            "320",
            "497",
            "339",
            "63",
            "368",
            "460",
            "428",
            "251",
            "70",
            "400",
            "490",
            "22",
            "380",
            "245",
            "295",
            "233",
            "300",
            "338",
            "57",
            "427",
            "83",
            "199",
            "299",
            "96",
            "177",
            "93",
            "425",
            "310",
            "343",
            "222",
            "249",
            "409",
            "543",
            "105",
            "325",
            "138",
            "402",
            "13",
            "407",
            "336",
            "178",
            "15",
            "520",
            "401",
            "237",
            "168",
            "314",
            "334",
            "382",
            "116",
            "88",
            "55",
            "450",
            "74",
            "121",
            "356",
            "125",
            "191",
            "505"
        ]
    ],
    "all_sim_scores": [
        [
            0.49518662691116333,
            0.4818975329399109,
            0.433829665184021,
            0.42855536937713623,
            0.4136604070663452,
            0.4124354124069214,
            0.4096687138080597,
            0.40825021266937256,
            0.4060073494911194,
            0.4057025909423828,
            0.40555232763290405,
            0.4011289179325104,
            0.3980923593044281,
            0.3971301317214966,
            0.3966124653816223,
            0.39572280645370483,
            0.3956940472126007,
            0.3911937177181244,
            0.3899977505207062,
            0.3882964551448822,
            0.3851626217365265,
            0.3839775323867798,
            0.3832348883152008,
            0.3775942325592041,
            0.3766281306743622,
            0.37520453333854675,
            0.3747585415840149,
            0.37269389629364014,
            0.36811956763267517,
            0.3679974675178528,
            0.3664412498474121,
            0.36526626348495483,
            0.36458534002304077,
            0.3620964288711548,
            0.360360324382782,
            0.36022138595581055,
            0.357416570186615,
            0.35707494616508484,
            0.3566032648086548,
            0.3536106050014496,
            0.35268354415893555,
            0.3526555895805359,
            0.3524366617202759,
            0.3522105813026428,
            0.3515279293060303,
            0.3514268398284912,
            0.3504042625427246,
            0.34849613904953003,
            0.34685102105140686,
            0.3466392159461975,
            0.34466302394866943,
            0.34329497814178467,
            0.3432796597480774,
            0.3431277871131897,
            0.34174492955207825,
            0.3412075638771057,
            0.33934178948402405,
            0.3384914994239807,
            0.33831119537353516,
            0.3378806710243225
        ]
    ],
    "last_action_method": "return_last_retrieved_list",
    "curr_top_k_docIDs": [
        "283",
        "320",
        "497",
        "339",
        "63",
        "368",
        "460",
        "428",
        "251",
        "70",
        "400",
        "490",
        "22",
        "380",
        "245",
        "295",
        "233",
        "300",
        "338",
        "57",
        "427",
        "83",
        "199",
        "299",
        "96",
        "177",
        "93",
        "425",
        "310",
        "343",
        "222",
        "249",
        "409",
        "543",
        "105",
        "325",
        "138",
        "402",
        "13",
        "407",
        "336",
        "178",
        "15",
        "520",
        "401",
        "237",
        "168",
        "314",
        "334",
        "382",
        "116",
        "88",
        "55",
        "450",
        "74",
        "121",
        "356",
        "125",
        "191",
        "505"
    ],
    "terminate": true,
    "state_history": [
        {
            "queries": [
                "Top cities for fashion aficionados"
            ],
            "iteration": 0
        },
        {
            "queries": [
                "Top cities for fashion aficionados"
            ],
            "iteration": 0,
            "retrieved_lists": [
                [
                    "283",
                    "320",
                    "497",
                    "339",
                    "63",
                    "368",
                    "460",
                    "428",
                    "251",
                    "70",
                    "400",
                    "490",
                    "22",
                    "380",
                    "245",
                    "295",
                    "233",
                    "300",
                    "338",
                    "57",
                    "427",
                    "83",
                    "199",
                    "299",
                    "96",
                    "177",
                    "93",
                    "425",
                    "310",
                    "343",
                    "222",
                    "249",
                    "409",
                    "543",
                    "105",
                    "325",
                    "138",
                    "402",
                    "13",
                    "407",
                    "336",
                    "178",
                    "15",
                    "520",
                    "401",
                    "237",
                    "168",
                    "314",
                    "334",
                    "382",
                    "116",
                    "88",
                    "55",
                    "450",
                    "74",
                    "121",
                    "356",
                    "125",
                    "191",
                    "505"
                ]
            ],