{
    "queries": [
        "Vibrant cities known for their tropical atmosphere"
    ],
    "iteration": 0,
    "retrieved_lists": [
        [
            "284",
            "338",
            "61",
            "140",
            "114",
            "31",
            "380",
            "141",
            "243",
            "283"
        ]
    ],
    "all_sim_scores": [
        [
            0.7027579545974731,
            0.7011536359786987,
            0.70021653175354,
            0.6813488006591797,
            0.6788702011108398,
            0.6738746762275696,
            0.671506404876709,
            0.6686563491821289,
            0.6682232022285461,
            0.6664997339248657
        ]
    ],
    "last_action_method": "return_last_retrieved_list",
    "curr_top_k_docIDs": [
        "284",
        "338",
        "61",
        "140",
        "114",
        "31",
        "380",
        "141",
        "243",
        "283"
    ],
    "terminate": true,
    "state_history": [
        {
            "queries": [
                "Vibrant cities known for their tropical atmosphere"
            ],
            "iteration": 0
        },
        {
            "queries": [
                "Vibrant cities known for their tropical atmosphere"
            ],
            "iteration": 0,
            "retrieved_lists": [
                [
                    "284",
                    "338",
                    "61",
                    "140",
                    "114",
                    "31",
                    "380",
                    "141",
                    "243",
                    "283"
                ]
            ],
            "all_sim_scores": [
                [
                    0.7027579545974731,
                    0.7011536359786987,
                    0.70021653175354,
                    0.6813488006591797,
                    0.6788702011108398,
                    0.6738746762275696,
                    0.671506404876709,
                    0.6686563491821289,
                    0.6682232022285461,
                    0.6664997339248657
                ]
            ],
            "last_action_method": "rank"
        },
        {
            "queries": [
                "Vibrant cities known for their tropical atmosphere"
            ],
            "iteration": 0,
            "retrieved_lists": [
                [
                    "284",
                    "338",
                    "61",
                    "140",
                    "114",
                    "31",
                    "380",
                    "141",
                    "243",
                    "283"
                ]
            ],
            "all_sim_scores": [
                [
                    0.7027579545974731,
                    0.7011536359786987,
                    0.70021653175354,
                    0.6813488006591797,
                    0.6788702011108398,
                    0.6738746762275696,
                    0.671506404876709,
                    0.6686563491821289,
                    0.6682232022285461,
                    0.6664997339248657
                ]
            ],
            "last_action_method": "return_last_retrieved_list",
            "curr_top_k_docIDs": [
                "284",
                "338",
                "61",
                "140",
                "114",
                "31",
                "380",
                "141",
                "243",
                "283"
            ],
            "terminate": true
        }
    ]
}