{
    "queries": [
        "Most romantic cities for a honeymoon"
    ],
    "iteration": 0,
    "retrieved_lists": [
        [
            "237",
            "415",
            "520",
            "339",
            "124",
            "1",
            "303",
            "407",
            "320",
            "138"
        ]
    ],
    "all_sim_scores": [
        [
            0.42607927322387695,
            0.4212316572666168,
            0.38906311988830566,
            0.37545347213745117,
            0.3567710518836975,
            0.35400909185409546,
            0.35399430990219116,
            0.35067278146743774,
            0.35063594579696655,
            0.3498248755931854
        ]
    ],
    "last_action_method": "return_last_retrieved_list",
    "curr_top_k_docIDs": [
        "237",
        "415",
        "520",
        "339",
        "124",
        "1",
        "303",
        "407",
        "320",
        "138"
    ],
    "terminate": true,
    "state_history": [
        {
            "queries": [
                "Most romantic cities for a honeymoon"
            ],
            "iteration": 0
        },
        {
            "queries": [
                "Most romantic cities for a honeymoon"
            ],
            "iteration": 0,
            "retrieved_lists": [
                [
                    "237",
                    "415",
                    "520",
                    "339",
                    "124",
                    "1",
                    "303",
                    "407",
                    "320",
                    "138"
                ]
            ],
            "all_sim_scores": [
                [
                    0.42607927322387695,
                    0.4212316572666168,
                    0.38906311988830566,
                    0.37545347213745117,
                    0.3567710518836975,
                    0.35400909185409546,
                    0.35399430990219116,
                    0.35067278146743774,
                    0.35063594579696655,
                    0.3498248755931854
                ]
            ],
            "last_action_method": "rank"
        },
        {
            "queries": [
                "Most romantic cities for a honeymoon"
            ],
            "iteration": 0,
            "retrieved_lists": [
                [
                    "237",
                    "415",
                    "520",
                    "339",
                    "124",
                    "1",
                    "303",
                    "407",
                    "320",
                    "138"
                ]
            ],
            "all_sim_scores": [
                [
                    0.42607927322387695,
                    0.4212316572666168,
                    0.38906311988830566,
                    0.37545347213745117,
                    0.3567710518836975,
                    0.35400909185409546,
                    0.35399430990219116,
                    0.35067278146743774,
                    0.35063594579696655,
                    0.3498248755931854
                ]
            ],
            "last_action_method": "return_last_retrieved_list",
            "curr_top_k_docIDs": [
                "237",
                "415",
                "520",
                "339",
                "124",
                "1",
                "303",
                "407",
                "320",
                "138"
            ],
            "terminate": true
        }
    ]
}