{
    "queries": [
        "where is the tv show the curse of oak island filmed"
    ],
    "iteration": 0,
    "retrieved_lists": [
        [
            "doc53465",
            "doc903276",
            "doc1465538",
            "doc1703978",
            "doc2432868",
            "doc1704009",
            "doc2165715",
            "doc1283940",
            "doc1139450",
            "doc2518125",
            "doc22963",
            "doc2179022",
            "doc884319",
            "doc2046146",
            "doc2590924",
            "doc1064737",
            "doc1171797",
            "doc335825",
            "doc2468648",
            "doc238792",
            "doc2360748",
            "doc323529",
            "doc1704010",
            "doc2127667",
            "doc1508183",
            "doc828868",
            "doc817668",
            "doc1767703",
            "doc172946",
            "doc878891",
            "doc684180",
            "doc18448",
            "doc2319007",
            "doc755933",
            "doc2107",
            "doc851509",
            "doc1651053",
            "doc1698946",
            "doc1120811",
            "doc1159675",
            "doc2048488",
            "doc132816",
            "doc2269500",
            "doc262960",
            "doc1422799",
            "doc2102035",
            "doc2609481",
            "doc334986",
            "doc1437768",
            "doc1922006",
            "doc884331",
            "doc2677693",
            "doc232690",
            "doc1487726",
            "doc1811713",
            "doc1139940",
            "doc1725402",
            "doc423050",
            "doc172941",
            "doc726644"
        ]
    ],
    "all_sim_scores": [
        [
            0.7093737125396729,
            0.45535656809806824,
            0.45064249634742737,
            0.4445001482963562,
            0.41391676664352417,
            0.3994505703449249,
            0.3983141779899597,
            0.39398181438446045,
            0.39167335629463196,
            0.385263592004776,
            0.3791356086730957,
            0.36985498666763306,
            0.36460065841674805,
            0.3633735775947571,
            0.3618939518928528,
            0.36088237166404724,
            0.3585660755634308,
            0.35818690061569214,
            0.35600346326828003,
            0.35091114044189453,
            0.349035382270813,
            0.3484804332256317,
            0.34626367688179016,
            0.3458811044692993,
            0.34293192625045776,
            0.33681949973106384,
            0.3350274860858917,
            0.33239394426345825,
            0.3295324444770813,
            0.32855653762817383,
            0.3270471692085266,
            0.32659903168678284,
            0.324931263923645,
            0.32440847158432007,
            0.3236261010169983,
            0.32313165068626404,
            0.3221949338912964,
            0.32087114453315735,
            0.3191685676574707,
            0.31859850883483887,
            0.3168914318084717,
            0.3156966269016266,
            0.3140365481376648,
            0.3138118386268616,
            0.31298524141311646,
            0.3125746250152588,
            0.312164843082428,
            0.3117758631706238,
            0.3116479516029358,
            0.31119027733802795,
            0.311143159866333,
            0.31018730998039246,
            0.3101140260696411,
            0.30979031324386597,
            0.3094152510166168,
            0.3092098832130432,
            0.3080833852291107,
            0.30734843015670776,
            0.3065403699874878,
            0.3060222268104553
        ]
    ],
    "last_action_method": "return_last_retrieved_list",
    "curr_top_k_docIDs": [
        "doc53465",
        "doc903276",
        "doc1465538",
        "doc1703978",
        "doc2432868",
        "doc1704009",
        "doc2165715",
        "doc1283940",
        "doc1139450",
        "doc2518125",
        "doc22963",
        "doc2179022",
        "doc884319",
        "doc2046146",
        "doc2590924",
        "doc1064737",
        "doc1171797",
        "doc335825",
        "doc2468648",
        "doc238792",
        "doc2360748",
        "doc323529",
        "doc1704010",
        "doc2127667",
        "doc1508183",
        "doc828868",
        "doc817668",
        "doc1767703",
        "doc172946",
        "doc878891",
        "doc684180",
        "doc18448",
        "doc2319007",
        "doc755933",
        "doc2107",
        "doc851509",
        "doc1651053",
        "doc1698946",
        "doc1120811",
        "doc1159675",
        "doc2048488",
        "doc132816",
        "doc2269500",
        "doc262960",
        "doc1422799",
        "doc2102035",
        "doc2609481",
        "doc334986",
        "doc1437768",
        "doc1922006",
        "doc884331",
        "doc2677693",
        "doc232690",
        "doc1487726",
        "doc1811713",
        "doc1139940",
        "doc1725402",
        "doc423050",
        "doc172941",
        "doc726644"
    ],
    "terminate": true,
    "state_history": [
        {
            "queries": [
                "where is the tv show the curse of oak island filmed"
            ],
            "iteration": 0
        },
        {
            "queries": [
                "where is the tv show the curse of oak island filmed"
            ],
            "iteration": 0,
            "retrieved_lists": [
                [
                    "doc53465",
                    "doc903276",
                    "doc1465538",
                    "doc1703978",
                    "doc2432868",
                    "doc1704009",
                    "doc2165715",
                    "doc1283940",
                    "doc1139450",
                    "doc2518125",
                    "doc22963",
                    "doc2179022",
                    "doc884319",
                    "doc2046146",
                    "doc2590924",
                    "doc1064737",
                    "doc1171797",
                    "doc335825",
                    "doc2468648",
                    "doc238792",
                    "doc2360748",
                    "doc323529",
                    "doc1704010",
                    "doc2127667",
                    "doc1508183",
                    "doc828868",
                    "doc817668",
                    "doc1767703",
                    "doc172946",
                    "doc878891",
                    "doc684180",
                    "doc18448",
                    "doc2319007",
                    "doc755933",
                    "doc2107",
                    "doc851509",
                    "doc1651053",
                    "doc1698946",
                    "doc1120811",
                    "doc1159675",
                    "doc2048488",
                    "doc132816",
                    "doc2269500",
                    "doc262960",
                    "doc1422799",
                    "doc2102035",
                    "doc2609481",
                    "doc334986",
                    "doc1437768",
                    "doc1922006",
                    "doc884331",
                    "doc2677693",
                    "doc232690",
                    "doc1487726",
                    "doc1811713",
                    "doc1139940",
                    "doc1725402",
                    "doc423050",
                    "doc172941",
                    "doc726644"
                ]
            ],