{
    "queries": [
        "who controls the consolidated fund of the state"
    ],
    "iteration": 0,
    "retrieved_lists": [
        [
            "doc17068",
            "doc229520",
            "doc17062",
            "doc1068981",
            "doc335336",
            "doc2550920",
            "doc636174",
            "doc2489877",
            "doc564682",
            "doc2545906",
            "doc742412",
            "doc944096",
            "doc1034780",
            "doc1067464",
            "doc686459",
            "doc2265432",
            "doc2189765",
            "doc564677",
            "doc1486737",
            "doc17051",
            "doc1841708",
            "doc1324665",
            "doc1417765",
            "doc742385",
            "doc270014",
            "doc1574003",
            "doc74378",
            "doc2431157",
            "doc1685009",
            "doc2303620",
            "doc1907126",
            "doc1992450",
            "doc63005",
            "doc942459",
            "doc2231210",
            "doc1005127",
            "doc72668",
            "doc1241152",
            "doc2545848",
            "doc661839",
            "doc2275471",
            "doc942484",
            "doc1377568",
            "doc1241139",
            "doc2514652",
            "doc564683",
            "doc639298",
            "doc2607630",
            "doc942486",
            "doc434000",
            "doc2187437",
            "doc158331",
            "doc230521",
            "doc41553",
            "doc1430958",
            "doc942496",
            "doc1257948",
            "doc1495595",
            "doc440400",
            "doc1516556"
        ]
    ],
    "all_sim_scores": [
        [
            0.6301704049110413,
            0.5532423257827759,
            0.5509223937988281,
            0.5357577800750732,
            0.5143747329711914,
            0.4986487627029419,
            0.4935137629508972,
            0.4892091453075409,
            0.48823046684265137,
            0.4797806143760681,
            0.46920475363731384,
            0.46840357780456543,
            0.4669261574745178,
            0.465354323387146,
            0.4617272615432739,
            0.4594329297542572,
            0.45581862330436707,
            0.455400288105011,
            0.45175307989120483,
            0.4513823986053467,
            0.44132477045059204,
            0.4409153461456299,
            0.43862199783325195,
            0.4376791715621948,
            0.43648844957351685,
            0.4354234039783478,
            0.4351344108581543,
            0.433877557516098,
            0.4248077869415283,
            0.4243822991847992,
            0.4226224422454834,
            0.42172375321388245,
            0.42051494121551514,
            0.42027390003204346,
            0.4193996787071228,
            0.4193539023399353,
            0.41901347041130066,
            0.4189291298389435,
            0.41373831033706665,
            0.4131970703601837,
            0.41166242957115173,
            0.41070371866226196,
            0.4106076955795288,
            0.41056033968925476,
            0.41041669249534607,
            0.4092565178871155,
            0.409030944108963,
            0.4082586169242859,
            0.40816622972488403,
            0.4075062870979309,
            0.4073614776134491,
            0.4069887399673462,
            0.40641483664512634,
            0.40533310174942017,
            0.4021238386631012,
            0.4018515944480896,
            0.40130189061164856,
            0.39972519874572754,
            0.3994790017604828,
            0.39938443899154663
        ]
    ],
    "last_action_method": "return_last_retrieved_list",
    "curr_top_k_docIDs": [
        "doc17068",
        "doc229520",
        "doc17062",
        "doc1068981",
        "doc335336",
        "doc2550920",
        "doc636174",
        "doc2489877",
        "doc564682",
        "doc2545906",
        "doc742412",
        "doc944096",
        "doc1034780",
        "doc1067464",
        "doc686459",
        "doc2265432",
        "doc2189765",
        "doc564677",
        "doc1486737",
        "doc17051",
        "doc1841708",
        "doc1324665",
        "doc1417765",
        "doc742385",
        "doc270014",
        "doc1574003",
        "doc74378",
        "doc2431157",
        "doc1685009",
        "doc2303620",
        "doc1907126",
        "doc1992450",
        "doc63005",
        "doc942459",
        "doc2231210",
        "doc1005127",
        "doc72668",
        "doc1241152",
        "doc2545848",
        "doc661839",
        "doc2275471",
        "doc942484",
        "doc1377568",
        "doc1241139",
        "doc2514652",
        "doc564683",
        "doc639298",
        "doc2607630",
        "doc942486",
        "doc434000",
        "doc2187437",
        "doc158331",
        "doc230521",
        "doc41553",
        "doc1430958",
        "doc942496",
        "doc1257948",
        "doc1495595",
        "doc440400",
        "doc1516556"
    ],
    "terminate": true,
    "state_history": [
        {
            "queries": [
                "who controls the consolidated fund of the state"
            ],
            "iteration": 0
        },
        {
            "queries": [
                "who controls the consolidated fund of the state"
            ],
            "iteration": 0,
            "retrieved_lists": [
                [
                    "doc17068",
                    "doc229520",
                    "doc17062",
                    "doc1068981",
                    "doc335336",
                    "doc2550920",
                    "doc636174",
                    "doc2489877",
                    "doc564682",
                    "doc2545906",
                    "doc742412",
                    "doc944096",
                    "doc1034780",
                    "doc1067464",
                    "doc686459",
                    "doc2265432",
                    "doc2189765",
                    "doc564677",
                    "doc1486737",
                    "doc17051",
                    "doc1841708",
                    "doc1324665",
                    "doc1417765",
                    "doc742385",
                    "doc270014",
                    "doc1574003",
                    "doc74378",
                    "doc2431157",
                    "doc1685009",
                    "doc2303620",
                    "doc1907126",
                    "doc1992450",
                    "doc63005",
                    "doc942459",
                    "doc2231210",
                    "doc1005127",
                    "doc72668",
                    "doc1241152",
                    "doc2545848",
                    "doc661839",
                    "doc2275471",
                    "doc942484",
                    "doc1377568",
                    "doc1241139",
                    "doc2514652",
                    "doc564683",
                    "doc639298",
                    "doc2607630",
                    "doc942486",
                    "doc434000",
                    "doc2187437",
                    "doc158331",
                    "doc230521",
                    "doc41553",
                    "doc1430958",
                    "doc942496",
                    "doc1257948",
                    "doc1495595",
                    "doc440400",
                    "doc1516556"
                ]
            ],