{
    "queries": [
        "I want to relax on beautiful beaches"
    ],
    "iteration": 0,
    "retrieved_lists": [
        [
            "303",
            "264",
            "539",
            "340",
            "415",
            "276",
            "179",
            "124",
            "366",
            "64",
            "6",
            "293",
            "376",
            "498",
            "388",
            "54",
            "402",
            "266",
            "279",
            "327",
            "53",
            "137",
            "156",
            "398",
            "338",
            "335",
            "399",
            "178",
            "304",
            "136",
            "437",
            "173",
            "149",
            "481",
            "520",
            "464",
            "403",
            "467",
            "353",
            "401",
            "454",
            "243",
            "331",
            "103",
            "99",
            "406",
            "384",
            "342",
            "20",
            "237",
            "231",
            "330",
            "380",
            "350",
            "392",
            "38",
            "394",
            "273",
            "44",
            "284"
        ]
    ],
    "all_sim_scores": [
        [
            0.42903655767440796,
            0.42606639862060547,
            0.4231894016265869,
            0.3969488739967346,
            0.36155253648757935,
            0.34846043586730957,
            0.34367549419403076,
            0.34328436851501465,
            0.339188814163208,
            0.3327799141407013,
            0.3250207304954529,
            0.3250012993812561,
            0.3209705352783203,
            0.3188706338405609,
            0.31832268834114075,
            0.31512993574142456,
            0.31322041153907776,
            0.3072056174278259,
            0.3070700168609619,
            0.3051491975784302,
            0.3036345839500427,
            0.3024936020374298,
            0.30095648765563965,
            0.29324454069137573,
            0.2924758195877075,
            0.287298321723938,
            0.28559404611587524,
            0.28476887941360474,
            0.2836263179779053,
            0.2830367088317871,
            0.28086766600608826,
            0.2779795229434967,
            0.2722785174846649,
            0.2722064256668091,
            0.26807039976119995,
            0.26775452494621277,
            0.2667613923549652,
            0.26606684923171997,
            0.2657163143157959,
            0.26563066244125366,
            0.26486480236053467,
            0.2622523903846741,
            0.25490471720695496,
            0.25334784388542175,
            0.25200212001800537,
            0.25127822160720825,
            0.24974152445793152,
            0.24888527393341064,
            0.24878950417041779,
            0.2484472393989563,
            0.24745000898838043,
            0.2473655641078949,
            0.24661803245544434,
            0.24633242189884186,
            0.24505963921546936,
            0.244155153632164,
            0.24415475130081177,
            0.2429226040840149,
            0.24212922155857086,
            0.24174191057682037
        ]
    ],
    "last_action_method": "return_last_retrieved_list",
    "curr_top_k_docIDs": [
        "303",
        "264",
        "539",
        "340",
        "415",
        "276",
        "179",
        "124",
        "366",
        "64",
        "6",
        "293",
        "376",
        "498",
        "388",
        "54",
        "402",
        "266",
        "279",
        "327",
        "53",
        "137",
        "156",
        "398",
        "338",
        "335",
        "399",
        "178",
        "304",
        "136",
        "437",
        "173",
        "149",
        "481",
        "520",
        "464",
        "403",
        "467",
        "353",
        "401",
        "454",
        "243",
        "331",
        "103",
        "99",
        "406",
        "384",
        "342",
        "20",
        "237",
        "231",
        "330",
        "380",
        "350",
        "392",
        "38",
        "394",
        "273",
        "44",
        "284"
    ],
    "terminate": true,
    "state_history": [
        {
            "queries": [
                "I want to relax on beautiful beaches"
            ],
            "iteration": 0
        },
        {
            "queries": [
                "I want to relax on beautiful beaches"
            ],
            "iteration": 0,
            "retrieved_lists": [
                [
                    "303",
                    "264",
                    "539",
                    "340",
                    "415",
                    "276",
                    "179",
                    "124",
                    "366",
                    "64",
                    "6",
                    "293",
                    "376",
                    "498",
                    "388",
                    "54",
                    "402",
                    "266",
                    "279",
                    "327",
                    "53",
                    "137",
                    "156",
                    "398",
                    "338",
                    "335",
                    "399",
                    "178",
                    "304",
                    "136",
                    "437",
                    "173",
                    "149",
                    "481",
                    "520",
                    "464",
                    "403",
                    "467",
                    "353",
                    "401",
                    "454",
                    "243",
                    "331",
                    "103",
                    "99",
                    "406",
                    "384",
                    "342",
                    "20",
                    "237",
                    "231",
                    "330",
                    "380",
                    "350",
                    "392",
                    "38",
                    "394",
                    "273",
                    "44",
                    "284"
                ]
            ],