{
    "queries": [
        "Cities known for entertainment"
    ],
    "iteration": 0,
    "retrieved_lists": [
        [
            "283",
            "320",
            "343",
            "204",
            "392",
            "233",
            "338",
            "490",
            "497",
            "199"
        ]
    ],
    "all_sim_scores": [
        [
            0.45549970865249634,
            0.4554441571235657,
            0.417803019285202,
            0.41486138105392456,
            0.3935641646385193,
            0.3928103744983673,
            0.389313280582428,
            0.38568538427352905,
            0.3799307346343994,
            0.3789704144001007
        ]
    ],
    "last_action_method": "return_last_retrieved_list",
    "curr_top_k_docIDs": [
        "283",
        "320",
        "343",
        "204",
        "392",
        "233",
        "338",
        "490",
        "497",
        "199"
    ],
    "terminate": true,
    "state_history": [
        {
            "queries": [
                "Cities known for entertainment"
            ],
            "iteration": 0
        },
        {
            "queries": [
                "Cities known for entertainment"
            ],
            "iteration": 0,
            "retrieved_lists": [
                [
                    "283",
                    "320",
                    "343",
                    "204",
                    "392",
                    "233",
                    "338",
                    "490",
                    "497",
                    "199"
                ]
            ],
            "all_sim_scores": [
                [
                    0.45549970865249634,
                    0.4554441571235657,
                    0.417803019285202,
                    0.41486138105392456,
                    0.3935641646385193,
                    0.3928103744983673,
                    0.389313280582428,
                    0.38568538427352905,
                    0.3799307346343994,
                    0.3789704144001007
                ]
            ],
            "last_action_method": "rank"
        },
        {
            "queries": [
                "Cities known for entertainment"
            ],
            "iteration": 0,
            "retrieved_lists": [
                [
                    "283",
                    "320",
                    "343",
                    "204",
                    "392",
                    "233",
                    "338",
                    "490",
                    "497",
                    "199"
                ]
            ],
            "all_sim_scores": [
                [
                    0.45549970865249634,
                    0.4554441571235657,
                    0.417803019285202,
                    0.41486138105392456,
                    0.3935641646385193,
                    0.3928103744983673,
                    0.389313280582428,
                    0.38568538427352905,
                    0.3799307346343994,
                    0.3789704144001007
                ]
            ],
            "last_action_method": "return_last_retrieved_list",
            "curr_top_k_docIDs": [
                "283",
                "320",
                "343",
                "204",
                "392",
                "233",
                "338",
                "490",
                "497",
                "199"
            ],
            "terminate": true
        }
    ]
}