{
    "queries": [
        "Spectacular coastal cities"
    ],
    "iteration": 0,
    "retrieved_lists": [
        [
            "338",
            "520",
            "392",
            "340",
            "303",
            "92",
            "368",
            "399",
            "1",
            "400"
        ]
    ],
    "all_sim_scores": [
        [
            0.5056756138801575,
            0.48917341232299805,
            0.4784693419933319,
            0.47469770908355713,
            0.4694027900695801,
            0.46806052327156067,
            0.45317113399505615,
            0.4505873918533325,
            0.44869375228881836,
            0.4482154846191406
        ]
    ],
    "last_action_method": "return_last_retrieved_list",
    "curr_top_k_docIDs": [
        "338",
        "520",
        "392",
        "340",
        "303",
        "92",
        "368",
        "399",
        "1",
        "400"
    ],
    "terminate": true,
    "state_history": [
        {
            "queries": [
                "Spectacular coastal cities"
            ],
            "iteration": 0
        },
        {
            "queries": [
                "Spectacular coastal cities"
            ],
            "iteration": 0,
            "retrieved_lists": [
                [
                    "338",
                    "520",
                    "392",
                    "340",
                    "303",
                    "92",
                    "368",
                    "399",
                    "1",
                    "400"
                ]
            ],
            "all_sim_scores": [
                [
                    0.5056756138801575,
                    0.48917341232299805,
                    0.4784693419933319,
                    0.47469770908355713,
                    0.4694027900695801,
                    0.46806052327156067,
                    0.45317113399505615,
                    0.4505873918533325,
                    0.44869375228881836,
                    0.4482154846191406
                ]
            ],
            "last_action_method": "rank"
        },
        {
            "queries": [
                "Spectacular coastal cities"
            ],
            "iteration": 0,
            "retrieved_lists": [
                [
                    "338",
                    "520",
                    "392",
                    "340",
                    "303",
                    "92",
                    "368",
                    "399",
                    "1",
                    "400"
                ]
            ],
            "all_sim_scores": [
                [
                    0.5056756138801575,
                    0.48917341232299805,
                    0.4784693419933319,
                    0.47469770908355713,
                    0.4694027900695801,
                    0.46806052327156067,
                    0.45317113399505615,
                    0.4505873918533325,
                    0.44869375228881836,
                    0.4482154846191406
                ]
            ],
            "last_action_method": "return_last_retrieved_list",
            "curr_top_k_docIDs": [
                "338",
                "520",
                "392",
                "340",
                "303",
                "92",
                "368",
                "399",
                "1",
                "400"
            ],
            "terminate": true
        }
    ]
}