{
    "queries": [
        "Cities for a rejuvenating retreat"
    ],
    "iteration": 0,
    "retrieved_lists": [
        [
            "199",
            "415",
            "497",
            "283",
            "481",
            "142",
            "418",
            "227",
            "368",
            "319"
        ]
    ],
    "all_sim_scores": [
        [
            0.4287642240524292,
            0.3900986313819885,
            0.3875117301940918,
            0.37146928906440735,
            0.3673168122768402,
            0.36698752641677856,
            0.36370015144348145,
            0.36004024744033813,
            0.35694000124931335,
            0.3456003665924072
        ]
    ],
    "last_action_method": "return_last_retrieved_list",
    "curr_top_k_docIDs": [
        "199",
        "415",
        "497",
        "283",
        "481",
        "142",
        "418",
        "227",
        "368",
        "319"
    ],
    "terminate": true,
    "state_history": [
        {
            "queries": [
                "Cities for a rejuvenating retreat"
            ],
            "iteration": 0
        },
        {
            "queries": [
                "Cities for a rejuvenating retreat"
            ],
            "iteration": 0,
            "retrieved_lists": [
                [
                    "199",
                    "415",
                    "497",
                    "283",
                    "481",
                    "142",
                    "418",
                    "227",
                    "368",
                    "319"
                ]
            ],
            "all_sim_scores": [
                [
                    0.4287642240524292,
                    0.3900986313819885,
                    0.3875117301940918,
                    0.37146928906440735,
                    0.3673168122768402,
                    0.36698752641677856,
                    0.36370015144348145,
                    0.36004024744033813,
                    0.35694000124931335,
                    0.3456003665924072
                ]
            ],
            "last_action_method": "rank"
        },
        {
            "queries": [
                "Cities for a rejuvenating retreat"
            ],
            "iteration": 0,
            "retrieved_lists": [
                [
                    "199",
                    "415",
                    "497",
                    "283",
                    "481",
                    "142",
                    "418",
                    "227",
                    "368",
                    "319"
                ]
            ],
            "all_sim_scores": [
                [
                    0.4287642240524292,
                    0.3900986313819885,
                    0.3875117301940918,
                    0.37146928906440735,
                    0.3673168122768402,
                    0.36698752641677856,
                    0.36370015144348145,
                    0.36004024744033813,
                    0.35694000124931335,
                    0.3456003665924072
                ]
            ],
            "last_action_method": "return_last_retrieved_list",
            "curr_top_k_docIDs": [
                "199",
                "415",
                "497",
                "283",
                "481",
                "142",
                "418",
                "227",
                "368",
                "319"
            ],
            "terminate": true
        }
    ]
}