{
    "queries": [
        "who were the judges on dancing on ice 2014"
    ],
    "iteration": 0,
    "retrieved_lists": [
        [
            "doc21533",
            "doc851395",
            "doc927859",
            "doc789372",
            "doc1465057",
            "doc1068127",
            "doc1629230",
            "doc1696417",
            "doc1790825",
            "doc1094381",
            "doc1557326",
            "doc2331651",
            "doc21685",
            "doc350642",
            "doc2232472",
            "doc969612",
            "doc2084228",
            "doc1947259",
            "doc1468439",
            "doc1869392",
            "doc1141878",
            "doc731912",
            "doc124963",
            "doc597900",
            "doc92030",
            "doc1211824",
            "doc349045",
            "doc2623137",
            "doc2349667",
            "doc237996",
            "doc966757",
            "doc962272",
            "doc397259",
            "doc1027837",
            "doc1660624",
            "doc329735",
            "doc947985",
            "doc170237",
            "doc1656509",
            "doc1548750",
            "doc1968552",
            "doc1756170",
            "doc2532014",
            "doc527216",
            "doc1088929",
            "doc1801654",
            "doc246119",
            "doc1378826",
            "doc1501208",
            "doc512439",
            "doc243750",
            "doc625115",
            "doc849223",
            "doc2044836",
            "doc683146",
            "doc1669717",
            "doc2465088",
            "doc1614668",
            "doc41510",
            "doc1915406"
        ]
    ],
    "all_sim_scores": [
        [
            0.6932284832000732,
            0.4614909291267395,
            0.44516703486442566,
            0.41751548647880554,
            0.3972708284854889,
            0.3759707808494568,
            0.3665311932563782,
            0.35876503586769104,
            0.3546498417854309,
            0.35456791520118713,
            0.3524937629699707,
            0.3493889570236206,
            0.34859156608581543,
            0.3385820984840393,
            0.3280777335166931,
            0.32753026485443115,
            0.32742947340011597,
            0.3261856734752655,
            0.32551389932632446,
            0.3197047710418701,
            0.3100094199180603,
            0.30391353368759155,
            0.30346572399139404,
            0.3012702465057373,
            0.30070000886917114,
            0.29756373167037964,
            0.29273468255996704,
            0.2917165756225586,
            0.2902754843235016,
            0.2901167869567871,
            0.290041983127594,
            0.2878011465072632,
            0.2863684892654419,
            0.2849193811416626,
            0.28462761640548706,
            0.28426966071128845,
            0.279157429933548,
            0.27789583802223206,
            0.2769659757614136,
            0.27389028668403625,
            0.27345117926597595,
            0.27209562063217163,
            0.2707408666610718,
            0.2658628821372986,
            0.26230359077453613,
            0.26122546195983887,
            0.2603023648262024,
            0.2577386796474457,
            0.2576512098312378,
            0.25716355443000793,
            0.25593942403793335,
            0.255456805229187,
            0.25379130244255066,
            0.2525821328163147,
            0.2511523962020874,
            0.2449805736541748,
            0.2449091374874115,
            0.24479904770851135,
            0.24438336491584778,
            0.2441672682762146
        ]
    ],
    "last_action_method": "return_last_retrieved_list",
    "curr_top_k_docIDs": [
        "doc21533",
        "doc851395",
        "doc927859",
        "doc789372",
        "doc1465057",
        "doc1068127",
        "doc1629230",
        "doc1696417",
        "doc1790825",
        "doc1094381",
        "doc1557326",
        "doc2331651",
        "doc21685",
        "doc350642",
        "doc2232472",
        "doc969612",
        "doc2084228",
        "doc1947259",
        "doc1468439",
        "doc1869392",
        "doc1141878",
        "doc731912",
        "doc124963",
        "doc597900",
        "doc92030",
        "doc1211824",
        "doc349045",
        "doc2623137",
        "doc2349667",
        "doc237996",
        "doc966757",
        "doc962272",
        "doc397259",
        "doc1027837",
        "doc1660624",
        "doc329735",
        "doc947985",
        "doc170237",
        "doc1656509",
        "doc1548750",
        "doc1968552",
        "doc1756170",
        "doc2532014",
        "doc527216",
        "doc1088929",
        "doc1801654",
        "doc246119",
        "doc1378826",
        "doc1501208",
        "doc512439",
        "doc243750",
        "doc625115",
        "doc849223",
        "doc2044836",
        "doc683146",
        "doc1669717",
        "doc2465088",
        "doc1614668",
        "doc41510",
        "doc1915406"
    ],
    "terminate": true,
    "state_history": [
        {
            "queries": [
                "who were the judges on dancing on ice 2014"
            ],
            "iteration": 0
        },
        {
            "queries": [
                "who were the judges on dancing on ice 2014"
            ],
            "iteration": 0,
            "retrieved_lists": [
                [
                    "doc21533",
                    "doc851395",
                    "doc927859",
                    "doc789372",
                    "doc1465057",
                    "doc1068127",
                    "doc1629230",
                    "doc1696417",
                    "doc1790825",
                    "doc1094381",
                    "doc1557326",
                    "doc2331651",
                    "doc21685",
                    "doc350642",
                    "doc2232472",
                    "doc969612",
                    "doc2084228",
                    "doc1947259",
                    "doc1468439",
                    "doc1869392",
                    "doc1141878",
                    "doc731912",
                    "doc124963",
                    "doc597900",
                    "doc92030",
                    "doc1211824",
                    "doc349045",
                    "doc2623137",
                    "doc2349667",
                    "doc237996",
                    "doc966757",
                    "doc962272",
                    "doc397259",
                    "doc1027837",
                    "doc1660624",
                    "doc329735",
                    "doc947985",
                    "doc170237",
                    "doc1656509",
                    "doc1548750",
                    "doc1968552",
                    "doc1756170",
                    "doc2532014",
                    "doc527216",
                    "doc1088929",
                    "doc1801654",
                    "doc246119",
                    "doc1378826",
                    "doc1501208",
                    "doc512439",
                    "doc243750",
                    "doc625115",
                    "doc849223",
                    "doc2044836",
                    "doc683146",
                    "doc1669717",
                    "doc2465088",
                    "doc1614668",
                    "doc41510",
                    "doc1915406"
                ]
            ],