{
    "queries": [
        "Cities with a natural atmosphere"
    ],
    "iteration": 0,
    "retrieved_lists": [
        [
            "520",
            "83",
            "352",
            "492",
            "378",
            "560",
            "111",
            "168",
            "231",
            "65"
        ]
    ],
    "all_sim_scores": [
        [
            0.6789978742599487,
            0.6586095094680786,
            0.6571577787399292,
            0.655188262462616,
            0.6527272462844849,
            0.6518140435218811,
            0.6515281796455383,
            0.6500950455665588,
            0.6485468745231628,
            0.6463489532470703
        ]
    ],
    "last_action_method": "return_last_retrieved_list",
    "curr_top_k_docIDs": [
        "520",
        "83",
        "352",
        "492",
        "378",
        "560",
        "111",
        "168",
        "231",
        "65"
    ],
    "terminate": true,
    "state_history": [
        {
            "queries": [
                "Cities with a natural atmosphere"
            ],
            "iteration": 0
        },
        {
            "queries": [
                "Cities with a natural atmosphere"
            ],
            "iteration": 0,
            "retrieved_lists": [
                [
                    "520",
                    "83",
                    "352",
                    "492",
                    "378",
                    "560",
                    "111",
                    "168",
                    "231",
                    "65"
                ]
            ],
            "all_sim_scores": [
                [
                    0.6789978742599487,
                    0.6586095094680786,
                    0.6571577787399292,
                    0.655188262462616,
                    0.6527272462844849,
                    0.6518140435218811,
                    0.6515281796455383,
                    0.6500950455665588,
                    0.6485468745231628,
                    0.6463489532470703
                ]
            ],
            "last_action_method": "rank"
        },
        {
            "queries": [
                "Cities with a natural atmosphere"
            ],
            "iteration": 0,
            "retrieved_lists": [
                [
                    "520",
                    "83",
                    "352",
                    "492",
                    "378",
                    "560",
                    "111",
                    "168",
                    "231",
                    "65"
                ]
            ],
            "all_sim_scores": [
                [
                    0.6789978742599487,
                    0.6586095094680786,
                    0.6571577787399292,
                    0.655188262462616,
                    0.6527272462844849,
                    0.6518140435218811,
                    0.6515281796455383,
                    0.6500950455665588,
                    0.6485468745231628,
                    0.6463489532470703
                ]
            ],
            "last_action_method": "return_last_retrieved_list",
            "curr_top_k_docIDs": [
                "520",
                "83",
                "352",
                "492",
                "378",
                "560",
                "111",
                "168",
                "231",
                "65"
            ],
            "terminate": true
        }
    ]
}