{
    "queries": [
        "camelbak water bottle 20 oz"
    ],
    "iteration": 0,
    "retrieved_lists": [
        [
            "633414",
            "1649529",
            "1387685",
            "573218",
            "1408887",
            "213927",
            "443789",
            "1562036",
            "99100",
            "394297"
        ]
    ],
    "all_sim_scores": [
        [
            0.8146119117736816,
            0.7878859043121338,
            0.7839815616607666,
            0.781392514705658,
            0.7703869938850403,
            0.7699019908905029,
            0.7669525742530823,
            0.7633235454559326,
            0.7632177472114563,
            0.758793294429779
        ]
    ],
    "last_action_method": "return_last_retrieved_list",
    "curr_top_k_docIDs": [
        "633414",
        "1649529",
        "1387685",
        "573218",
        "1408887",
        "213927",
        "443789",
        "1562036",
        "99100",
        "394297"
    ],
    "terminate": true,
    "state_history": [
        {
            "queries": [
                "camelbak water bottle 20 oz"
            ],
            "iteration": 0
        },
        {
            "queries": [
                "camelbak water bottle 20 oz"
            ],
            "iteration": 0,
            "retrieved_lists": [
                [
                    "633414",
                    "1649529",
                    "1387685",
                    "573218",
                    "1408887",
                    "213927",
                    "443789",
                    "1562036",
                    "99100",
                    "394297"
                ]
            ],
            "all_sim_scores": [
                [
                    0.8146119117736816,
                    0.7878859043121338,
                    0.7839815616607666,
                    0.781392514705658,
                    0.7703869938850403,
                    0.7699019908905029,
                    0.7669525742530823,
                    0.7633235454559326,
                    0.7632177472114563,
                    0.758793294429779
                ]
            ],
            "last_action_method": "rank"
        },
        {
            "queries": [
                "camelbak water bottle 20 oz"
            ],
            "iteration": 0,
            "retrieved_lists": [
                [
                    "633414",
                    "1649529",
                    "1387685",
                    "573218",
                    "1408887",
                    "213927",
                    "443789",
                    "1562036",
                    "99100",
                    "394297"
                ]
            ],
            "all_sim_scores": [
                [
                    0.8146119117736816,
                    0.7878859043121338,
                    0.7839815616607666,
                    0.781392514705658,
                    0.7703869938850403,
                    0.7699019908905029,
                    0.7669525742530823,
                    0.7633235454559326,
                    0.7632177472114563,
                    0.758793294429779
                ]
            ],
            "last_action_method": "return_last_retrieved_list",
            "curr_top_k_docIDs": [
                "633414",
                "1649529",
                "1387685",
                "573218",
                "1408887",
                "213927",
                "443789",
                "1562036",
                "99100",
                "394297"
            ],
            "terminate": true
        }
    ]
}