{
    "queries": [
        "Cities for art lovers"
    ],
    "iteration": 0,
    "retrieved_lists": [
        [
            "320",
            "283",
            "22",
            "204",
            "339",
            "400",
            "520",
            "368",
            "338",
            "383",
            "490",
            "42",
            "233",
            "105",
            "138",
            "405",
            "343",
            "245",
            "392",
            "1",
            "328",
            "70",
            "249",
            "193",
            "199",
            "63",
            "251",
            "497",
            "180",
            "61",
            "15",
            "332",
            "543",
            "177",
            "88",
            "82",
            "352",
            "505",
            "377",
            "397",
            "380",
            "237",
            "319",
            "226",
            "407",
            "121",
            "187",
            "310",
            "427",
            "428",
            "295",
            "299",
            "545",
            "92",
            "18",
            "425",
            "382",
            "57",
            "74",
            "460"
        ]
    ],
    "all_sim_scores": [
        [
            0.527208685874939,
            0.5064530372619629,
            0.4646410346031189,
            0.4623018205165863,
            0.4554458260536194,
            0.4545276165008545,
            0.4544428288936615,
            0.45049211382865906,
            0.44223326444625854,
            0.43870073556900024,
            0.4380427598953247,
            0.43764299154281616,
            0.437295526266098,
            0.43418246507644653,
            0.4339691400527954,
            0.4313473105430603,
            0.4294303059577942,
            0.42902225255966187,
            0.4278735816478729,
            0.4254242181777954,
            0.4244609475135803,
            0.4235824942588806,
            0.42148876190185547,
            0.4180964231491089,
            0.41355979442596436,
            0.4129626154899597,
            0.40967339277267456,
            0.4080162048339844,
            0.4077596068382263,
            0.40593770146369934,
            0.40233802795410156,
            0.4020320475101471,
            0.40139204263687134,
            0.4009855389595032,
            0.40065842866897583,
            0.40055787563323975,
            0.40015286207199097,
            0.3983960747718811,
            0.39761263132095337,
            0.3973313868045807,
            0.39675113558769226,
            0.39386865496635437,
            0.3932797312736511,
            0.3920905590057373,
            0.3902524709701538,
            0.38541918992996216,
            0.3851627707481384,
            0.38470572233200073,
            0.3842024505138397,
            0.383880615234375,
            0.3837052583694458,
            0.3836807608604431,
            0.38305091857910156,
            0.3820514976978302,
            0.3801990747451782,
            0.37971556186676025,
            0.3789483308792114,
            0.37883955240249634,
            0.37775781750679016,
            0.3773529529571533
        ]
    ],
    "last_action_method": "return_last_retrieved_list",
    "curr_top_k_docIDs": [
        "320",
        "283",
        "22",
        "204",
        "339",
        "400",
        "520",
        "368",
        "338",
        "383",
        "490",
        "42",
        "233",
        "105",
        "138",
        "405",
        "343",
        "245",
        "392",
        "1",
        "328",
        "70",
        "249",
        "193",
        "199",
        "63",
        "251",
        "497",
        "180",
        "61",
        "15",
        "332",
        "543",
        "177",
        "88",
        "82",
        "352",
        "505",
        "377",
        "397",
        "380",
        "237",
        "319",
        "226",
        "407",
        "121",
        "187",
        "310",
        "427",
        "428",
        "295",
        "299",
        "545",
        "92",
        "18",
        "425",
        "382",
        "57",
        "74",
        "460"
    ],
    "terminate": true,
    "state_history": [
        {
            "queries": [
                "Cities for art lovers"
            ],
            "iteration": 0
        },
        {
            "queries": [
                "Cities for art lovers"
            ],
            "iteration": 0,
            "retrieved_lists": [
                [
                    "320",
                    "283",
                    "22",
                    "204",
                    "339",
                    "400",
                    "520",
                    "368",
                    "338",
                    "383",
                    "490",
                    "42",
                    "233",
                    "105",
                    "138",
                    "405",
                    "343",
                    "245",
                    "392",
                    "1",
                    "328",
                    "70",
                    "249",
                    "193",
                    "199",
                    "63",
                    "251",
                    "497",
                    "180",
                    "61",
                    "15",
                    "332",
                    "543",
                    "177",
                    "88",
                    "82",
                    "352",
                    "505",
                    "377",
                    "397",
                    "380",
                    "237",
                    "319",
                    "226",
                    "407",
                    "121",
                    "187",
                    "310",
                    "427",
                    "428",
                    "295",
                    "299",
                    "545",
                    "92",
                    "18",
                    "425",
                    "382",
                    "57",
                    "74",
                    "460"
                ]
            ],