{
    "queries": [
        "Cities with the most interesting and unique content for vloggers"
    ],
    "iteration": 0,
    "retrieved_lists": [
        [
            "320",
            "251",
            "516",
            "265",
            "141",
            "168",
            "378",
            "492",
            "157",
            "332",
            "352",
            "111",
            "81",
            "22",
            "560",
            "43",
            "201",
            "520",
            "376",
            "450",
            "478",
            "55",
            "96",
            "52",
            "299",
            "94",
            "400",
            "120",
            "339",
            "92",
            "82",
            "105",
            "249",
            "532",
            "3",
            "467",
            "124",
            "432",
            "5",
            "58",
            "53",
            "408",
            "355",
            "283",
            "530",
            "296",
            "255",
            "284",
            "380",
            "401",
            "237",
            "83",
            "46",
            "500",
            "89",
            "392",
            "56",
            "222",
            "457",
            "109"
        ]
    ],
    "all_sim_scores": [
        [
            0.6334496140480042,
            0.6319110989570618,
            0.6223118901252747,
            0.6181662082672119,
            0.6159447431564331,
            0.6139557957649231,
            0.6131327748298645,
            0.610994815826416,
            0.6087130308151245,
            0.6085402965545654,
            0.6074556112289429,
            0.6065585613250732,
            0.6061369776725769,
            0.6060357093811035,
            0.6010360717773438,
            0.5978641510009766,
            0.5976451635360718,
            0.5962725281715393,
            0.5960351228713989,
            0.5948069095611572,
            0.592707633972168,
            0.5911509990692139,
            0.5897427797317505,
            0.5895788669586182,
            0.5884602069854736,
            0.5881242752075195,
            0.5865703225135803,
            0.5863770842552185,
            0.5856962203979492,
            0.5843251943588257,
            0.584030270576477,
            0.5829012393951416,
            0.5822975635528564,
            0.5822029113769531,
            0.5817257761955261,
            0.5815539956092834,
            0.5802499055862427,
            0.5798728466033936,
            0.5796292424201965,
            0.5782612562179565,
            0.5777940154075623,
            0.5772427320480347,
            0.5768322348594666,
            0.5766573548316956,
            0.5764560699462891,
            0.5751686096191406,
            0.5750339031219482,
            0.574562132358551,
            0.5740877985954285,
            0.573154628276825,
            0.5726446509361267,
            0.5719799995422363,
            0.5719622373580933,
            0.5715758800506592,
            0.5700582265853882,
            0.5700021386146545,
            0.569605827331543,
            0.5693068504333496,
            0.5690783262252808,
            0.568827748298645
        ]
    ],
    "last_action_method": "return_last_retrieved_list",
    "curr_top_k_docIDs": [
        "320",
        "251",
        "516",
        "265",
        "141",
        "168",
        "378",
        "492",
        "157",
        "332",
        "352",
        "111",
        "81",
        "22",
        "560",
        "43",
        "201",
        "520",
        "376",
        "450",
        "478",
        "55",
        "96",
        "52",
        "299",
        "94",
        "400",
        "120",
        "339",
        "92",
        "82",
        "105",
        "249",
        "532",
        "3",
        "467",
        "124",
        "432",
        "5",
        "58",
        "53",
        "408",
        "355",
        "283",
        "530",
        "296",
        "255",
        "284",
        "380",
        "401",
        "237",
        "83",
        "46",
        "500",
        "89",
        "392",
        "56",
        "222",
        "457",
        "109"
    ],
    "terminate": true,
    "state_history": [
        {
            "queries": [
                "Cities with the most interesting and unique content for vloggers"
            ],
            "iteration": 0
        },
        {
            "queries": [
                "Cities with the most interesting and unique content for vloggers"
            ],
            "iteration": 0,
            "retrieved_lists": [
                [
                    "320",
                    "251",
                    "516",
                    "265",
                    "141",
                    "168",
                    "378",
                    "492",
                    "157",
                    "332",
                    "352",
                    "111",
                    "81",
                    "22",
                    "560",
                    "43",
                    "201",
                    "520",
                    "376",
                    "450",
                    "478",
                    "55",
                    "96",
                    "52",
                    "299",
                    "94",
                    "400",
                    "120",
                    "339",
                    "92",
                    "82",
                    "105",
                    "249",
                    "532",
                    "3",
                    "467",
                    "124",
                    "432",
                    "5",
                    "58",
                    "53",
                    "408",
                    "355",
                    "283",
                    "530",
                    "296",
                    "255",
                    "284",
                    "380",
                    "401",
                    "237",
                    "83",
                    "46",
                    "500",
                    "89",
                    "392",
                    "56",
                    "222",
                    "457",
                    "109"
                ]
            ],