{
    "queries": [
        "Culinary cities for food lovers"
    ],
    "iteration": 0,
    "retrieved_lists": [
        [
            "415",
            "368",
            "283",
            "320",
            "193",
            "405",
            "295",
            "343",
            "427",
            "204"
        ]
    ],
    "all_sim_scores": [
        [
            0.43975067138671875,
            0.42490121722221375,
            0.41993117332458496,
            0.41590017080307007,
            0.41552382707595825,
            0.4081762135028839,
            0.393893837928772,
            0.3836197555065155,
            0.3835402727127075,
            0.3829962909221649
        ]
    ],
    "last_action_method": "return_last_retrieved_list",
    "curr_top_k_docIDs": [
        "415",
        "368",
        "283",
        "320",
        "193",
        "405",
        "295",
        "343",
        "427",
        "204"
    ],
    "terminate": true,
    "state_history": [
        {
            "queries": [
                "Culinary cities for food lovers"
            ],
            "iteration": 0
        },
        {
            "queries": [
                "Culinary cities for food lovers"
            ],
            "iteration": 0,
            "retrieved_lists": [
                [
                    "415",
                    "368",
                    "283",
                    "320",
                    "193",
                    "405",
                    "295",
                    "343",
                    "427",
                    "204"
                ]
            ],
            "all_sim_scores": [
                [
                    0.43975067138671875,
                    0.42490121722221375,
                    0.41993117332458496,
                    0.41590017080307007,
                    0.41552382707595825,
                    0.4081762135028839,
                    0.393893837928772,
                    0.3836197555065155,
                    0.3835402727127075,
                    0.3829962909221649
                ]
            ],
            "last_action_method": "rank"
        },
        {
            "queries": [
                "Culinary cities for food lovers"
            ],
            "iteration": 0,
            "retrieved_lists": [
                [
                    "415",
                    "368",
                    "283",
                    "320",
                    "193",
                    "405",
                    "295",
                    "343",
                    "427",
                    "204"
                ]
            ],
            "all_sim_scores": [
                [
                    0.43975067138671875,
                    0.42490121722221375,
                    0.41993117332458496,
                    0.41590017080307007,
                    0.41552382707595825,
                    0.4081762135028839,
                    0.393893837928772,
                    0.3836197555065155,
                    0.3835402727127075,
                    0.3829962909221649
                ]
            ],
            "last_action_method": "return_last_retrieved_list",
            "curr_top_k_docIDs": [
                "415",
                "368",
                "283",
                "320",
                "193",
                "405",
                "295",
                "343",
                "427",
                "204"
            ],
            "terminate": true
        }
    ]
}