{
    "queries": [
        "I want to relax on beautiful beaches"
    ],
    "iteration": 0,
    "retrieved_lists": [
        [
            "303",
            "264",
            "539",
            "340",
            "415",
            "276",
            "179",
            "124",
            "366",
            "64"
        ]
    ],
    "all_sim_scores": [
        [
            0.42903655767440796,
            0.4260663390159607,
            0.4231894016265869,
            0.396948903799057,
            0.36155256628990173,
            0.34846046566963196,
            0.34367552399635315,
            0.34328436851501465,
            0.3391888439655304,
            0.3327799141407013
        ]
    ],
    "last_action_method": "return_last_retrieved_list",
    "curr_top_k_docIDs": [
        "303",
        "264",
        "539",
        "340",
        "415",
        "276",
        "179",
        "124",
        "366",
        "64"
    ],
    "terminate": true,
    "state_history": [
        {
            "queries": [
                "I want to relax on beautiful beaches"
            ],
            "iteration": 0
        },
        {
            "queries": [
                "I want to relax on beautiful beaches"
            ],
            "iteration": 0,
            "retrieved_lists": [
                [
                    "303",
                    "264",
                    "539",
                    "340",
                    "415",
                    "276",
                    "179",
                    "124",
                    "366",
                    "64"
                ]
            ],
            "all_sim_scores": [
                [
                    0.42903655767440796,
                    0.4260663390159607,
                    0.4231894016265869,
                    0.396948903799057,
                    0.36155256628990173,
                    0.34846046566963196,
                    0.34367552399635315,
                    0.34328436851501465,
                    0.3391888439655304,
                    0.3327799141407013
                ]
            ],
            "last_action_method": "rank"
        },
        {
            "queries": [
                "I want to relax on beautiful beaches"
            ],
            "iteration": 0,
            "retrieved_lists": [
                [
                    "303",
                    "264",
                    "539",
                    "340",
                    "415",
                    "276",
                    "179",
                    "124",
                    "366",
                    "64"
                ]
            ],
            "all_sim_scores": [
                [
                    0.42903655767440796,
                    0.4260663390159607,
                    0.4231894016265869,
                    0.396948903799057,
                    0.36155256628990173,
                    0.34846046566963196,
                    0.34367552399635315,
                    0.34328436851501465,
                    0.3391888439655304,
                    0.3327799141407013
                ]
            ],
            "last_action_method": "return_last_retrieved_list",
            "curr_top_k_docIDs": [
                "303",
                "264",
                "539",
                "340",
                "415",
                "276",
                "179",
                "124",
                "366",
                "64"
            ],
            "terminate": true
        }
    ]
}