{
    "queries": [
        "18x48 coleman pool"
    ],
    "iteration": 0,
    "retrieved_lists": [
        [
            "1344526",
            "677858",
            "1448507",
            "1147440",
            "526730",
            "223411",
            "1209350",
            "1447140",
            "1099379",
            "1366394"
        ]
    ],
    "all_sim_scores": [
        [
            0.7890228033065796,
            0.7452532052993774,
            0.7410022020339966,
            0.7388181090354919,
            0.7386063933372498,
            0.7354224324226379,
            0.7277018427848816,
            0.7259302139282227,
            0.7204071879386902,
            0.7141938805580139
        ]
    ],
    "last_action_method": "return_last_retrieved_list",
    "curr_top_k_docIDs": [
        "1344526",
        "677858",
        "1448507",
        "1147440",
        "526730",
        "223411",
        "1209350",
        "1447140",
        "1099379",
        "1366394"
    ],
    "terminate": true,
    "state_history": [
        {
            "queries": [
                "18x48 coleman pool"
            ],
            "iteration": 0
        },
        {
            "queries": [
                "18x48 coleman pool"
            ],
            "iteration": 0,
            "retrieved_lists": [
                [
                    "1344526",
                    "677858",
                    "1448507",
                    "1147440",
                    "526730",
                    "223411",
                    "1209350",
                    "1447140",
                    "1099379",
                    "1366394"
                ]
            ],
            "all_sim_scores": [
                [
                    0.7890228033065796,
                    0.7452532052993774,
                    0.7410022020339966,
                    0.7388181090354919,
                    0.7386063933372498,
                    0.7354224324226379,
                    0.7277018427848816,
                    0.7259302139282227,
                    0.7204071879386902,
                    0.7141938805580139
                ]
            ],
            "last_action_method": "rank"
        },
        {
            "queries": [
                "18x48 coleman pool"
            ],
            "iteration": 0,
            "retrieved_lists": [
                [
                    "1344526",
                    "677858",
                    "1448507",
                    "1147440",
                    "526730",
                    "223411",
                    "1209350",
                    "1447140",
                    "1099379",
                    "1366394"
                ]
            ],
            "all_sim_scores": [
                [
                    0.7890228033065796,
                    0.7452532052993774,
                    0.7410022020339966,
                    0.7388181090354919,
                    0.7386063933372498,
                    0.7354224324226379,
                    0.7277018427848816,
                    0.7259302139282227,
                    0.7204071879386902,
                    0.7141938805580139
                ]
            ],
            "last_action_method": "return_last_retrieved_list",
            "curr_top_k_docIDs": [
                "1344526",
                "677858",
                "1448507",
                "1147440",
                "526730",
                "223411",
                "1209350",
                "1447140",
                "1099379",
                "1366394"
            ],
            "terminate": true
        }
    ]
}