{
    "queries": [
        "Budget friendly cities for travelers"
    ],
    "iteration": 0,
    "retrieved_lists": [
        [
            "120",
            "352",
            "399",
            "320",
            "43",
            "338",
            "283",
            "96",
            "141",
            "82",
            "378",
            "168",
            "560",
            "53",
            "520",
            "400",
            "61",
            "71",
            "40",
            "251",
            "22",
            "105",
            "255",
            "501",
            "492",
            "56",
            "376",
            "81",
            "187",
            "94",
            "111",
            "70",
            "109",
            "425",
            "516",
            "115",
            "270",
            "296",
            "328",
            "278",
            "332",
            "204",
            "265",
            "343",
            "408",
            "552",
            "243",
            "486",
            "177",
            "206",
            "355",
            "337",
            "237",
            "51",
            "254",
            "55",
            "92",
            "385",
            "83",
            "95"
        ]
    ],
    "all_sim_scores": [
        [
            0.6080152988433838,
            0.602285623550415,
            0.5996540188789368,
            0.5974205732345581,
            0.5963310599327087,
            0.5934476256370544,
            0.5930566787719727,
            0.5923961400985718,
            0.5923138856887817,
            0.592198371887207,
            0.5886358022689819,
            0.5867362022399902,
            0.5848444700241089,
            0.5841088891029358,
            0.5836526155471802,
            0.5823092460632324,
            0.5819820761680603,
            0.5813775062561035,
            0.5811740756034851,
            0.5810505747795105,
            0.5806221961975098,
            0.5788805484771729,
            0.5788704752922058,
            0.5778156518936157,
            0.5774179697036743,
            0.5771220922470093,
            0.5771033763885498,
            0.5767081379890442,
            0.5765233635902405,
            0.5757863521575928,
            0.5748265981674194,
            0.5737941265106201,
            0.5717697739601135,
            0.5716556906700134,
            0.5703389644622803,
            0.5677005052566528,
            0.5666767358779907,
            0.5666393041610718,
            0.5661727786064148,
            0.5660382509231567,
            0.5657330751419067,
            0.5655678510665894,
            0.5649914741516113,
            0.5649541020393372,
            0.564939022064209,
            0.5643577575683594,
            0.5638490319252014,
            0.5636067986488342,
            0.563449501991272,
            0.5631791353225708,
            0.5629560947418213,
            0.5626122355461121,
            0.5619274377822876,
            0.5607485771179199,
            0.5605332851409912,
            0.5604808926582336,
            0.5598495006561279,
            0.5597207546234131,
            0.5593302249908447,
            0.5590378046035767
        ]
    ],
    "last_action_method": "return_last_retrieved_list",
    "curr_top_k_docIDs": [
        "120",
        "352",
        "399",
        "320",
        "43",
        "338",
        "283",
        "96",
        "141",
        "82",
        "378",
        "168",
        "560",
        "53",
        "520",
        "400",
        "61",
        "71",
        "40",
        "251",
        "22",
        "105",
        "255",
        "501",
        "492",
        "56",
        "376",
        "81",
        "187",
        "94",
        "111",
        "70",
        "109",
        "425",
        "516",
        "115",
        "270",
        "296",
        "328",
        "278",
        "332",
        "204",
        "265",
        "343",
        "408",
        "552",
        "243",
        "486",
        "177",
        "206",
        "355",
        "337",
        "237",
        "51",
        "254",
        "55",
        "92",
        "385",
        "83",
        "95"
    ],
    "terminate": true,
    "state_history": [
        {
            "queries": [
                "Budget friendly cities for travelers"
            ],
            "iteration": 0
        },
        {
            "queries": [
                "Budget friendly cities for travelers"
            ],
            "iteration": 0,
            "retrieved_lists": [
                [
                    "120",
                    "352",
                    "399",
                    "320",
                    "43",
                    "338",
                    "283",
                    "96",
                    "141",
                    "82",
                    "378",
                    "168",
                    "560",
                    "53",
                    "520",
                    "400",
                    "61",
                    "71",
                    "40",
                    "251",
                    "22",
                    "105",
                    "255",
                    "501",
                    "492",
                    "56",
                    "376",
                    "81",
                    "187",
                    "94",
                    "111",
                    "70",
                    "109",
                    "425",
                    "516",
                    "115",
                    "270",
                    "296",
                    "328",
                    "278",
                    "332",
                    "204",
                    "265",
                    "343",
                    "408",
                    "552",
                    "243",
                    "486",
                    "177",
                    "206",
                    "355",
                    "337",
                    "237",
                    "51",
                    "254",
                    "55",
                    "92",
                    "385",
                    "83",
                    "95"
                ]
            ],