{
    "queries": [
        "I want to capture stunning sunshine"
    ],
    "iteration": 0,
    "retrieved_lists": [
        [
            "396",
            "322",
            "294",
            "8",
            "91",
            "479",
            "292",
            "352",
            "92",
            "437"
        ]
    ],
    "all_sim_scores": [
        [
            0.5525756478309631,
            0.5402719974517822,
            0.5367400646209717,
            0.5345064401626587,
            0.5260710716247559,
            0.5243821740150452,
            0.5226513147354126,
            0.520579993724823,
            0.5201376080513,
            0.5152661800384521
        ]
    ],
    "last_action_method": "return_last_retrieved_list",
    "curr_top_k_docIDs": [
        "396",
        "322",
        "294",
        "8",
        "91",
        "479",
        "292",
        "352",
        "92",
        "437"
    ],
    "terminate": true,
    "state_history": [
        {
            "queries": [
                "I want to capture stunning sunshine"
            ],
            "iteration": 0
        },
        {
            "queries": [
                "I want to capture stunning sunshine"
            ],
            "iteration": 0,
            "retrieved_lists": [
                [
                    "396",
                    "322",
                    "294",
                    "8",
                    "91",
                    "479",
                    "292",
                    "352",
                    "92",
                    "437"
                ]
            ],
            "all_sim_scores": [
                [
                    0.5525756478309631,
                    0.5402719974517822,
                    0.5367400646209717,
                    0.5345064401626587,
                    0.5260710716247559,
                    0.5243821740150452,
                    0.5226513147354126,
                    0.520579993724823,
                    0.5201376080513,
                    0.5152661800384521
                ]
            ],
            "last_action_method": "rank"
        },
        {
            "queries": [
                "I want to capture stunning sunshine"
            ],
            "iteration": 0,
            "retrieved_lists": [
                [
                    "396",
                    "322",
                    "294",
                    "8",
                    "91",
                    "479",
                    "292",
                    "352",
                    "92",
                    "437"
                ]
            ],
            "all_sim_scores": [
                [
                    0.5525756478309631,
                    0.5402719974517822,
                    0.5367400646209717,
                    0.5345064401626587,
                    0.5260710716247559,
                    0.5243821740150452,
                    0.5226513147354126,
                    0.520579993724823,
                    0.5201376080513,
                    0.5152661800384521
                ]
            ],
            "last_action_method": "return_last_retrieved_list",
            "curr_top_k_docIDs": [
                "396",
                "322",
                "294",
                "8",
                "91",
                "479",
                "292",
                "352",
                "92",
                "437"
            ],
            "terminate": true
        }
    ]
}