{
    "queries": [
        "who played ricky in secret life of the american teenager"
    ],
    "iteration": 0,
    "retrieved_lists": [
        [
            "doc58462",
            "doc338726",
            "doc417241",
            "doc1617964",
            "doc1754184",
            "doc1817624",
            "doc2060794",
            "doc2376597",
            "doc2060797",
            "doc2010039",
            "doc5399",
            "doc2639965",
            "doc480948",
            "doc930006",
            "doc1209065",
            "doc2639970",
            "doc1396731",
            "doc1634011",
            "doc2392405",
            "doc1660975",
            "doc1702538",
            "doc315544",
            "doc634517",
            "doc1304741",
            "doc808642",
            "doc1436517",
            "doc431307",
            "doc2568632",
            "doc2214043",
            "doc2131919",
            "doc1720331",
            "doc1661007",
            "doc1444179",
            "doc1134134",
            "doc1241657",
            "doc1598605",
            "doc1758754",
            "doc443744",
            "doc465387",
            "doc2254011",
            "doc2676804",
            "doc1060897",
            "doc543803",
            "doc2211118",
            "doc229875",
            "doc2482003",
            "doc2605964",
            "doc698920",
            "doc805189",
            "doc2160491",
            "doc242429",
            "doc1783410",
            "doc263103",
            "doc1795728",
            "doc1584890",
            "doc38780",
            "doc1179151",
            "doc1125971",
            "doc1824772",
            "doc293728"
        ]
    ],
    "all_sim_scores": [
        [
            0.7775857448577881,
            0.6145195960998535,
            0.44858694076538086,
            0.3580203354358673,
            0.3479674160480499,
            0.3277004659175873,
            0.327519953250885,
            0.3069998323917389,
            0.30305540561676025,
            0.29973357915878296,
            0.2975393831729889,
            0.29473042488098145,
            0.29350295662879944,
            0.29223358631134033,
            0.29119718074798584,
            0.29092225432395935,
            0.29012569785118103,
            0.2882160544395447,
            0.2860189974308014,
            0.2853136658668518,
            0.28160879015922546,
            0.2797597646713257,
            0.27821823954582214,
            0.27510926127433777,
            0.27376869320869446,
            0.2709668278694153,
            0.2695462107658386,
            0.2677469253540039,
            0.2671656310558319,
            0.2666635811328888,
            0.2648225426673889,
            0.264680951833725,
            0.2640221416950226,
            0.26335805654525757,
            0.26253193616867065,
            0.26063910126686096,
            0.26063305139541626,
            0.260185569524765,
            0.2593105137348175,
            0.2592889666557312,
            0.25876256823539734,
            0.25742900371551514,
            0.256777822971344,
            0.2567346692085266,
            0.256099134683609,
            0.25514960289001465,
            0.25390297174453735,
            0.2538185119628906,
            0.2511301338672638,
            0.2503129243850708,
            0.24897393584251404,
            0.24892336130142212,
            0.24714243412017822,
            0.2470511496067047,
            0.24624325335025787,
            0.2454083114862442,
            0.24491623044013977,
            0.24480056762695312,
            0.2438923716545105,
            0.24368369579315186
        ]
    ],
    "last_action_method": "return_last_retrieved_list",
    "curr_top_k_docIDs": [
        "doc58462",
        "doc338726",
        "doc417241",
        "doc1617964",
        "doc1754184",
        "doc1817624",
        "doc2060794",
        "doc2376597",
        "doc2060797",
        "doc2010039",
        "doc5399",
        "doc2639965",
        "doc480948",
        "doc930006",
        "doc1209065",
        "doc2639970",
        "doc1396731",
        "doc1634011",
        "doc2392405",
        "doc1660975",
        "doc1702538",
        "doc315544",
        "doc634517",
        "doc1304741",
        "doc808642",
        "doc1436517",
        "doc431307",
        "doc2568632",
        "doc2214043",
        "doc2131919",
        "doc1720331",
        "doc1661007",
        "doc1444179",
        "doc1134134",
        "doc1241657",
        "doc1598605",
        "doc1758754",
        "doc443744",
        "doc465387",
        "doc2254011",
        "doc2676804",
        "doc1060897",
        "doc543803",
        "doc2211118",
        "doc229875",
        "doc2482003",
        "doc2605964",
        "doc698920",
        "doc805189",
        "doc2160491",
        "doc242429",
        "doc1783410",
        "doc263103",
        "doc1795728",
        "doc1584890",
        "doc38780",
        "doc1179151",
        "doc1125971",
        "doc1824772",
        "doc293728"
    ],
    "terminate": true,
    "state_history": [
        {
            "queries": [
                "who played ricky in secret life of the american teenager"
            ],
            "iteration": 0
        },
        {
            "queries": [
                "who played ricky in secret life of the american teenager"
            ],
            "iteration": 0,
            "retrieved_lists": [
                [
                    "doc58462",
                    "doc338726",
                    "doc417241",
                    "doc1617964",
                    "doc1754184",
                    "doc1817624",
                    "doc2060794",
                    "doc2376597",
                    "doc2060797",
                    "doc2010039",
                    "doc5399",
                    "doc2639965",
                    "doc480948",
                    "doc930006",
                    "doc1209065",
                    "doc2639970",
                    "doc1396731",
                    "doc1634011",
                    "doc2392405",
                    "doc1660975",
                    "doc1702538",
                    "doc315544",
                    "doc634517",
                    "doc1304741",
                    "doc808642",
                    "doc1436517",
                    "doc431307",
                    "doc2568632",
                    "doc2214043",
                    "doc2131919",
                    "doc1720331",
                    "doc1661007",
                    "doc1444179",
                    "doc1134134",
                    "doc1241657",
                    "doc1598605",
                    "doc1758754",
                    "doc443744",
                    "doc465387",
                    "doc2254011",
                    "doc2676804",
                    "doc1060897",
                    "doc543803",
                    "doc2211118",
                    "doc229875",
                    "doc2482003",
                    "doc2605964",
                    "doc698920",
                    "doc805189",
                    "doc2160491",
                    "doc242429",
                    "doc1783410",
                    "doc263103",
                    "doc1795728",
                    "doc1584890",
                    "doc38780",
                    "doc1179151",
                    "doc1125971",
                    "doc1824772",
                    "doc293728"
                ]
            ],