{
    "queries": [
        "Hidden gem cities for a peaceful holiday"
    ],
    "iteration": 0,
    "retrieved_lists": [
        [
            "409",
            "347",
            "226",
            "199",
            "410",
            "283",
            "177",
            "387",
            "418",
            "415"
        ]
    ],
    "all_sim_scores": [
        [
            0.3828011155128479,
            0.3796831965446472,
            0.3738245964050293,
            0.37184756994247437,
            0.3497430086135864,
            0.34775489568710327,
            0.34560054540634155,
            0.33556991815567017,
            0.33207064867019653,
            0.3269568383693695
        ]
    ],
    "last_action_method": "return_last_retrieved_list",
    "curr_top_k_docIDs": [
        "409",
        "347",
        "226",
        "199",
        "410",
        "283",
        "177",
        "387",
        "418",
        "415"
    ],
    "terminate": true,
    "state_history": [
        {
            "queries": [
                "Hidden gem cities for a peaceful holiday"
            ],
            "iteration": 0
        },
        {
            "queries": [
                "Hidden gem cities for a peaceful holiday"
            ],
            "iteration": 0,
            "retrieved_lists": [
                [
                    "409",
                    "347",
                    "226",
                    "199",
                    "410",
                    "283",
                    "177",
                    "387",
                    "418",
                    "415"
                ]
            ],
            "all_sim_scores": [
                [
                    0.3828011155128479,
                    0.3796831965446472,
                    0.3738245964050293,
                    0.37184756994247437,
                    0.3497430086135864,
                    0.34775489568710327,
                    0.34560054540634155,
                    0.33556991815567017,
                    0.33207064867019653,
                    0.3269568383693695
                ]
            ],
            "last_action_method": "rank"
        },
        {
            "queries": [
                "Hidden gem cities for a peaceful holiday"
            ],
            "iteration": 0,
            "retrieved_lists": [
                [
                    "409",
                    "347",
                    "226",
                    "199",
                    "410",
                    "283",
                    "177",
                    "387",
                    "418",
                    "415"
                ]
            ],
            "all_sim_scores": [
                [
                    0.3828011155128479,
                    0.3796831965446472,
                    0.3738245964050293,
                    0.37184756994247437,
                    0.3497430086135864,
                    0.34775489568710327,
                    0.34560054540634155,
                    0.33556991815567017,
                    0.33207064867019653,
                    0.3269568383693695
                ]
            ],
            "last_action_method": "return_last_retrieved_list",
            "curr_top_k_docIDs": [
                "409",
                "347",
                "226",
                "199",
                "410",
                "283",
                "177",
                "387",
                "418",
                "415"
            ],
            "terminate": true
        }
    ]
}