{
    "queries": [
        "yeti lunch box"
    ],
    "iteration": 0,
    "retrieved_lists": [
        [
            "829575",
            "411967",
            "1008895",
            "395243",
            "716164",
            "1198193",
            "1113512",
            "388149",
            "1352840",
            "339668"
        ]
    ],
    "all_sim_scores": [
        [
            0.7879104614257812,
            0.7779441475868225,
            0.7716923356056213,
            0.7552942037582397,
            0.7534360885620117,
            0.7496193647384644,
            0.7481252551078796,
            0.74086594581604,
            0.7287614345550537,
            0.7279776334762573
        ]
    ],
    "last_action_method": "return_last_retrieved_list",
    "curr_top_k_docIDs": [
        "829575",
        "411967",
        "1008895",
        "395243",
        "716164",
        "1198193",
        "1113512",
        "388149",
        "1352840",
        "339668"
    ],
    "terminate": true,
    "state_history": [
        {
            "queries": [
                "yeti lunch box"
            ],
            "iteration": 0
        },
        {
            "queries": [
                "yeti lunch box"
            ],
            "iteration": 0,
            "retrieved_lists": [
                [
                    "829575",
                    "411967",
                    "1008895",
                    "395243",
                    "716164",
                    "1198193",
                    "1113512",
                    "388149",
                    "1352840",
                    "339668"
                ]
            ],
            "all_sim_scores": [
                [
                    0.7879104614257812,
                    0.7779441475868225,
                    0.7716923356056213,
                    0.7552942037582397,
                    0.7534360885620117,
                    0.7496193647384644,
                    0.7481252551078796,
                    0.74086594581604,
                    0.7287614345550537,
                    0.7279776334762573
                ]
            ],
            "last_action_method": "rank"
        },
        {
            "queries": [
                "yeti lunch box"
            ],
            "iteration": 0,
            "retrieved_lists": [
                [
                    "829575",
                    "411967",
                    "1008895",
                    "395243",
                    "716164",
                    "1198193",
                    "1113512",
                    "388149",
                    "1352840",
                    "339668"
                ]
            ],
            "all_sim_scores": [
                [
                    0.7879104614257812,
                    0.7779441475868225,
                    0.7716923356056213,
                    0.7552942037582397,
                    0.7534360885620117,
                    0.7496193647384644,
                    0.7481252551078796,
                    0.74086594581604,
                    0.7287614345550537,
                    0.7279776334762573
                ]
            ],
            "last_action_method": "return_last_retrieved_list",
            "curr_top_k_docIDs": [
                "829575",
                "411967",
                "1008895",
                "395243",
                "716164",
                "1198193",
                "1113512",
                "388149",
                "1352840",
                "339668"
            ],
            "terminate": true
        }
    ]
}