{
    "queries": [
        "I want to relax on beautiful beaches"
    ],
    "iteration": 0,
    "retrieved_lists": [
        [
            "8",
            "303",
            "346",
            "31",
            "366",
            "156",
            "91",
            "479",
            "185",
            "294"
        ]
    ],
    "all_sim_scores": [
        [
            0.6486829519271851,
            0.640091061592102,
            0.6304832696914673,
            0.620621919631958,
            0.6175293922424316,
            0.6169635653495789,
            0.6145780086517334,
            0.6091322898864746,
            0.6076908111572266,
            0.6046092510223389
        ]
    ],
    "last_action_method": "return_last_retrieved_list",
    "curr_top_k_docIDs": [
        "8",
        "303",
        "346",
        "31",
        "366",
        "156",
        "91",
        "479",
        "185",
        "294"
    ],
    "terminate": true,
    "state_history": [
        {
            "queries": [
                "I want to relax on beautiful beaches"
            ],
            "iteration": 0
        },
        {
            "queries": [
                "I want to relax on beautiful beaches"
            ],
            "iteration": 0,
            "retrieved_lists": [
                [
                    "8",
                    "303",
                    "346",
                    "31",
                    "366",
                    "156",
                    "91",
                    "479",
                    "185",
                    "294"
                ]
            ],
            "all_sim_scores": [
                [
                    0.6486829519271851,
                    0.640091061592102,
                    0.6304832696914673,
                    0.620621919631958,
                    0.6175293922424316,
                    0.6169635653495789,
                    0.6145780086517334,
                    0.6091322898864746,
                    0.6076908111572266,
                    0.6046092510223389
                ]
            ],
            "last_action_method": "rank"
        },
        {
            "queries": [
                "I want to relax on beautiful beaches"
            ],
            "iteration": 0,
            "retrieved_lists": [
                [
                    "8",
                    "303",
                    "346",
                    "31",
                    "366",
                    "156",
                    "91",
                    "479",
                    "185",
                    "294"
                ]
            ],
            "all_sim_scores": [
                [
                    0.6486829519271851,
                    0.640091061592102,
                    0.6304832696914673,
                    0.620621919631958,
                    0.6175293922424316,
                    0.6169635653495789,
                    0.6145780086517334,
                    0.6091322898864746,
                    0.6076908111572266,
                    0.6046092510223389
                ]
            ],
            "last_action_method": "return_last_retrieved_list",
            "curr_top_k_docIDs": [
                "8",
                "303",
                "346",
                "31",
                "366",
                "156",
                "91",
                "479",
                "185",
                "294"
            ],
            "terminate": true
        }
    ]
}