{
    "queries": [
        "day cream with spf 30 anti aging"
    ],
    "iteration": 0,
    "retrieved_lists": [
        [
            "182695",
            "1506634",
            "589448",
            "221331",
            "926358",
            "935479",
            "1387090",
            "1384045",
            "1096585",
            "222516"
        ]
    ],
    "all_sim_scores": [
        [
            0.8160718083381653,
            0.8023878335952759,
            0.7937207818031311,
            0.7909857034683228,
            0.7887373566627502,
            0.7884967923164368,
            0.784190833568573,
            0.7813231945037842,
            0.781220018863678,
            0.7723612189292908
        ]
    ],
    "last_action_method": "return_last_retrieved_list",
    "curr_top_k_docIDs": [
        "182695",
        "1506634",
        "589448",
        "221331",
        "926358",
        "935479",
        "1387090",
        "1384045",
        "1096585",
        "222516"
    ],
    "terminate": true,
    "state_history": [
        {
            "queries": [
                "day cream with spf 30 anti aging"
            ],
            "iteration": 0
        },
        {
            "queries": [
                "day cream with spf 30 anti aging"
            ],
            "iteration": 0,
            "retrieved_lists": [
                [
                    "182695",
                    "1506634",
                    "589448",
                    "221331",
                    "926358",
                    "935479",
                    "1387090",
                    "1384045",
                    "1096585",
                    "222516"
                ]
            ],
            "all_sim_scores": [
                [
                    0.8160718083381653,
                    0.8023878335952759,
                    0.7937207818031311,
                    0.7909857034683228,
                    0.7887373566627502,
                    0.7884967923164368,
                    0.784190833568573,
                    0.7813231945037842,
                    0.781220018863678,
                    0.7723612189292908
                ]
            ],
            "last_action_method": "rank"
        },
        {
            "queries": [
                "day cream with spf 30 anti aging"
            ],
            "iteration": 0,
            "retrieved_lists": [
                [
                    "182695",
                    "1506634",
                    "589448",
                    "221331",
                    "926358",
                    "935479",
                    "1387090",
                    "1384045",
                    "1096585",
                    "222516"
                ]
            ],
            "all_sim_scores": [
                [
                    0.8160718083381653,
                    0.8023878335952759,
                    0.7937207818031311,
                    0.7909857034683228,
                    0.7887373566627502,
                    0.7884967923164368,
                    0.784190833568573,
                    0.7813231945037842,
                    0.781220018863678,
                    0.7723612189292908
                ]
            ],
            "last_action_method": "return_last_retrieved_list",
            "curr_top_k_docIDs": [
                "182695",
                "1506634",
                "589448",
                "221331",
                "926358",
                "935479",
                "1387090",
                "1384045",
                "1096585",
                "222516"
            ],
            "terminate": true
        }
    ]
}