{
    "queries": [
        "where did they film woody the woodpecker movie"
    ],
    "iteration": 0,
    "retrieved_lists": [
        [
            "doc33193",
            "doc1458421",
            "doc1458407",
            "doc1458423",
            "doc2534681",
            "doc162809",
            "doc902194",
            "doc833298",
            "doc1972304",
            "doc636345",
            "doc1381232",
            "doc1972294",
            "doc636318",
            "doc636366",
            "doc2534691",
            "doc418103",
            "doc1350184",
            "doc2390081",
            "doc2127628",
            "doc2052535",
            "doc2127612",
            "doc2082755",
            "doc2484683",
            "doc1134388",
            "doc2543946",
            "doc758102",
            "doc285377",
            "doc1682827",
            "doc1357081",
            "doc324610",
            "doc1880783",
            "doc1640342",
            "doc1972285",
            "doc1637893",
            "doc1294890",
            "doc2160867",
            "doc424003",
            "doc1311721",
            "doc315734",
            "doc2293270",
            "doc2111613",
            "doc418095",
            "doc151549",
            "doc2121754",
            "doc1353817",
            "doc1363624",
            "doc1632985",
            "doc1019350",
            "doc1019333",
            "doc2677824",
            "doc1467993",
            "doc1344043",
            "doc909045",
            "doc1110835",
            "doc627096",
            "doc1275428",
            "doc1972297",
            "doc1780606",
            "doc3156",
            "doc114349"
        ]
    ],
    "all_sim_scores": [
        [
            0.7448786497116089,
            0.5668455362319946,
            0.5253980755805969,
            0.49532350897789,
            0.4907284677028656,
            0.4551708400249481,
            0.4539104104042053,
            0.45377498865127563,
            0.4505959749221802,
            0.4359784722328186,
            0.43426570296287537,
            0.4225189983844757,
            0.4161887764930725,
            0.4160121977329254,
            0.4159712791442871,
            0.39984074234962463,
            0.39922407269477844,
            0.3983922004699707,
            0.3937162160873413,
            0.39351433515548706,
            0.39280804991722107,
            0.38169971108436584,
            0.380851149559021,
            0.38051289319992065,
            0.37958240509033203,
            0.37652823328971863,
            0.3671305179595947,
            0.3663465082645416,
            0.3659699559211731,
            0.3653562068939209,
            0.36288249492645264,
            0.3606744408607483,
            0.35945767164230347,
            0.3571544289588928,
            0.3544488251209259,
            0.3509652316570282,
            0.3505875766277313,
            0.3469228446483612,
            0.3465278744697571,
            0.34618210792541504,
            0.34534385800361633,
            0.3437349796295166,
            0.3437272310256958,
            0.343620240688324,
            0.34344005584716797,
            0.3432684540748596,
            0.3427797853946686,
            0.3407609164714813,
            0.33972597122192383,
            0.33946341276168823,
            0.3382457494735718,
            0.3377598226070404,
            0.33740413188934326,
            0.33698955178260803,
            0.3363635838031769,
            0.3356683850288391,
            0.33472388982772827,
            0.3346685767173767,
            0.33387601375579834,
            0.3308594226837158
        ]
    ],
    "last_action_method": "return_last_retrieved_list",
    "curr_top_k_docIDs": [
        "doc33193",
        "doc1458421",
        "doc1458407",
        "doc1458423",
        "doc2534681",
        "doc162809",
        "doc902194",
        "doc833298",
        "doc1972304",
        "doc636345",
        "doc1381232",
        "doc1972294",
        "doc636318",
        "doc636366",
        "doc2534691",
        "doc418103",
        "doc1350184",
        "doc2390081",
        "doc2127628",
        "doc2052535",
        "doc2127612",
        "doc2082755",
        "doc2484683",
        "doc1134388",
        "doc2543946",
        "doc758102",
        "doc285377",
        "doc1682827",
        "doc1357081",
        "doc324610",
        "doc1880783",
        "doc1640342",
        "doc1972285",
        "doc1637893",
        "doc1294890",
        "doc2160867",
        "doc424003",
        "doc1311721",
        "doc315734",
        "doc2293270",
        "doc2111613",
        "doc418095",
        "doc151549",
        "doc2121754",
        "doc1353817",
        "doc1363624",
        "doc1632985",
        "doc1019350",
        "doc1019333",
        "doc2677824",
        "doc1467993",
        "doc1344043",
        "doc909045",
        "doc1110835",
        "doc627096",
        "doc1275428",
        "doc1972297",
        "doc1780606",
        "doc3156",
        "doc114349"
    ],
    "terminate": true,
    "state_history": [
        {
            "queries": [
                "where did they film woody the woodpecker movie"
            ],
            "iteration": 0
        },
        {
            "queries": [
                "where did they film woody the woodpecker movie"
            ],
            "iteration": 0,
            "retrieved_lists": [
                [
                    "doc33193",
                    "doc1458421",
                    "doc1458407",
                    "doc1458423",
                    "doc2534681",
                    "doc162809",
                    "doc902194",
                    "doc833298",
                    "doc1972304",
                    "doc636345",
                    "doc1381232",
                    "doc1972294",
                    "doc636318",
                    "doc636366",
                    "doc2534691",
                    "doc418103",
                    "doc1350184",
                    "doc2390081",
                    "doc2127628",
                    "doc2052535",
                    "doc2127612",
                    "doc2082755",
                    "doc2484683",
                    "doc1134388",
                    "doc2543946",
                    "doc758102",
                    "doc285377",
                    "doc1682827",
                    "doc1357081",
                    "doc324610",
                    "doc1880783",
                    "doc1640342",
                    "doc1972285",
                    "doc1637893",
                    "doc1294890",
                    "doc2160867",
                    "doc424003",
                    "doc1311721",
                    "doc315734",
                    "doc2293270",
                    "doc2111613",
                    "doc418095",
                    "doc151549",
                    "doc2121754",
                    "doc1353817",
                    "doc1363624",
                    "doc1632985",
                    "doc1019350",
                    "doc1019333",
                    "doc2677824",
                    "doc1467993",
                    "doc1344043",
                    "doc909045",
                    "doc1110835",
                    "doc627096",
                    "doc1275428",
                    "doc1972297",
                    "doc1780606",
                    "doc3156",
                    "doc114349"
                ]
            ],