{
    "queries": [
        "who sings good night on the beatles white album"
    ],
    "iteration": 0,
    "retrieved_lists": [
        [
            "doc109630",
            "doc2087280",
            "doc1302884",
            "doc1413550",
            "doc1261509",
            "doc2124571",
            "doc1363166",
            "doc2413670",
            "doc171841",
            "doc485911",
            "doc808793",
            "doc2361308",
            "doc1204184",
            "doc2084105",
            "doc1433022",
            "doc143819",
            "doc2579152",
            "doc1139481",
            "doc196964",
            "doc132443",
            "doc2182888",
            "doc2268531",
            "doc71222",
            "doc1287690",
            "doc1692443",
            "doc1200963",
            "doc1690353",
            "doc439333",
            "doc91945",
            "doc1361871",
            "doc1495601",
            "doc2008407",
            "doc1534920",
            "doc2165069",
            "doc17774",
            "doc1491850",
            "doc2417347",
            "doc655220",
            "doc2534841",
            "doc1809142",
            "doc260546",
            "doc629500",
            "doc124963",
            "doc1125756",
            "doc1548615",
            "doc580935",
            "doc2239651",
            "doc1968552",
            "doc1059572",
            "doc677611",
            "doc143851",
            "doc2110429",
            "doc623299",
            "doc1102392",
            "doc607489",
            "doc1141878",
            "doc601106",
            "doc2511043",
            "doc2099562",
            "doc450966"
        ]
    ],
    "all_sim_scores": [
        [
            0.8297944068908691,
            0.4232316017150879,
            0.412239134311676,
            0.39552247524261475,
            0.38458365201950073,
            0.3797715902328491,
            0.37962600588798523,
            0.3794296383857727,
            0.3790202736854553,
            0.37773725390434265,
            0.37323692440986633,
            0.3730280101299286,
            0.37244731187820435,
            0.36711180210113525,
            0.3670691251754761,
            0.36500120162963867,
            0.36377716064453125,
            0.3625253438949585,
            0.3622390627861023,
            0.359501451253891,
            0.3580200672149658,
            0.34656989574432373,
            0.3432210087776184,
            0.3426951766014099,
            0.34046095609664917,
            0.32218581438064575,
            0.3208996057510376,
            0.31504303216934204,
            0.3131844401359558,
            0.31106317043304443,
            0.30676817893981934,
            0.3056666851043701,
            0.30256223678588867,
            0.30231040716171265,
            0.3020904064178467,
            0.30025506019592285,
            0.2968069314956665,
            0.29564347863197327,
            0.2931484580039978,
            0.2895559072494507,
            0.2840501666069031,
            0.2839750051498413,
            0.2836037576198578,
            0.2806204855442047,
            0.2802353501319885,
            0.2765346169471741,
            0.276263564825058,
            0.27588897943496704,
            0.2741904854774475,
            0.27288612723350525,
            0.27193599939346313,
            0.2718859910964966,
            0.27130618691444397,
            0.26869237422943115,
            0.2683982849121094,
            0.26823335886001587,
            0.267863392829895,
            0.26685404777526855,
            0.2659872770309448,
            0.26398104429244995
        ]
    ],
    "last_action_method": "return_last_retrieved_list",
    "curr_top_k_docIDs": [
        "doc109630",
        "doc2087280",
        "doc1302884",
        "doc1413550",
        "doc1261509",
        "doc2124571",
        "doc1363166",
        "doc2413670",
        "doc171841",
        "doc485911",
        "doc808793",
        "doc2361308",
        "doc1204184",
        "doc2084105",
        "doc1433022",
        "doc143819",
        "doc2579152",
        "doc1139481",
        "doc196964",
        "doc132443",
        "doc2182888",
        "doc2268531",
        "doc71222",
        "doc1287690",
        "doc1692443",
        "doc1200963",
        "doc1690353",
        "doc439333",
        "doc91945",
        "doc1361871",
        "doc1495601",
        "doc2008407",
        "doc1534920",
        "doc2165069",
        "doc17774",
        "doc1491850",
        "doc2417347",
        "doc655220",
        "doc2534841",
        "doc1809142",
        "doc260546",
        "doc629500",
        "doc124963",
        "doc1125756",
        "doc1548615",
        "doc580935",
        "doc2239651",
        "doc1968552",
        "doc1059572",
        "doc677611",
        "doc143851",
        "doc2110429",
        "doc623299",
        "doc1102392",
        "doc607489",
        "doc1141878",
        "doc601106",
        "doc2511043",
        "doc2099562",
        "doc450966"
    ],
    "terminate": true,
    "state_history": [
        {
            "queries": [
                "who sings good night on the beatles white album"
            ],
            "iteration": 0
        },
        {
            "queries": [
                "who sings good night on the beatles white album"
            ],
            "iteration": 0,
            "retrieved_lists": [
                [
                    "doc109630",
                    "doc2087280",
                    "doc1302884",
                    "doc1413550",
                    "doc1261509",
                    "doc2124571",
                    "doc1363166",
                    "doc2413670",
                    "doc171841",
                    "doc485911",
                    "doc808793",
                    "doc2361308",
                    "doc1204184",
                    "doc2084105",
                    "doc1433022",
                    "doc143819",
                    "doc2579152",
                    "doc1139481",
                    "doc196964",
                    "doc132443",
                    "doc2182888",
                    "doc2268531",
                    "doc71222",
                    "doc1287690",
                    "doc1692443",
                    "doc1200963",
                    "doc1690353",
                    "doc439333",
                    "doc91945",
                    "doc1361871",
                    "doc1495601",
                    "doc2008407",
                    "doc1534920",
                    "doc2165069",
                    "doc17774",
                    "doc1491850",
                    "doc2417347",
                    "doc655220",
                    "doc2534841",
                    "doc1809142",
                    "doc260546",
                    "doc629500",
                    "doc124963",
                    "doc1125756",
                    "doc1548615",
                    "doc580935",
                    "doc2239651",
                    "doc1968552",
                    "doc1059572",
                    "doc677611",
                    "doc143851",
                    "doc2110429",
                    "doc623299",
                    "doc1102392",
                    "doc607489",
                    "doc1141878",
                    "doc601106",
                    "doc2511043",
                    "doc2099562",
                    "doc450966"
                ]
            ],