{
    "queries": [
        "Beautiful cities near water bodies"
    ],
    "iteration": 0,
    "retrieved_lists": [
        [
            "520",
            "1",
            "338",
            "492",
            "168",
            "316",
            "399",
            "560",
            "95",
            "141"
        ]
    ],
    "all_sim_scores": [
        [
            0.7053807973861694,
            0.6642208099365234,
            0.6572170853614807,
            0.6499667763710022,
            0.646225094795227,
            0.6414250135421753,
            0.6408905386924744,
            0.6371962428092957,
            0.6336671113967896,
            0.6307815313339233
        ]
    ],
    "last_action_method": "return_last_retrieved_list",
    "curr_top_k_docIDs": [
        "520",
        "1",
        "338",
        "492",
        "168",
        "316",
        "399",
        "560",
        "95",
        "141"
    ],
    "terminate": true,
    "state_history": [
        {
            "queries": [
                "Beautiful cities near water bodies"
            ],
            "iteration": 0
        },
        {
            "queries": [
                "Beautiful cities near water bodies"
            ],
            "iteration": 0,
            "retrieved_lists": [
                [
                    "520",
                    "1",
                    "338",
                    "492",
                    "168",
                    "316",
                    "399",
                    "560",
                    "95",
                    "141"
                ]
            ],
            "all_sim_scores": [
                [
                    0.7053807973861694,
                    0.6642208099365234,
                    0.6572170853614807,
                    0.6499667763710022,
                    0.646225094795227,
                    0.6414250135421753,
                    0.6408905386924744,
                    0.6371962428092957,
                    0.6336671113967896,
                    0.6307815313339233
                ]
            ],
            "last_action_method": "rank"
        },
        {
            "queries": [
                "Beautiful cities near water bodies"
            ],
            "iteration": 0,
            "retrieved_lists": [
                [
                    "520",
                    "1",
                    "338",
                    "492",
                    "168",
                    "316",
                    "399",
                    "560",
                    "95",
                    "141"
                ]
            ],
            "all_sim_scores": [
                [
                    0.7053807973861694,
                    0.6642208099365234,
                    0.6572170853614807,
                    0.6499667763710022,
                    0.646225094795227,
                    0.6414250135421753,
                    0.6408905386924744,
                    0.6371962428092957,
                    0.6336671113967896,
                    0.6307815313339233
                ]
            ],
            "last_action_method": "return_last_retrieved_list",
            "curr_top_k_docIDs": [
                "520",
                "1",
                "338",
                "492",
                "168",
                "316",
                "399",
                "560",
                "95",
                "141"
            ],
            "terminate": true
        }
    ]
}