{
    "queries": [
        "Best cities to avoid crowds"
    ],
    "iteration": 0,
    "retrieved_lists": [
        [
            "520",
            "168",
            "320",
            "111",
            "492",
            "516",
            "251",
            "283",
            "201",
            "352"
        ]
    ],
    "all_sim_scores": [
        [
            0.5941122174263,
            0.5725661516189575,
            0.5709984302520752,
            0.570459246635437,
            0.5701009035110474,
            0.5689017176628113,
            0.5671295523643494,
            0.5654336810112,
            0.5642895102500916,
            0.5630054473876953
        ]
    ],
    "last_action_method": "return_last_retrieved_list",
    "curr_top_k_docIDs": [
        "520",
        "168",
        "320",
        "111",
        "492",
        "516",
        "251",
        "283",
        "201",
        "352"
    ],
    "terminate": true,
    "state_history": [
        {
            "queries": [
                "Best cities to avoid crowds"
            ],
            "iteration": 0
        },
        {
            "queries": [
                "Best cities to avoid crowds"
            ],
            "iteration": 0,
            "retrieved_lists": [
                [
                    "520",
                    "168",
                    "320",
                    "111",
                    "492",
                    "516",
                    "251",
                    "283",
                    "201",
                    "352"
                ]
            ],
            "all_sim_scores": [
                [
                    0.5941122174263,
                    0.5725661516189575,
                    0.5709984302520752,
                    0.570459246635437,
                    0.5701009035110474,
                    0.5689017176628113,
                    0.5671295523643494,
                    0.5654336810112,
                    0.5642895102500916,
                    0.5630054473876953
                ]
            ],
            "last_action_method": "rank"
        },
        {
            "queries": [
                "Best cities to avoid crowds"
            ],
            "iteration": 0,
            "retrieved_lists": [
                [
                    "520",
                    "168",
                    "320",
                    "111",
                    "492",
                    "516",
                    "251",
                    "283",
                    "201",
                    "352"
                ]
            ],
            "all_sim_scores": [
                [
                    0.5941122174263,
                    0.5725661516189575,
                    0.5709984302520752,
                    0.570459246635437,
                    0.5701009035110474,
                    0.5689017176628113,
                    0.5671295523643494,
                    0.5654336810112,
                    0.5642895102500916,
                    0.5630054473876953
                ]
            ],
            "last_action_method": "return_last_retrieved_list",
            "curr_top_k_docIDs": [
                "520",
                "168",
                "320",
                "111",
                "492",
                "516",
                "251",
                "283",
                "201",
                "352"
            ],
            "terminate": true
        }
    ]
}