{
    "queries": [
        "propane fireplace vent free"
    ],
    "iteration": 0,
    "retrieved_lists": [
        [
            "1478383",
            "544060",
            "3916",
            "486586",
            "259298",
            "1208070",
            "1027948",
            "1262887",
            "317219",
            "790695"
        ]
    ],
    "all_sim_scores": [
        [
            0.8111963272094727,
            0.7899010181427002,
            0.7878832817077637,
            0.7448275089263916,
            0.7443800568580627,
            0.7434322834014893,
            0.7385495901107788,
            0.7351653575897217,
            0.7340384125709534,
            0.7248510122299194
        ]
    ],
    "last_action_method": "return_last_retrieved_list",
    "curr_top_k_docIDs": [
        "1478383",
        "544060",
        "3916",
        "486586",
        "259298",
        "1208070",
        "1027948",
        "1262887",
        "317219",
        "790695"
    ],
    "terminate": true,
    "state_history": [
        {
            "queries": [
                "propane fireplace vent free"
            ],
            "iteration": 0
        },
        {
            "queries": [
                "propane fireplace vent free"
            ],
            "iteration": 0,
            "retrieved_lists": [
                [
                    "1478383",
                    "544060",
                    "3916",
                    "486586",
                    "259298",
                    "1208070",
                    "1027948",
                    "1262887",
                    "317219",
                    "790695"
                ]
            ],
            "all_sim_scores": [
                [
                    0.8111963272094727,
                    0.7899010181427002,
                    0.7878832817077637,
                    0.7448275089263916,
                    0.7443800568580627,
                    0.7434322834014893,
                    0.7385495901107788,
                    0.7351653575897217,
                    0.7340384125709534,
                    0.7248510122299194
                ]
            ],
            "last_action_method": "rank"
        },
        {
            "queries": [
                "propane fireplace vent free"
            ],
            "iteration": 0,
            "retrieved_lists": [
                [
                    "1478383",
                    "544060",
                    "3916",
                    "486586",
                    "259298",
                    "1208070",
                    "1027948",
                    "1262887",
                    "317219",
                    "790695"
                ]
            ],
            "all_sim_scores": [
                [
                    0.8111963272094727,
                    0.7899010181427002,
                    0.7878832817077637,
                    0.7448275089263916,
                    0.7443800568580627,
                    0.7434322834014893,
                    0.7385495901107788,
                    0.7351653575897217,
                    0.7340384125709534,
                    0.7248510122299194
                ]
            ],
            "last_action_method": "return_last_retrieved_list",
            "curr_top_k_docIDs": [
                "1478383",
                "544060",
                "3916",
                "486586",
                "259298",
                "1208070",
                "1027948",
                "1262887",
                "317219",
                "790695"
            ],
            "terminate": true
        }
    ]
}