{
    "queries": [
        "men formal wear"
    ],
    "iteration": 0,
    "retrieved_lists": [
        [
            "222283",
            "672249",
            "1179707",
            "186020",
            "1514353",
            "497449",
            "329448",
            "843610",
            "1169839",
            "114226"
        ]
    ],
    "all_sim_scores": [
        [
            0.7265989780426025,
            0.714774489402771,
            0.7106224298477173,
            0.7004406452178955,
            0.6855521202087402,
            0.6756873726844788,
            0.6727550625801086,
            0.6681028008460999,
            0.6662968397140503,
            0.6648204326629639
        ]
    ],
    "last_action_method": "return_last_retrieved_list",
    "curr_top_k_docIDs": [
        "222283",
        "672249",
        "1179707",
        "186020",
        "1514353",
        "497449",
        "329448",
        "843610",
        "1169839",
        "114226"
    ],
    "terminate": true,
    "state_history": [
        {
            "queries": [
                "men formal wear"
            ],
            "iteration": 0
        },
        {
            "queries": [
                "men formal wear"
            ],
            "iteration": 0,
            "retrieved_lists": [
                [
                    "222283",
                    "672249",
                    "1179707",
                    "186020",
                    "1514353",
                    "497449",
                    "329448",
                    "843610",
                    "1169839",
                    "114226"
                ]
            ],
            "all_sim_scores": [
                [
                    0.7265989780426025,
                    0.714774489402771,
                    0.7106224298477173,
                    0.7004406452178955,
                    0.6855521202087402,
                    0.6756873726844788,
                    0.6727550625801086,
                    0.6681028008460999,
                    0.6662968397140503,
                    0.6648204326629639
                ]
            ],
            "last_action_method": "rank"
        },
        {
            "queries": [
                "men formal wear"
            ],
            "iteration": 0,
            "retrieved_lists": [
                [
                    "222283",
                    "672249",
                    "1179707",
                    "186020",
                    "1514353",
                    "497449",
                    "329448",
                    "843610",
                    "1169839",
                    "114226"
                ]
            ],
            "all_sim_scores": [
                [
                    0.7265989780426025,
                    0.714774489402771,
                    0.7106224298477173,
                    0.7004406452178955,
                    0.6855521202087402,
                    0.6756873726844788,
                    0.6727550625801086,
                    0.6681028008460999,
                    0.6662968397140503,
                    0.6648204326629639
                ]
            ],
            "last_action_method": "return_last_retrieved_list",
            "curr_top_k_docIDs": [
                "222283",
                "672249",
                "1179707",
                "186020",
                "1514353",
                "497449",
                "329448",
                "843610",
                "1169839",
                "114226"
            ],
            "terminate": true
        }
    ]
}