{
    "queries": [
        "Top cities for luxury travel"
    ],
    "iteration": 0,
    "retrieved_lists": [
        [
            "497",
            "320",
            "22",
            "237",
            "283",
            "63",
            "338",
            "249",
            "428",
            "450"
        ]
    ],
    "all_sim_scores": [
        [
            0.4338991045951843,
            0.41846415400505066,
            0.41505008935928345,
            0.40717142820358276,
            0.402182400226593,
            0.3950141668319702,
            0.3880499601364136,
            0.38604918122291565,
            0.38312000036239624,
            0.37805962562561035
        ]
    ],
    "last_action_method": "return_last_retrieved_list",
    "curr_top_k_docIDs": [
        "497",
        "320",
        "22",
        "237",
        "283",
        "63",
        "338",
        "249",
        "428",
        "450"
    ],
    "terminate": true,
    "state_history": [
        {
            "queries": [
                "Top cities for luxury travel"
            ],
            "iteration": 0
        },
        {
            "queries": [
                "Top cities for luxury travel"
            ],
            "iteration": 0,
            "retrieved_lists": [
                [
                    "497",
                    "320",
                    "22",
                    "237",
                    "283",
                    "63",
                    "338",
                    "249",
                    "428",
                    "450"
                ]
            ],
            "all_sim_scores": [
                [
                    0.4338991045951843,
                    0.41846415400505066,
                    0.41505008935928345,
                    0.40717142820358276,
                    0.402182400226593,
                    0.3950141668319702,
                    0.3880499601364136,
                    0.38604918122291565,
                    0.38312000036239624,
                    0.37805962562561035
                ]
            ],
            "last_action_method": "rank"
        },
        {
            "queries": [
                "Top cities for luxury travel"
            ],
            "iteration": 0,
            "retrieved_lists": [
                [
                    "497",
                    "320",
                    "22",
                    "237",
                    "283",
                    "63",
                    "338",
                    "249",
                    "428",
                    "450"
                ]
            ],
            "all_sim_scores": [
                [
                    0.4338991045951843,
                    0.41846415400505066,
                    0.41505008935928345,
                    0.40717142820358276,
                    0.402182400226593,
                    0.3950141668319702,
                    0.3880499601364136,
                    0.38604918122291565,
                    0.38312000036239624,
                    0.37805962562561035
                ]
            ],
            "last_action_method": "return_last_retrieved_list",
            "curr_top_k_docIDs": [
                "497",
                "320",
                "22",
                "237",
                "283",
                "63",
                "338",
                "249",
                "428",
                "450"
            ],
            "terminate": true
        }
    ]
}