{
    "queries": [
        "Top cities for wildlife enthusiasts"
    ],
    "iteration": 0,
    "retrieved_lists": [
        [
            "141",
            "492",
            "251",
            "120",
            "352",
            "201",
            "121",
            "330",
            "422",
            "328",
            "105",
            "516",
            "109",
            "233",
            "61",
            "320",
            "92",
            "308",
            "84",
            "237",
            "423",
            "283",
            "399",
            "338",
            "43",
            "539",
            "52",
            "71",
            "249",
            "545"
        ]
    ],
    "all_sim_scores": [
        [
            0.6431986093521118,
            0.6254063844680786,
            0.6232860684394836,
            0.6222473382949829,
            0.6217336058616638,
            0.6215463876724243,
            0.6190702319145203,
            0.6164183616638184,
            0.6147150993347168,
            0.614600658416748,
            0.614331841468811,
            0.6137593984603882,
            0.6112861037254333,
            0.6101398468017578,
            0.6082651615142822,
            0.6079649925231934,
            0.6062455773353577,
            0.6059021949768066,
            0.6053533554077148,
            0.6039057374000549,
            0.6035724878311157,
            0.6019076704978943,
            0.6004297733306885,
            0.598702073097229,
            0.5984318256378174,
            0.5960605144500732,
            0.5959206819534302,
            0.59527987241745,
            0.5936180353164673,
            0.592755138874054
        ]
    ],
    "last_action_method": "check_max_q_reforms",
    "prompts": [
        "Return the best ordering of 10 of the document ids below given the query.\nFollow the output format example exactly and return only a python list of docIDs with exactly 10 IDs.\nDo not output city names.\n\nExample\n***\nQuery: tropical vacation destinations\n\nDocuments:\nDOCID: 1\t|\t TEXT: London\nDOCID: 4   |    TEXT: Cancun\nDOCID: 2456\t|\tTEXT: Myrtle Beach\n\nOutput: [\"4\", \"2456\", \"1\"]\n***\n\nInputs:\n***\nQuery: Top cities for wildlife enthusiasts\n\nDocuments:\n\nDOCID: 141\t|\tTEXT: Fort Lauderdale\n\nDOCID: 492\t|\tTEXT: Toronto\n\nDOCID: 251\t|\tTEXT: Los Angeles\n\nDOCID: 120\t|\tTEXT: Denver\n\nDOCID: 352\t|\tTEXT: Portland (Oregon)\n\nDOCID: 201\t|\tTEXT: Johannesburg\n\nDOCID: 121\t|\tTEXT: Detroit\n\nDOCID: 330\t|\tTEXT: Orlando\n\nDOCID: 422\t|\tTEXT: Savannah\n\nDOCID: 328\t|\tTEXT: Oklahoma City\n\nDOCID: 105\t|\tTEXT: Chicago\n\nDOCID: 516\t|\tTEXT: Vancouver\n\nDOCID: 109\t|\tTEXT: Cleveland\n\nDOCID: 233\t|\tTEXT: Lagos City\n\nDOCID: 61\t|\tTEXT: Belize City\n\nDOCID: 320\t|\tTEXT: New York City\n\nDOCID: 92\t|\tTEXT: Cape Town\n\nDOCID: 308\t|\tTEXT: Nairobi\n\nDOCID: 84\t|\tTEXT: Buffalo\n\nDOCID: 237\t|\tTEXT: Las Vegas\n\nDOCID: 423\t|\tTEXT: Seattle\n\nDOCID: 283\t|\tTEXT: Mexico City\n\nDOCID: 399\t|\tTEXT: San Diego\n\nDOCID: 338\t|\tTEXT: Panama City\n\nDOCID: 43\t|\tTEXT: Atlanta\n\nDOCID: 539\t|\tTEXT: West Palm Beach\n\nDOCID: 52\t|\tTEXT: Bangalore\n\nDOCID: 71\t|\tTEXT: Boise\n\nDOCID: 249\t|\tTEXT: London\n\nDOCID: 545\t|\tTEXT: Winnipeg\n\n***\n\nOutput:"
    ],
    "responses": [
        "```python\n[\"201\", \"92\", \"308\", \"233\", \"52\", \"516\", \"492\", \"251\", \"105\", \"320\"]\n```\n"
    ],
    "curr_top_k_docIDs": [
        "201",
        "92",
        "308",
        "233",
        "52",
        "516",
        "492",
        "251",
        "105",
        "320"
    ],
    "terminate": true,
    "state_history": [
        {
            "queries": [
                "Top cities for wildlife enthusiasts"
            ],
            "iteration": 0
        },
        {
            "queries": [
                "Top cities for wildlife enthusiasts"
            ],
            "iteration": 0,
            "retrieved_lists": [
                [
                    "141",
                    "492",
                    "251",
                    "120",
                    "352",
                    "201",
                    "121",
                    "330",
                    "422",
                    "328",
                    "105",
                    "516",
                    "109",
                    "233",
                    "61",
                    "320",
                    "92",
                    "308",
                    "84",
                    "237",
                    "423",
                    "283",
                    "399",
                    "338",
                    "43",
                    "539",
                    "52",
                    "71",
                    "249",
                    "545"
                ]
            ],
            "all_sim_scores": [
                [
                    0.6431986093521118,
                    0.6254063844680786,
                    0.6232860684394836,
                    0.6222473382949829,
                    0.6217336058616638,
                    0.6215463876724243,
                    0.6190702319145203,
                    0.6164183616638184,
                    0.6147150993347168,
                    0.614600658416748,
                    0.614331841468811,
                    0.6137593984603882,
                    0.6112861037254333,
                    0.6101398468017578,
                    0.6082651615142822,
                    0.6079649925231934,
                    0.6062455773353577,
                    0.6059021949768066,
                    0.6053533554077148,
                    0.6039057374000549,
                    0.6035724878311157,
                    0.6019076704978943,
                    0.6004297733306885,
                    0.598702073097229,
                    0.5984318256378174,
                    0.5960605144500732,
                    0.5959206819534302,
                    0.59527987241745,
                    0.5936180353164673,
                    0.592755138874054
                ]
            ],
            "last_action_method": "rank"
        },
        {
            "queries": [
                "Top cities for wildlife enthusiasts"
            ],
            "iteration": 0,
            "retrieved_lists": [
                [
                    "141",
                    "492",
                    "251",
                    "120",
                    "352",
                    "201",
                    "121",
                    "330",
                    "422",
                    "328",
                    "105",
                    "516",
                    "109",
                    "233",
                    "61",
                    "320",
                    "92",
                    "308",
                    "84",
                    "237",
                    "423",
                    "283",
                    "399",
                    "338",
                    "43",
                    "539",
                    "52",
                    "71",
                    "249",
                    "545"
                ]
            ],