{
    "queries": [
        "where did the name bubble and squeak come from"
    ],
    "iteration": 0,
    "retrieved_lists": [
        [
            "doc7384",
            "doc1685124",
            "doc1713692",
            "doc528394",
            "doc1346490",
            "doc1978071",
            "doc1605744",
            "doc338319",
            "doc1928285",
            "doc892394",
            "doc458078",
            "doc1905740",
            "doc897663",
            "doc1792355",
            "doc532796",
            "doc2128794",
            "doc1859887",
            "doc2554005",
            "doc1351777",
            "doc774719",
            "doc920061",
            "doc1792353",
            "doc1660885",
            "doc2020667",
            "doc1150065",
            "doc1788581",
            "doc294338",
            "doc2047700",
            "doc2484683",
            "doc324612",
            "doc679339",
            "doc1964672",
            "doc2565311",
            "doc2576358",
            "doc1336622",
            "doc1195067",
            "doc2637602",
            "doc1141661",
            "doc1777605",
            "doc1911598",
            "doc1190153",
            "doc987715",
            "doc1788576",
            "doc739150",
            "doc785451",
            "doc1535878",
            "doc613445",
            "doc1946908",
            "doc1016353",
            "doc844529",
            "doc903115",
            "doc2558481",
            "doc732977",
            "doc1886603",
            "doc757419",
            "doc2420842",
            "doc2100873",
            "doc2311840",
            "doc794344",
            "doc2012166"
        ]
    ],
    "all_sim_scores": [
        [
            0.5549681186676025,
            0.4871244728565216,
            0.43372005224227905,
            0.41432490944862366,
            0.4115639328956604,
            0.40801891684532166,
            0.4078744947910309,
            0.3969566226005554,
            0.39387619495391846,
            0.3928203582763672,
            0.38007038831710815,
            0.3800685703754425,
            0.37705928087234497,
            0.37487292289733887,
            0.3681511878967285,
            0.3642803430557251,
            0.3566175699234009,
            0.35563066601753235,
            0.3552146852016449,
            0.3540557026863098,
            0.3532674014568329,
            0.35294854640960693,
            0.35164085030555725,
            0.35068824887275696,
            0.3501269817352295,
            0.3479439318180084,
            0.3473183512687683,
            0.347248911857605,
            0.34683728218078613,
            0.34571921825408936,
            0.3438623547554016,
            0.34378379583358765,
            0.3431580066680908,
            0.34285008907318115,
            0.34084412455558777,
            0.34063875675201416,
            0.33866584300994873,
            0.3370782434940338,
            0.3366703987121582,
            0.3349234461784363,
            0.33475273847579956,
            0.3344802260398865,
            0.3338647186756134,
            0.3337400555610657,
            0.33344462513923645,
            0.3327879309654236,
            0.3321533799171448,
            0.33108943700790405,
            0.330985963344574,
            0.33077412843704224,
            0.32899436354637146,
            0.3289286494255066,
            0.327856183052063,
            0.32668447494506836,
            0.32644879817962646,
            0.32549840211868286,
            0.3251305818557739,
            0.32474565505981445,
            0.3236803114414215,
            0.32304322719573975
        ]
    ],
    "last_action_method": "return_last_retrieved_list",
    "curr_top_k_docIDs": [
        "doc7384",
        "doc1685124",
        "doc1713692",
        "doc528394",
        "doc1346490",
        "doc1978071",
        "doc1605744",
        "doc338319",
        "doc1928285",
        "doc892394",
        "doc458078",
        "doc1905740",
        "doc897663",
        "doc1792355",
        "doc532796",
        "doc2128794",
        "doc1859887",
        "doc2554005",
        "doc1351777",
        "doc774719",
        "doc920061",
        "doc1792353",
        "doc1660885",
        "doc2020667",
        "doc1150065",
        "doc1788581",
        "doc294338",
        "doc2047700",
        "doc2484683",
        "doc324612",
        "doc679339",
        "doc1964672",
        "doc2565311",
        "doc2576358",
        "doc1336622",
        "doc1195067",
        "doc2637602",
        "doc1141661",
        "doc1777605",
        "doc1911598",
        "doc1190153",
        "doc987715",
        "doc1788576",
        "doc739150",
        "doc785451",
        "doc1535878",
        "doc613445",
        "doc1946908",
        "doc1016353",
        "doc844529",
        "doc903115",
        "doc2558481",
        "doc732977",
        "doc1886603",
        "doc757419",
        "doc2420842",
        "doc2100873",
        "doc2311840",
        "doc794344",
        "doc2012166"
    ],
    "terminate": true,
    "state_history": [
        {
            "queries": [
                "where did the name bubble and squeak come from"
            ],
            "iteration": 0
        },
        {
            "queries": [
                "where did the name bubble and squeak come from"
            ],
            "iteration": 0,
            "retrieved_lists": [
                [
                    "doc7384",
                    "doc1685124",
                    "doc1713692",
                    "doc528394",
                    "doc1346490",
                    "doc1978071",
                    "doc1605744",
                    "doc338319",
                    "doc1928285",
                    "doc892394",
                    "doc458078",
                    "doc1905740",
                    "doc897663",
                    "doc1792355",
                    "doc532796",
                    "doc2128794",
                    "doc1859887",
                    "doc2554005",
                    "doc1351777",
                    "doc774719",
                    "doc920061",
                    "doc1792353",
                    "doc1660885",
                    "doc2020667",
                    "doc1150065",
                    "doc1788581",
                    "doc294338",
                    "doc2047700",
                    "doc2484683",
                    "doc324612",
                    "doc679339",
                    "doc1964672",
                    "doc2565311",
                    "doc2576358",
                    "doc1336622",
                    "doc1195067",
                    "doc2637602",
                    "doc1141661",
                    "doc1777605",
                    "doc1911598",
                    "doc1190153",
                    "doc987715",
                    "doc1788576",
                    "doc739150",
                    "doc785451",
                    "doc1535878",
                    "doc613445",
                    "doc1946908",
                    "doc1016353",
                    "doc844529",
                    "doc903115",
                    "doc2558481",
                    "doc732977",
                    "doc1886603",
                    "doc757419",
                    "doc2420842",
                    "doc2100873",
                    "doc2311840",
                    "doc794344",
                    "doc2012166"
                ]
            ],