{
    "queries": [
        "Best cities for museum enthusiasts"
    ],
    "iteration": 0,
    "retrieved_lists": [
        [
            "320",
            "352",
            "187",
            "105",
            "251",
            "120",
            "492",
            "168",
            "109",
            "95",
            "283",
            "74",
            "43",
            "400",
            "516",
            "51",
            "343",
            "22",
            "328",
            "16",
            "284",
            "349",
            "71",
            "204",
            "15",
            "141",
            "378",
            "560",
            "286",
            "65",
            "520",
            "99",
            "399",
            "237",
            "392",
            "425",
            "121",
            "408",
            "330",
            "245",
            "277",
            "42",
            "67",
            "83",
            "56",
            "319",
            "201",
            "423",
            "123",
            "82",
            "331",
            "231",
            "130",
            "339",
            "179",
            "299",
            "297",
            "280",
            "115",
            "94"
        ]
    ],
    "all_sim_scores": [
        [
            0.6370104551315308,
            0.6362231373786926,
            0.6284253597259521,
            0.6254007816314697,
            0.6251581907272339,
            0.6181842088699341,
            0.6141096353530884,
            0.6132100820541382,
            0.6120566725730896,
            0.6078921556472778,
            0.6078657507896423,
            0.6072459816932678,
            0.6066530346870422,
            0.60488361120224,
            0.6044682264328003,
            0.6022834181785583,
            0.600923478603363,
            0.6006057858467102,
            0.6001699566841125,
            0.5976104736328125,
            0.5975940227508545,
            0.5969226360321045,
            0.5936483144760132,
            0.5934165716171265,
            0.5926557779312134,
            0.5919492244720459,
            0.5914207696914673,
            0.588711678981781,
            0.5880289673805237,
            0.5863937139511108,
            0.5849496126174927,
            0.5830234289169312,
            0.5829653143882751,
            0.5828218460083008,
            0.5797938108444214,
            0.5797069072723389,
            0.5795392990112305,
            0.5788142085075378,
            0.5788080096244812,
            0.5771451592445374,
            0.5765019059181213,
            0.5762744545936584,
            0.5755670070648193,
            0.5748730897903442,
            0.5747925043106079,
            0.5745280981063843,
            0.574458122253418,
            0.5744407176971436,
            0.5743367671966553,
            0.5734568238258362,
            0.5729886293411255,
            0.5729799866676331,
            0.5728210806846619,
            0.5725294351577759,
            0.5725032091140747,
            0.5722807049751282,
            0.5709089040756226,
            0.570104718208313,
            0.569865345954895,
            0.5698159337043762
        ]
    ],
    "last_action_method": "return_last_retrieved_list",
    "curr_top_k_docIDs": [
        "320",
        "352",
        "187",
        "105",
        "251",
        "120",
        "492",
        "168",
        "109",
        "95",
        "283",
        "74",
        "43",
        "400",
        "516",
        "51",
        "343",
        "22",
        "328",
        "16",
        "284",
        "349",
        "71",
        "204",
        "15",
        "141",
        "378",
        "560",
        "286",
        "65",
        "520",
        "99",
        "399",
        "237",
        "392",
        "425",
        "121",
        "408",
        "330",
        "245",
        "277",
        "42",
        "67",
        "83",
        "56",
        "319",
        "201",
        "423",
        "123",
        "82",
        "331",
        "231",
        "130",
        "339",
        "179",
        "299",
        "297",
        "280",
        "115",
        "94"
    ],
    "terminate": true,
    "state_history": [
        {
            "queries": [
                "Best cities for museum enthusiasts"
            ],
            "iteration": 0
        },
        {
            "queries": [
                "Best cities for museum enthusiasts"
            ],
            "iteration": 0,
            "retrieved_lists": [
                [
                    "320",
                    "352",
                    "187",
                    "105",
                    "251",
                    "120",
                    "492",
                    "168",
                    "109",
                    "95",
                    "283",
                    "74",
                    "43",
                    "400",
                    "516",
                    "51",
                    "343",
                    "22",
                    "328",
                    "16",
                    "284",
                    "349",
                    "71",
                    "204",
                    "15",
                    "141",
                    "378",
                    "560",
                    "286",
                    "65",
                    "520",
                    "99",
                    "399",
                    "237",
                    "392",
                    "425",
                    "121",
                    "408",
                    "330",
                    "245",
                    "277",
                    "42",
                    "67",
                    "83",
                    "56",
                    "319",
                    "201",
                    "423",
                    "123",
                    "82",
                    "331",
                    "231",
                    "130",
                    "339",
                    "179",
                    "299",
                    "297",
                    "280",
                    "115",
                    "94"
                ]
            ],