{
    "queries": [
        "Cities known for entertainment"
    ],
    "iteration": 0,
    "retrieved_lists": [
        [
            "283",
            "320",
            "343",
            "204",
            "392",
            "233",
            "338",
            "490",
            "497",
            "199"
        ]
    ],
    "all_sim_scores": [
        [
            0.4554997682571411,
            0.45544418692588806,
            0.41780298948287964,
            0.4148612320423126,
            0.3935641050338745,
            0.3928104341030121,
            0.38931331038475037,
            0.38568535447120667,
            0.37993064522743225,
            0.37897032499313354
        ]
    ],
    "last_action_method": "return_last_retrieved_list",
    "curr_top_k_docIDs": [
        "283",
        "320",
        "343",
        "204",
        "392",
        "233",
        "338",
        "490",
        "497",
        "199"
    ],
    "terminate": true,
    "state_history": [
        {
            "queries": [
                "Cities known for entertainment"
            ],
            "iteration": 0
        },
        {
            "queries": [
                "Cities known for entertainment"
            ],
            "iteration": 0,
            "retrieved_lists": [
                [
                    "283",
                    "320",
                    "343",
                    "204",
                    "392",
                    "233",
                    "338",
                    "490",
                    "497",
                    "199"
                ]
            ],
            "all_sim_scores": [
                [
                    0.4554997682571411,
                    0.45544418692588806,
                    0.41780298948287964,
                    0.4148612320423126,
                    0.3935641050338745,
                    0.3928104341030121,
                    0.38931331038475037,
                    0.38568535447120667,
                    0.37993064522743225,
                    0.37897032499313354
                ]
            ],
            "last_action_method": "rank"
        },
        {
            "queries": [
                "Cities known for entertainment"
            ],
            "iteration": 0,
            "retrieved_lists": [
                [
                    "283",
                    "320",
                    "343",
                    "204",
                    "392",
                    "233",
                    "338",
                    "490",
                    "497",
                    "199"
                ]
            ],
            "all_sim_scores": [
                [
                    0.4554997682571411,
                    0.45544418692588806,
                    0.41780298948287964,
                    0.4148612320423126,
                    0.3935641050338745,
                    0.3928104341030121,
                    0.38931331038475037,
                    0.38568535447120667,
                    0.37993064522743225,
                    0.37897032499313354
                ]
            ],
            "last_action_method": "return_last_retrieved_list",
            "curr_top_k_docIDs": [
                "283",
                "320",
                "343",
                "204",
                "392",
                "233",
                "338",
                "490",
                "497",
                "199"
            ],
            "terminate": true
        }
    ]
}