{
    "queries": [
        "Cities with a natural atmosphere"
    ],
    "iteration": 0,
    "retrieved_lists": [
        [
            "320",
            "343",
            "283",
            "231",
            "497",
            "319",
            "204",
            "180",
            "338",
            "328",
            "96",
            "520",
            "1",
            "249",
            "233",
            "57",
            "400",
            "177",
            "543",
            "122",
            "368",
            "425",
            "339",
            "428",
            "42",
            "88",
            "107",
            "245",
            "116",
            "490",
            "61",
            "229",
            "138",
            "63",
            "251",
            "120",
            "383",
            "516",
            "392",
            "334",
            "482",
            "427",
            "352",
            "423",
            "280",
            "131",
            "74",
            "121",
            "295",
            "92",
            "64",
            "15",
            "505",
            "464",
            "492",
            "332",
            "525",
            "314",
            "38",
            "105"
        ]
    ],
    "all_sim_scores": [
        [
            0.3511252999305725,
            0.34997883439064026,
            0.3466584384441376,
            0.3455716371536255,
            0.33292293548583984,
            0.3233477771282196,
            0.3233237564563751,
            0.317148894071579,
            0.3149262070655823,
            0.313490629196167,
            0.3101935088634491,
            0.30971646308898926,
            0.30820414423942566,
            0.3079458475112915,
            0.3028287887573242,
            0.30042219161987305,
            0.2993523180484772,
            0.2938843071460724,
            0.29209664463996887,
            0.2919301986694336,
            0.29192450642585754,
            0.2915326952934265,
            0.29019686579704285,
            0.2899949252605438,
            0.2899005711078644,
            0.28961703181266785,
            0.28852978348731995,
            0.288144052028656,
            0.2875210642814636,
            0.2871066927909851,
            0.28660672903060913,
            0.2862895131111145,
            0.28511184453964233,
            0.2835758328437805,
            0.28306305408477783,
            0.28284141421318054,
            0.28255999088287354,
            0.281385600566864,
            0.28084999322891235,
            0.28056639432907104,
            0.27999043464660645,
            0.2795509099960327,
            0.2790580093860626,
            0.2777397334575653,
            0.27711158990859985,
            0.2766268253326416,
            0.27589723467826843,
            0.2753320634365082,
            0.27529507875442505,
            0.27476975321769714,
            0.2747153639793396,
            0.273436576128006,
            0.27278584241867065,
            0.2719356417655945,
            0.27143409848213196,
            0.27137184143066406,
            0.27137085795402527,
            0.271244078874588,
            0.27094191312789917,
            0.2709187865257263
        ]
    ],
    "last_action_method": "return_last_retrieved_list",
    "curr_top_k_docIDs": [
        "320",
        "343",
        "283",
        "231",
        "497",
        "319",
        "204",
        "180",
        "338",
        "328",
        "96",
        "520",
        "1",
        "249",
        "233",
        "57",
        "400",
        "177",
        "543",
        "122",
        "368",
        "425",
        "339",
        "428",
        "42",
        "88",
        "107",
        "245",
        "116",
        "490",
        "61",
        "229",
        "138",
        "63",
        "251",
        "120",
        "383",
        "516",
        "392",
        "334",
        "482",
        "427",
        "352",
        "423",
        "280",
        "131",
        "74",
        "121",
        "295",
        "92",
        "64",
        "15",
        "505",
        "464",
        "492",
        "332",
        "525",
        "314",
        "38",
        "105"
    ],
    "terminate": true,
    "state_history": [
        {
            "queries": [
                "Cities with a natural atmosphere"
            ],
            "iteration": 0
        },
        {
            "queries": [
                "Cities with a natural atmosphere"
            ],
            "iteration": 0,
            "retrieved_lists": [
                [
                    "320",
                    "343",
                    "283",
                    "231",
                    "497",
                    "319",
                    "204",
                    "180",
                    "338",
                    "328",
                    "96",
                    "520",
                    "1",
                    "249",
                    "233",
                    "57",
                    "400",
                    "177",
                    "543",
                    "122",
                    "368",
                    "425",
                    "339",
                    "428",
                    "42",
                    "88",
                    "107",
                    "245",
                    "116",
                    "490",
                    "61",
                    "229",
                    "138",
                    "63",
                    "251",
                    "120",
                    "383",
                    "516",
                    "392",
                    "334",
                    "482",
                    "427",
                    "352",
                    "423",
                    "280",
                    "131",
                    "74",
                    "121",
                    "295",
                    "92",
                    "64",
                    "15",
                    "505",
                    "464",
                    "492",
                    "332",
                    "525",
                    "314",
                    "38",
                    "105"
                ]
            ],