{
    "queries": [
        "what was the date of the signing of the declaration of independence"
    ],
    "iteration": 0,
    "retrieved_lists": [
        [
            "doc116826",
            "doc4851",
            "doc116825",
            "doc1697173",
            "doc88648",
            "doc135333",
            "doc2131804",
            "doc1670832",
            "doc1053810",
            "doc1943643",
            "doc2530369",
            "doc2265771",
            "doc191175",
            "doc591149",
            "doc1841861",
            "doc2309731",
            "doc674715",
            "doc2175757",
            "doc1985528",
            "doc1864923",
            "doc1383057",
            "doc116918",
            "doc1105804",
            "doc77476",
            "doc568508",
            "doc329597",
            "doc2219640",
            "doc1361153",
            "doc502431",
            "doc1709834",
            "doc613286",
            "doc898605",
            "doc1046107",
            "doc1262135",
            "doc1325349",
            "doc191500",
            "doc2416869",
            "doc1588114",
            "doc117178",
            "doc9215",
            "doc116936",
            "doc2153482",
            "doc2280701",
            "doc450",
            "doc1273173",
            "doc1422362",
            "doc473823",
            "doc1090612",
            "doc1725978",
            "doc1096369",
            "doc7746",
            "doc1166012",
            "doc1305475",
            "doc1620285",
            "doc463829",
            "doc2041298",
            "doc330696",
            "doc775423",
            "doc4216",
            "doc1300949"
        ]
    ],
    "all_sim_scores": [
        [
            0.8407131433486938,
            0.7793679237365723,
            0.6961582899093628,
            0.562260627746582,
            0.4648295044898987,
            0.4526352882385254,
            0.435649573802948,
            0.4277782738208771,
            0.3898332715034485,
            0.3891425132751465,
            0.3838725686073303,
            0.3788321614265442,
            0.36165913939476013,
            0.3555637300014496,
            0.34808671474456787,
            0.33883899450302124,
            0.3352959156036377,
            0.33507484197616577,
            0.33505505323410034,
            0.3316538333892822,
            0.32329607009887695,
            0.32204562425613403,
            0.3197062611579895,
            0.3167262673377991,
            0.3164970278739929,
            0.31575247645378113,
            0.3135453164577484,
            0.3127376139163971,
            0.3114713132381439,
            0.3102337419986725,
            0.30915966629981995,
            0.30819547176361084,
            0.30739831924438477,
            0.3021427094936371,
            0.30129605531692505,
            0.30043357610702515,
            0.298216849565506,
            0.29802876710891724,
            0.2970559298992157,
            0.2965205907821655,
            0.29554158449172974,
            0.29353129863739014,
            0.2924001216888428,
            0.29126936197280884,
            0.29125386476516724,
            0.28849878907203674,
            0.2881481647491455,
            0.2837209403514862,
            0.2834468483924866,
            0.28316470980644226,
            0.2830069959163666,
            0.2828672230243683,
            0.2808356285095215,
            0.2786794602870941,
            0.27792465686798096,
            0.27702492475509644,
            0.27580589056015015,
            0.2757425904273987,
            0.2743581533432007,
            0.2743365168571472
        ]
    ],
    "last_action_method": "return_last_retrieved_list",
    "curr_top_k_docIDs": [
        "doc116826",
        "doc4851",
        "doc116825",
        "doc1697173",
        "doc88648",
        "doc135333",
        "doc2131804",
        "doc1670832",
        "doc1053810",
        "doc1943643",
        "doc2530369",
        "doc2265771",
        "doc191175",
        "doc591149",
        "doc1841861",
        "doc2309731",
        "doc674715",
        "doc2175757",
        "doc1985528",
        "doc1864923",
        "doc1383057",
        "doc116918",
        "doc1105804",
        "doc77476",
        "doc568508",
        "doc329597",
        "doc2219640",
        "doc1361153",
        "doc502431",
        "doc1709834",
        "doc613286",
        "doc898605",
        "doc1046107",
        "doc1262135",
        "doc1325349",
        "doc191500",
        "doc2416869",
        "doc1588114",
        "doc117178",
        "doc9215",
        "doc116936",
        "doc2153482",
        "doc2280701",
        "doc450",
        "doc1273173",
        "doc1422362",
        "doc473823",
        "doc1090612",
        "doc1725978",
        "doc1096369",
        "doc7746",
        "doc1166012",
        "doc1305475",
        "doc1620285",
        "doc463829",
        "doc2041298",
        "doc330696",
        "doc775423",
        "doc4216",
        "doc1300949"
    ],
    "terminate": true,
    "state_history": [
        {
            "queries": [
                "what was the date of the signing of the declaration of independence"
            ],
            "iteration": 0
        },
        {
            "queries": [
                "what was the date of the signing of the declaration of independence"
            ],
            "iteration": 0,
            "retrieved_lists": [
                [
                    "doc116826",
                    "doc4851",
                    "doc116825",
                    "doc1697173",
                    "doc88648",
                    "doc135333",
                    "doc2131804",
                    "doc1670832",
                    "doc1053810",
                    "doc1943643",
                    "doc2530369",
                    "doc2265771",
                    "doc191175",
                    "doc591149",
                    "doc1841861",
                    "doc2309731",
                    "doc674715",
                    "doc2175757",
                    "doc1985528",
                    "doc1864923",
                    "doc1383057",
                    "doc116918",
                    "doc1105804",
                    "doc77476",
                    "doc568508",
                    "doc329597",
                    "doc2219640",
                    "doc1361153",
                    "doc502431",
                    "doc1709834",
                    "doc613286",
                    "doc898605",
                    "doc1046107",
                    "doc1262135",
                    "doc1325349",
                    "doc191500",
                    "doc2416869",
                    "doc1588114",
                    "doc117178",
                    "doc9215",
                    "doc116936",
                    "doc2153482",
                    "doc2280701",
                    "doc450",
                    "doc1273173",
                    "doc1422362",
                    "doc473823",
                    "doc1090612",
                    "doc1725978",
                    "doc1096369",
                    "doc7746",
                    "doc1166012",
                    "doc1305475",
                    "doc1620285",
                    "doc463829",
                    "doc2041298",
                    "doc330696",
                    "doc775423",
                    "doc4216",
                    "doc1300949"
                ]
            ],