{
    "queries": [
        "which gene segments code for the variable region of the heavy chain"
    ],
    "iteration": 0,
    "retrieved_lists": [
        [
            "doc6672",
            "doc6669",
            "doc753720",
            "doc2473570",
            "doc1030195",
            "doc1561520",
            "doc2275296",
            "doc1339270",
            "doc1109708",
            "doc1926701",
            "doc1720913",
            "doc2116929",
            "doc664723",
            "doc2420401",
            "doc1860147",
            "doc1286849",
            "doc162577",
            "doc1385566",
            "doc996840",
            "doc771578",
            "doc1335622",
            "doc690286",
            "doc1049452",
            "doc1722551",
            "doc2674031",
            "doc2620790",
            "doc1568440",
            "doc694379",
            "doc1128847",
            "doc104614",
            "doc698521",
            "doc1995536",
            "doc4941",
            "doc2657032",
            "doc2024349",
            "doc2598417",
            "doc1204595",
            "doc2088294",
            "doc1301603",
            "doc720786",
            "doc2100496",
            "doc1106427",
            "doc1379147",
            "doc2132002",
            "doc623459",
            "doc1766957",
            "doc1056209",
            "doc1278705",
            "doc1781847",
            "doc1766435",
            "doc1198567",
            "doc2210197",
            "doc63817",
            "doc682237",
            "doc1781844",
            "doc2025250",
            "doc1095667",
            "doc1158999",
            "doc2599342",
            "doc800696"
        ]
    ],
    "all_sim_scores": [
        [
            0.6434338092803955,
            0.6176718473434448,
            0.4442768692970276,
            0.43790140748023987,
            0.37817928194999695,
            0.370050311088562,
            0.36809980869293213,
            0.3597041368484497,
            0.3573826551437378,
            0.35725605487823486,
            0.34693941473960876,
            0.3441273272037506,
            0.3420705497264862,
            0.33952000737190247,
            0.3365224599838257,
            0.33447784185409546,
            0.3314754366874695,
            0.33036503195762634,
            0.3275759220123291,
            0.32706576585769653,
            0.31884336471557617,
            0.3170587718486786,
            0.31572452187538147,
            0.3151565492153168,
            0.3137901723384857,
            0.3087030053138733,
            0.3072591722011566,
            0.30632272362709045,
            0.30518797039985657,
            0.30497580766677856,
            0.3049175441265106,
            0.2888908386230469,
            0.2883690595626831,
            0.2871111035346985,
            0.2864268124103546,
            0.28473711013793945,
            0.28250545263290405,
            0.28068381547927856,
            0.2762686312198639,
            0.27531394362449646,
            0.27515649795532227,
            0.2743339240550995,
            0.2737199068069458,
            0.2729598879814148,
            0.2712180018424988,
            0.26965147256851196,
            0.26909923553466797,
            0.26737648248672485,
            0.26657384634017944,
            0.26627975702285767,
            0.2659957706928253,
            0.2656424045562744,
            0.26525402069091797,
            0.2648558020591736,
            0.2615143060684204,
            0.25880324840545654,
            0.25697192549705505,
            0.25649499893188477,
            0.25595521926879883,
            0.2548563778400421
        ]
    ],
    "last_action_method": "return_last_retrieved_list",
    "curr_top_k_docIDs": [
        "doc6672",
        "doc6669",
        "doc753720",
        "doc2473570",
        "doc1030195",
        "doc1561520",
        "doc2275296",
        "doc1339270",
        "doc1109708",
        "doc1926701",
        "doc1720913",
        "doc2116929",
        "doc664723",
        "doc2420401",
        "doc1860147",
        "doc1286849",
        "doc162577",
        "doc1385566",
        "doc996840",
        "doc771578",
        "doc1335622",
        "doc690286",
        "doc1049452",
        "doc1722551",
        "doc2674031",
        "doc2620790",
        "doc1568440",
        "doc694379",
        "doc1128847",
        "doc104614",
        "doc698521",
        "doc1995536",
        "doc4941",
        "doc2657032",
        "doc2024349",
        "doc2598417",
        "doc1204595",
        "doc2088294",
        "doc1301603",
        "doc720786",
        "doc2100496",
        "doc1106427",
        "doc1379147",
        "doc2132002",
        "doc623459",
        "doc1766957",
        "doc1056209",
        "doc1278705",
        "doc1781847",
        "doc1766435",
        "doc1198567",
        "doc2210197",
        "doc63817",
        "doc682237",
        "doc1781844",
        "doc2025250",
        "doc1095667",
        "doc1158999",
        "doc2599342",
        "doc800696"
    ],
    "terminate": true,
    "state_history": [
        {
            "queries": [
                "which gene segments code for the variable region of the heavy chain"
            ],
            "iteration": 0
        },
        {
            "queries": [
                "which gene segments code for the variable region of the heavy chain"
            ],
            "iteration": 0,
            "retrieved_lists": [
                [
                    "doc6672",
                    "doc6669",
                    "doc753720",
                    "doc2473570",
                    "doc1030195",
                    "doc1561520",
                    "doc2275296",
                    "doc1339270",
                    "doc1109708",
                    "doc1926701",
                    "doc1720913",
                    "doc2116929",
                    "doc664723",
                    "doc2420401",
                    "doc1860147",
                    "doc1286849",
                    "doc162577",
                    "doc1385566",
                    "doc996840",
                    "doc771578",
                    "doc1335622",
                    "doc690286",
                    "doc1049452",
                    "doc1722551",
                    "doc2674031",
                    "doc2620790",
                    "doc1568440",
                    "doc694379",
                    "doc1128847",
                    "doc104614",
                    "doc698521",
                    "doc1995536",
                    "doc4941",
                    "doc2657032",
                    "doc2024349",
                    "doc2598417",
                    "doc1204595",
                    "doc2088294",
                    "doc1301603",
                    "doc720786",
                    "doc2100496",
                    "doc1106427",
                    "doc1379147",
                    "doc2132002",
                    "doc623459",
                    "doc1766957",
                    "doc1056209",
                    "doc1278705",
                    "doc1781847",
                    "doc1766435",
                    "doc1198567",
                    "doc2210197",
                    "doc63817",
                    "doc682237",
                    "doc1781844",
                    "doc2025250",
                    "doc1095667",
                    "doc1158999",
                    "doc2599342",
                    "doc800696"
                ]
            ],