{
    "queries": [
        "Top cities for luxury travel"
    ],
    "iteration": 0,
    "retrieved_lists": [
        [
            "520",
            "256",
            "255",
            "339",
            "141",
            "237",
            "124",
            "53",
            "251",
            "168",
            "8",
            "494",
            "1",
            "283",
            "539",
            "55",
            "492",
            "122",
            "400",
            "82",
            "347",
            "560",
            "201",
            "111",
            "92",
            "81",
            "380",
            "450",
            "284",
            "22"
        ]
    ],
    "all_sim_scores": [
        [
            0.6363425254821777,
            0.6236612796783447,
            0.6175781488418579,
            0.6157513856887817,
            0.614381730556488,
            0.6114513874053955,
            0.6092476844787598,
            0.6055524349212646,
            0.6037881970405579,
            0.6023147106170654,
            0.5971896648406982,
            0.5925204753875732,
            0.592356264591217,
            0.5923497676849365,
            0.5916886925697327,
            0.5916540622711182,
            0.5862841606140137,
            0.583823561668396,
            0.583085834980011,
            0.5823971033096313,
            0.5822892785072327,
            0.5822832584381104,
            0.5822599530220032,
            0.5818799734115601,
            0.5818190574645996,
            0.581297755241394,
            0.5804998874664307,
            0.580193817615509,
            0.5799127817153931,
            0.5793388485908508
        ]
    ],
    "last_action_method": "check_max_q_reforms",
    "prompts": [
        "Return the best ordering of 10 of the document ids below given the query.\nFollow the output format example exactly and return only a python list of docIDs with exactly 10 IDs.\nDo not output city names.\n\nExample\n***\nQuery: tropical vacation destinations\n\nDocuments:\nDOCID: 1\t|\t TEXT: London\nDOCID: 4   |    TEXT: Cancun\nDOCID: 2456\t|\tTEXT: Myrtle Beach\n\nOutput: [\"4\", \"2456\", \"1\"]\n***\n\nInputs:\n***\nQuery: Top cities for luxury travel\n\nDocuments:\n\nDOCID: 520\t|\tTEXT: Venice\n\nDOCID: 256\t|\tTEXT: Luxor\n\nDOCID: 255\t|\tTEXT: Luxembourg (city)\n\nDOCID: 339\t|\tTEXT: Paris\n\nDOCID: 141\t|\tTEXT: Fort Lauderdale\n\nDOCID: 237\t|\tTEXT: Las Vegas\n\nDOCID: 124\t|\tTEXT: Dubai\n\nDOCID: 53\t|\tTEXT: Bangkok\n\nDOCID: 251\t|\tTEXT: Los Angeles\n\nDOCID: 168\t|\tTEXT: Hamburg\n\nDOCID: 8\t|\tTEXT: Acapulco\n\nDOCID: 494\t|\tTEXT: Toulouse\n\nDOCID: 1\t|\tTEXT: 'Venice\n\nDOCID: 283\t|\tTEXT: Mexico City\n\nDOCID: 539\t|\tTEXT: West Palm Beach\n\nDOCID: 55\t|\tTEXT: Barcelona\n\nDOCID: 492\t|\tTEXT: Toronto\n\nDOCID: 122\t|\tTEXT: Doha\n\nDOCID: 400\t|\tTEXT: San Francisco\n\nDOCID: 82\t|\tTEXT: Budapest\n\nDOCID: 347\t|\tTEXT: Phuket Town\n\nDOCID: 560\t|\tTEXT: Zagreb\n\nDOCID: 201\t|\tTEXT: Johannesburg\n\nDOCID: 111\t|\tTEXT: Copenhagen\n\nDOCID: 92\t|\tTEXT: Cape Town\n\nDOCID: 81\t|\tTEXT: Bucharest\n\nDOCID: 380\t|\tTEXT: Rio de Janeiro\n\nDOCID: 450\t|\tTEXT: Stockholm\n\nDOCID: 284\t|\tTEXT: Miami\n\nDOCID: 22\t|\tTEXT: Amsterdam\n\n***\n\nOutput:"
    ],
    "responses": [
        "```python\n[\"124\", \"520\", \"339\", \"237\", \"55\", \"141\", \"22\", \"284\", \"111\", \"450\"]\n```\n"
    ],
    "curr_top_k_docIDs": [
        "124",
        "520",
        "339",
        "237",
        "55",
        "141",
        "22",
        "284",
        "111",
        "450"
    ],
    "terminate": true,
    "state_history": [
        {
            "queries": [
                "Top cities for luxury travel"
            ],
            "iteration": 0
        },
        {
            "queries": [
                "Top cities for luxury travel"
            ],
            "iteration": 0,
            "retrieved_lists": [
                [
                    "520",
                    "256",
                    "255",
                    "339",
                    "141",
                    "237",
                    "124",
                    "53",
                    "251",
                    "168",
                    "8",
                    "494",
                    "1",
                    "283",
                    "539",
                    "55",
                    "492",
                    "122",
                    "400",
                    "82",
                    "347",
                    "560",
                    "201",
                    "111",
                    "92",
                    "81",
                    "380",
                    "450",
                    "284",
                    "22"
                ]
            ],
            "all_sim_scores": [
                [
                    0.6363425254821777,
                    0.6236612796783447,
                    0.6175781488418579,
                    0.6157513856887817,
                    0.614381730556488,
                    0.6114513874053955,
                    0.6092476844787598,
                    0.6055524349212646,
                    0.6037881970405579,
                    0.6023147106170654,
                    0.5971896648406982,
                    0.5925204753875732,
                    0.592356264591217,
                    0.5923497676849365,
                    0.5916886925697327,
                    0.5916540622711182,
                    0.5862841606140137,
                    0.583823561668396,
                    0.583085834980011,
                    0.5823971033096313,
                    0.5822892785072327,
                    0.5822832584381104,
                    0.5822599530220032,
                    0.5818799734115601,
                    0.5818190574645996,
                    0.581297755241394,
                    0.5804998874664307,
                    0.580193817615509,
                    0.5799127817153931,
                    0.5793388485908508
                ]
            ],
            "last_action_method": "rank"
        },
        {
            "queries": [
                "Top cities for luxury travel"
            ],
            "iteration": 0,
            "retrieved_lists": [
                [
                    "520",
                    "256",
                    "255",
                    "339",
                    "141",
                    "237",
                    "124",
                    "53",
                    "251",
                    "168",
                    "8",
                    "494",
                    "1",
                    "283",
                    "539",
                    "55",
                    "492",
                    "122",
                    "400",
                    "82",
                    "347",
                    "560",
                    "201",
                    "111",
                    "92",
                    "81",
                    "380",
                    "450",
                    "284",
                    "22"
                ]
            ],