{
    "queries": [
        "who performed the first c section in 1794"
    ],
    "iteration": 0,
    "retrieved_lists": [
        [
            "doc1420",
            "doc1103062",
            "doc662572",
            "doc2499430",
            "doc463829",
            "doc132256",
            "doc730281",
            "doc581533",
            "doc1400306",
            "doc983391",
            "doc2631895",
            "doc2155564",
            "doc1561916",
            "doc1920977",
            "doc2144232",
            "doc2385549",
            "doc1422362",
            "doc982323",
            "doc2136178",
            "doc2571425",
            "doc82529",
            "doc662385",
            "doc1010641",
            "doc1825288",
            "doc2666025",
            "doc2598145",
            "doc159824",
            "doc1932631",
            "doc1170006",
            "doc581522",
            "doc871792",
            "doc98409",
            "doc803930",
            "doc1498585",
            "doc1050615",
            "doc518639",
            "doc727098",
            "doc1964724",
            "doc2487605",
            "doc2123348",
            "doc1605773",
            "doc2173578",
            "doc761741",
            "doc457588",
            "doc1008105",
            "doc1657353",
            "doc2634093",
            "doc2417376",
            "doc613286",
            "doc1798602",
            "doc662598",
            "doc1756998",
            "doc2598415",
            "doc15551",
            "doc729055",
            "doc1227939",
            "doc2378554",
            "doc2420016",
            "doc2496330",
            "doc1859338"
        ]
    ],
    "all_sim_scores": [
        [
            0.5173434019088745,
            0.3043898046016693,
            0.30378201603889465,
            0.30042070150375366,
            0.2994127869606018,
            0.2843608558177948,
            0.27474021911621094,
            0.2737375497817993,
            0.2715264558792114,
            0.2702924609184265,
            0.26626715064048767,
            0.2625589966773987,
            0.2600303888320923,
            0.2579287886619568,
            0.25778865814208984,
            0.2547426223754883,
            0.25395467877388,
            0.25290220975875854,
            0.2526226043701172,
            0.252370148897171,
            0.2484341561794281,
            0.2459368109703064,
            0.24590802192687988,
            0.24391427636146545,
            0.24161222577095032,
            0.23890537023544312,
            0.2384619116783142,
            0.23758606612682343,
            0.23718461394309998,
            0.23692163825035095,
            0.2364475429058075,
            0.23595383763313293,
            0.23554736375808716,
            0.23428595066070557,
            0.23390811681747437,
            0.2336583435535431,
            0.23275427520275116,
            0.23262520134449005,
            0.23261074721813202,
            0.23234692215919495,
            0.23201841115951538,
            0.2317560762166977,
            0.23167990148067474,
            0.23084765672683716,
            0.2303362488746643,
            0.23026663064956665,
            0.2296706885099411,
            0.2295689880847931,
            0.22897076606750488,
            0.22843557596206665,
            0.22608500719070435,
            0.2257305234670639,
            0.22537147998809814,
            0.22372570633888245,
            0.22358831763267517,
            0.22332340478897095,
            0.2232498824596405,
            0.22210898995399475,
            0.22156599164009094,
            0.22152334451675415
        ]
    ],
    "last_action_method": "return_last_retrieved_list",
    "curr_top_k_docIDs": [
        "doc1420",
        "doc1103062",
        "doc662572",
        "doc2499430",
        "doc463829",
        "doc132256",
        "doc730281",
        "doc581533",
        "doc1400306",
        "doc983391",
        "doc2631895",
        "doc2155564",
        "doc1561916",
        "doc1920977",
        "doc2144232",
        "doc2385549",
        "doc1422362",
        "doc982323",
        "doc2136178",
        "doc2571425",
        "doc82529",
        "doc662385",
        "doc1010641",
        "doc1825288",
        "doc2666025",
        "doc2598145",
        "doc159824",
        "doc1932631",
        "doc1170006",
        "doc581522",
        "doc871792",
        "doc98409",
        "doc803930",
        "doc1498585",
        "doc1050615",
        "doc518639",
        "doc727098",
        "doc1964724",
        "doc2487605",
        "doc2123348",
        "doc1605773",
        "doc2173578",
        "doc761741",
        "doc457588",
        "doc1008105",
        "doc1657353",
        "doc2634093",
        "doc2417376",
        "doc613286",
        "doc1798602",
        "doc662598",
        "doc1756998",
        "doc2598415",
        "doc15551",
        "doc729055",
        "doc1227939",
        "doc2378554",
        "doc2420016",
        "doc2496330",
        "doc1859338"
    ],
    "terminate": true,
    "state_history": [
        {
            "queries": [
                "who performed the first c section in 1794"
            ],
            "iteration": 0
        },
        {
            "queries": [
                "who performed the first c section in 1794"
            ],
            "iteration": 0,
            "retrieved_lists": [
                [
                    "doc1420",
                    "doc1103062",
                    "doc662572",
                    "doc2499430",
                    "doc463829",
                    "doc132256",
                    "doc730281",
                    "doc581533",
                    "doc1400306",
                    "doc983391",
                    "doc2631895",
                    "doc2155564",
                    "doc1561916",
                    "doc1920977",
                    "doc2144232",
                    "doc2385549",
                    "doc1422362",
                    "doc982323",
                    "doc2136178",
                    "doc2571425",
                    "doc82529",
                    "doc662385",
                    "doc1010641",
                    "doc1825288",
                    "doc2666025",
                    "doc2598145",
                    "doc159824",
                    "doc1932631",
                    "doc1170006",
                    "doc581522",
                    "doc871792",
                    "doc98409",
                    "doc803930",
                    "doc1498585",
                    "doc1050615",
                    "doc518639",
                    "doc727098",
                    "doc1964724",
                    "doc2487605",
                    "doc2123348",
                    "doc1605773",
                    "doc2173578",
                    "doc761741",
                    "doc457588",
                    "doc1008105",
                    "doc1657353",
                    "doc2634093",
                    "doc2417376",
                    "doc613286",
                    "doc1798602",
                    "doc662598",
                    "doc1756998",
                    "doc2598415",
                    "doc15551",
                    "doc729055",
                    "doc1227939",
                    "doc2378554",
                    "doc2420016",
                    "doc2496330",
                    "doc1859338"
                ]
            ],