{
    "queries": [
        "mens bathing suits without mesh liner"
    ],
    "iteration": 0,
    "retrieved_lists": [
        [
            "46728",
            "524272",
            "1034716",
            "728236",
            "1084539",
            "1046210",
            "1280251",
            "323021",
            "489770",
            "337906"
        ]
    ],
    "all_sim_scores": [
        [
            0.7795634269714355,
            0.753403902053833,
            0.7394777536392212,
            0.7346718311309814,
            0.7285770177841187,
            0.7270874977111816,
            0.7269924879074097,
            0.726253092288971,
            0.7248159050941467,
            0.7214385867118835
        ]
    ],
    "last_action_method": "return_last_retrieved_list",
    "curr_top_k_docIDs": [
        "46728",
        "524272",
        "1034716",
        "728236",
        "1084539",
        "1046210",
        "1280251",
        "323021",
        "489770",
        "337906"
    ],
    "terminate": true,
    "state_history": [
        {
            "queries": [
                "mens bathing suits without mesh liner"
            ],
            "iteration": 0
        },
        {
            "queries": [
                "mens bathing suits without mesh liner"
            ],
            "iteration": 0,
            "retrieved_lists": [
                [
                    "46728",
                    "524272",
                    "1034716",
                    "728236",
                    "1084539",
                    "1046210",
                    "1280251",
                    "323021",
                    "489770",
                    "337906"
                ]
            ],
            "all_sim_scores": [
                [
                    0.7795634269714355,
                    0.753403902053833,
                    0.7394777536392212,
                    0.7346718311309814,
                    0.7285770177841187,
                    0.7270874977111816,
                    0.7269924879074097,
                    0.726253092288971,
                    0.7248159050941467,
                    0.7214385867118835
                ]
            ],
            "last_action_method": "rank"
        },
        {
            "queries": [
                "mens bathing suits without mesh liner"
            ],
            "iteration": 0,
            "retrieved_lists": [
                [
                    "46728",
                    "524272",
                    "1034716",
                    "728236",
                    "1084539",
                    "1046210",
                    "1280251",
                    "323021",
                    "489770",
                    "337906"
                ]
            ],
            "all_sim_scores": [
                [
                    0.7795634269714355,
                    0.753403902053833,
                    0.7394777536392212,
                    0.7346718311309814,
                    0.7285770177841187,
                    0.7270874977111816,
                    0.7269924879074097,
                    0.726253092288971,
                    0.7248159050941467,
                    0.7214385867118835
                ]
            ],
            "last_action_method": "return_last_retrieved_list",
            "curr_top_k_docIDs": [
                "46728",
                "524272",
                "1034716",
                "728236",
                "1084539",
                "1046210",
                "1280251",
                "323021",
                "489770",
                "337906"
            ],
            "terminate": true
        }
    ]
}