{
    "queries": [
        "Top cities for fashion aficionados"
    ],
    "iteration": 0,
    "retrieved_lists": [
        [
            "283",
            "320",
            "497",
            "339",
            "63",
            "368",
            "460",
            "428",
            "251",
            "70"
        ]
    ],
    "all_sim_scores": [
        [
            0.49518662691116333,
            0.4818975329399109,
            0.433829665184021,
            0.42855536937713623,
            0.4136604070663452,
            0.4124354124069214,
            0.4096687138080597,
            0.40825021266937256,
            0.4060073494911194,
            0.4057025909423828
        ]
    ],
    "last_action_method": "return_last_retrieved_list",
    "curr_top_k_docIDs": [
        "283",
        "320",
        "497",
        "339",
        "63",
        "368",
        "460",
        "428",
        "251",
        "70"
    ],
    "terminate": true,
    "state_history": [
        {
            "queries": [
                "Top cities for fashion aficionados"
            ],
            "iteration": 0
        },
        {
            "queries": [
                "Top cities for fashion aficionados"
            ],
            "iteration": 0,
            "retrieved_lists": [
                [
                    "283",
                    "320",
                    "497",
                    "339",
                    "63",
                    "368",
                    "460",
                    "428",
                    "251",
                    "70"
                ]
            ],
            "all_sim_scores": [
                [
                    0.49518662691116333,
                    0.4818975329399109,
                    0.433829665184021,
                    0.42855536937713623,
                    0.4136604070663452,
                    0.4124354124069214,
                    0.4096687138080597,
                    0.40825021266937256,
                    0.4060073494911194,
                    0.4057025909423828
                ]
            ],
            "last_action_method": "rank"
        },
        {
            "queries": [
                "Top cities for fashion aficionados"
            ],
            "iteration": 0,
            "retrieved_lists": [
                [
                    "283",
                    "320",
                    "497",
                    "339",
                    "63",
                    "368",
                    "460",
                    "428",
                    "251",
                    "70"
                ]
            ],
            "all_sim_scores": [
                [
                    0.49518662691116333,
                    0.4818975329399109,
                    0.433829665184021,
                    0.42855536937713623,
                    0.4136604070663452,
                    0.4124354124069214,
                    0.4096687138080597,
                    0.40825021266937256,
                    0.4060073494911194,
                    0.4057025909423828
                ]
            ],
            "last_action_method": "return_last_retrieved_list",
            "curr_top_k_docIDs": [
                "283",
                "320",
                "497",
                "339",
                "63",
                "368",
                "460",
                "428",
                "251",
                "70"
            ],
            "terminate": true
        }
    ]
}