{
    "queries": [
        "bike carrier for suv without hitch"
    ],
    "iteration": 0,
    "retrieved_lists": [
        [
            "1277413",
            "182417",
            "1007982",
            "95988",
            "442373",
            "56104",
            "55136",
            "1142879",
            "520671",
            "44604"
        ]
    ],
    "all_sim_scores": [
        [
            0.799907386302948,
            0.7889322638511658,
            0.7808199524879456,
            0.7749946713447571,
            0.7716588377952576,
            0.7670420408248901,
            0.7669901847839355,
            0.7615321278572083,
            0.7566536664962769,
            0.746865451335907
        ]
    ],
    "last_action_method": "return_last_retrieved_list",
    "curr_top_k_docIDs": [
        "1277413",
        "182417",
        "1007982",
        "95988",
        "442373",
        "56104",
        "55136",
        "1142879",
        "520671",
        "44604"
    ],
    "terminate": true,
    "state_history": [
        {
            "queries": [
                "bike carrier for suv without hitch"
            ],
            "iteration": 0
        },
        {
            "queries": [
                "bike carrier for suv without hitch"
            ],
            "iteration": 0,
            "retrieved_lists": [
                [
                    "1277413",
                    "182417",
                    "1007982",
                    "95988",
                    "442373",
                    "56104",
                    "55136",
                    "1142879",
                    "520671",
                    "44604"
                ]
            ],
            "all_sim_scores": [
                [
                    0.799907386302948,
                    0.7889322638511658,
                    0.7808199524879456,
                    0.7749946713447571,
                    0.7716588377952576,
                    0.7670420408248901,
                    0.7669901847839355,
                    0.7615321278572083,
                    0.7566536664962769,
                    0.746865451335907
                ]
            ],
            "last_action_method": "rank"
        },
        {
            "queries": [
                "bike carrier for suv without hitch"
            ],
            "iteration": 0,
            "retrieved_lists": [
                [
                    "1277413",
                    "182417",
                    "1007982",
                    "95988",
                    "442373",
                    "56104",
                    "55136",
                    "1142879",
                    "520671",
                    "44604"
                ]
            ],
            "all_sim_scores": [
                [
                    0.799907386302948,
                    0.7889322638511658,
                    0.7808199524879456,
                    0.7749946713447571,
                    0.7716588377952576,
                    0.7670420408248901,
                    0.7669901847839355,
                    0.7615321278572083,
                    0.7566536664962769,
                    0.746865451335907
                ]
            ],
            "last_action_method": "return_last_retrieved_list",
            "curr_top_k_docIDs": [
                "1277413",
                "182417",
                "1007982",
                "95988",
                "442373",
                "56104",
                "55136",
                "1142879",
                "520671",
                "44604"
            ],
            "terminate": true
        }
    ]
}