{
    "queries": [
        "Cities known for entertainment"
    ],
    "iteration": 0,
    "retrieved_lists": [
        [
            "251",
            "237",
            "43",
            "320",
            "141",
            "105",
            "328",
            "120",
            "492",
            "109"
        ]
    ],
    "all_sim_scores": [
        [
            0.7716597318649292,
            0.7289741635322571,
            0.7283979058265686,
            0.7277340888977051,
            0.7176193594932556,
            0.7151327133178711,
            0.7096601724624634,
            0.708702027797699,
            0.7065122127532959,
            0.7059557437896729
        ]
    ],
    "last_action_method": "return_last_retrieved_list",
    "curr_top_k_docIDs": [
        "251",
        "237",
        "43",
        "320",
        "141",
        "105",
        "328",
        "120",
        "492",
        "109"
    ],
    "terminate": true,
    "state_history": [
        {
            "queries": [
                "Cities known for entertainment"
            ],
            "iteration": 0
        },
        {
            "queries": [
                "Cities known for entertainment"
            ],
            "iteration": 0,
            "retrieved_lists": [
                [
                    "251",
                    "237",
                    "43",
                    "320",
                    "141",
                    "105",
                    "328",
                    "120",
                    "492",
                    "109"
                ]
            ],
            "all_sim_scores": [
                [
                    0.7716597318649292,
                    0.7289741635322571,
                    0.7283979058265686,
                    0.7277340888977051,
                    0.7176193594932556,
                    0.7151327133178711,
                    0.7096601724624634,
                    0.708702027797699,
                    0.7065122127532959,
                    0.7059557437896729
                ]
            ],
            "last_action_method": "rank"
        },
        {
            "queries": [
                "Cities known for entertainment"
            ],
            "iteration": 0,
            "retrieved_lists": [
                [
                    "251",
                    "237",
                    "43",
                    "320",
                    "141",
                    "105",
                    "328",
                    "120",
                    "492",
                    "109"
                ]
            ],
            "all_sim_scores": [
                [
                    0.7716597318649292,
                    0.7289741635322571,
                    0.7283979058265686,
                    0.7277340888977051,
                    0.7176193594932556,
                    0.7151327133178711,
                    0.7096601724624634,
                    0.708702027797699,
                    0.7065122127532959,
                    0.7059557437896729
                ]
            ],
            "last_action_method": "return_last_retrieved_list",
            "curr_top_k_docIDs": [
                "251",
                "237",
                "43",
                "320",
                "141",
                "105",
                "328",
                "120",
                "492",
                "109"
            ],
            "terminate": true
        }
    ]
}