{
    "queries": [
        "soviet coat"
    ],
    "iteration": 0,
    "retrieved_lists": [
        [
            "903670",
            "297246",
            "1034730",
            "1293420",
            "832212",
            "1236195",
            "1657624",
            "23405",
            "883006",
            "179296"
        ]
    ],
    "all_sim_scores": [
        [
            0.7523916959762573,
            0.6950349807739258,
            0.6873058080673218,
            0.6787195205688477,
            0.6702283620834351,
            0.6630817651748657,
            0.6628357768058777,
            0.6596862077713013,
            0.6534193754196167,
            0.651030957698822
        ]
    ],
    "last_action_method": "return_last_retrieved_list",
    "curr_top_k_docIDs": [
        "903670",
        "297246",
        "1034730",
        "1293420",
        "832212",
        "1236195",
        "1657624",
        "23405",
        "883006",
        "179296"
    ],
    "terminate": true,
    "state_history": [
        {
            "queries": [
                "soviet coat"
            ],
            "iteration": 0
        },
        {
            "queries": [
                "soviet coat"
            ],
            "iteration": 0,
            "retrieved_lists": [
                [
                    "903670",
                    "297246",
                    "1034730",
                    "1293420",
                    "832212",
                    "1236195",
                    "1657624",
                    "23405",
                    "883006",
                    "179296"
                ]
            ],
            "all_sim_scores": [
                [
                    0.7523916959762573,
                    0.6950349807739258,
                    0.6873058080673218,
                    0.6787195205688477,
                    0.6702283620834351,
                    0.6630817651748657,
                    0.6628357768058777,
                    0.6596862077713013,
                    0.6534193754196167,
                    0.651030957698822
                ]
            ],
            "last_action_method": "rank"
        },
        {
            "queries": [
                "soviet coat"
            ],
            "iteration": 0,
            "retrieved_lists": [
                [
                    "903670",
                    "297246",
                    "1034730",
                    "1293420",
                    "832212",
                    "1236195",
                    "1657624",
                    "23405",
                    "883006",
                    "179296"
                ]
            ],
            "all_sim_scores": [
                [
                    0.7523916959762573,
                    0.6950349807739258,
                    0.6873058080673218,
                    0.6787195205688477,
                    0.6702283620834351,
                    0.6630817651748657,
                    0.6628357768058777,
                    0.6596862077713013,
                    0.6534193754196167,
                    0.651030957698822
                ]
            ],
            "last_action_method": "return_last_retrieved_list",
            "curr_top_k_docIDs": [
                "903670",
                "297246",
                "1034730",
                "1293420",
                "832212",
                "1236195",
                "1657624",
                "23405",
                "883006",
                "179296"
            ],
            "terminate": true
        }
    ]
}