{
    "queries": [
        "who played mrs warboys in one foot in the grave"
    ],
    "iteration": 0,
    "retrieved_lists": [
        [
            "doc81651",
            "doc1382830",
            "doc1532597",
            "doc2669370",
            "doc1849259",
            "doc2572453",
            "doc1686092",
            "doc2089055",
            "doc920500",
            "doc2669355",
            "doc996095",
            "doc496060",
            "doc739175",
            "doc1279309",
            "doc2153293",
            "doc2326197",
            "doc2001079",
            "doc238792",
            "doc2587724",
            "doc2326984",
            "doc1886869",
            "doc2193164",
            "doc767332",
            "doc903506",
            "doc1631735",
            "doc120993",
            "doc2350641",
            "doc1784086",
            "doc601394",
            "doc147244",
            "doc2055675",
            "doc1713584",
            "doc1860798",
            "doc1644845",
            "doc1903476",
            "doc628622",
            "doc480948",
            "doc119447",
            "doc1768518",
            "doc430564",
            "doc1236658",
            "doc360968",
            "doc1107070",
            "doc1132097",
            "doc950836",
            "doc2505957",
            "doc1293823",
            "doc119431",
            "doc2163958",
            "doc1926459",
            "doc2335547",
            "doc1897345",
            "doc1700623",
            "doc349009",
            "doc1592297",
            "doc1728172",
            "doc2153270",
            "doc1154367",
            "doc372568",
            "doc2033467"
        ]
    ],
    "all_sim_scores": [
        [
            0.8331332206726074,
            0.47648048400878906,
            0.41719287633895874,
            0.4166184663772583,
            0.4140270948410034,
            0.39825963973999023,
            0.39762797951698303,
            0.39727580547332764,
            0.3961032032966614,
            0.3881057798862457,
            0.38480979204177856,
            0.3736878037452698,
            0.37287086248397827,
            0.3702102303504944,
            0.3697885274887085,
            0.3650401830673218,
            0.3641063868999481,
            0.36146414279937744,
            0.3604980707168579,
            0.35753652453422546,
            0.3569512665271759,
            0.34949982166290283,
            0.3489436209201813,
            0.3470608592033386,
            0.3446720242500305,
            0.34451770782470703,
            0.3436735272407532,
            0.340450644493103,
            0.33970725536346436,
            0.33966168761253357,
            0.33908966183662415,
            0.33862021565437317,
            0.3381701409816742,
            0.33706533908843994,
            0.33658257126808167,
            0.33507800102233887,
            0.334073543548584,
            0.3336391746997833,
            0.33307531476020813,
            0.33248963952064514,
            0.33153700828552246,
            0.32817238569259644,
            0.3274769186973572,
            0.3273411691188812,
            0.327166885137558,
            0.32670968770980835,
            0.3263373076915741,
            0.32468727231025696,
            0.32426753640174866,
            0.3228946626186371,
            0.3212772011756897,
            0.32057422399520874,
            0.3205525875091553,
            0.32013368606567383,
            0.31890690326690674,
            0.3188094198703766,
            0.3187054991722107,
            0.3164424002170563,
            0.31626713275909424,
            0.316202849149704
        ]
    ],
    "last_action_method": "return_last_retrieved_list",
    "curr_top_k_docIDs": [
        "doc81651",
        "doc1382830",
        "doc1532597",
        "doc2669370",
        "doc1849259",
        "doc2572453",
        "doc1686092",
        "doc2089055",
        "doc920500",
        "doc2669355",
        "doc996095",
        "doc496060",
        "doc739175",
        "doc1279309",
        "doc2153293",
        "doc2326197",
        "doc2001079",
        "doc238792",
        "doc2587724",
        "doc2326984",
        "doc1886869",
        "doc2193164",
        "doc767332",
        "doc903506",
        "doc1631735",
        "doc120993",
        "doc2350641",
        "doc1784086",
        "doc601394",
        "doc147244",
        "doc2055675",
        "doc1713584",
        "doc1860798",
        "doc1644845",
        "doc1903476",
        "doc628622",
        "doc480948",
        "doc119447",
        "doc1768518",
        "doc430564",
        "doc1236658",
        "doc360968",
        "doc1107070",
        "doc1132097",
        "doc950836",
        "doc2505957",
        "doc1293823",
        "doc119431",
        "doc2163958",
        "doc1926459",
        "doc2335547",
        "doc1897345",
        "doc1700623",
        "doc349009",
        "doc1592297",
        "doc1728172",
        "doc2153270",
        "doc1154367",
        "doc372568",
        "doc2033467"
    ],
    "terminate": true,
    "state_history": [
        {
            "queries": [
                "who played mrs warboys in one foot in the grave"
            ],
            "iteration": 0
        },
        {
            "queries": [
                "who played mrs warboys in one foot in the grave"
            ],
            "iteration": 0,
            "retrieved_lists": [
                [
                    "doc81651",
                    "doc1382830",
                    "doc1532597",
                    "doc2669370",
                    "doc1849259",
                    "doc2572453",
                    "doc1686092",
                    "doc2089055",
                    "doc920500",
                    "doc2669355",
                    "doc996095",
                    "doc496060",
                    "doc739175",
                    "doc1279309",
                    "doc2153293",
                    "doc2326197",
                    "doc2001079",
                    "doc238792",
                    "doc2587724",
                    "doc2326984",
                    "doc1886869",
                    "doc2193164",
                    "doc767332",
                    "doc903506",
                    "doc1631735",
                    "doc120993",
                    "doc2350641",
                    "doc1784086",
                    "doc601394",
                    "doc147244",
                    "doc2055675",
                    "doc1713584",
                    "doc1860798",
                    "doc1644845",
                    "doc1903476",
                    "doc628622",
                    "doc480948",
                    "doc119447",
                    "doc1768518",
                    "doc430564",
                    "doc1236658",
                    "doc360968",
                    "doc1107070",
                    "doc1132097",
                    "doc950836",
                    "doc2505957",
                    "doc1293823",
                    "doc119431",
                    "doc2163958",
                    "doc1926459",
                    "doc2335547",
                    "doc1897345",
                    "doc1700623",
                    "doc349009",
                    "doc1592297",
                    "doc1728172",
                    "doc2153270",
                    "doc1154367",
                    "doc372568",
                    "doc2033467"
                ]
            ],