{
    "queries": [
        "who picks the players in the nfl draft"
    ],
    "iteration": 0,
    "retrieved_lists": [
        [
            "doc96338",
            "doc2309196",
            "doc1457751",
            "doc697513",
            "doc96348",
            "doc358790",
            "doc358777",
            "doc1616573",
            "doc96350",
            "doc2013666",
            "doc1159179",
            "doc999885",
            "doc408512",
            "doc259360",
            "doc1444710",
            "doc2288023",
            "doc2046464",
            "doc734597",
            "doc1240617",
            "doc2611447",
            "doc601798",
            "doc974839",
            "doc60350",
            "doc2423270",
            "doc1515272",
            "doc1730455",
            "doc2640083",
            "doc406290",
            "doc1472557",
            "doc1986764",
            "doc1438994",
            "doc1508127",
            "doc679466",
            "doc1604248",
            "doc1550580",
            "doc1098530",
            "doc657128",
            "doc488889",
            "doc931209",
            "doc33654",
            "doc754845",
            "doc464777",
            "doc240637",
            "doc338628",
            "doc2247460",
            "doc2292738",
            "doc2194360",
            "doc293832",
            "doc2275763",
            "doc266422",
            "doc1141357",
            "doc2169331",
            "doc1549427",
            "doc2293180",
            "doc1793676",
            "doc740199",
            "doc1610475",
            "doc657149",
            "doc522790",
            "doc163310"
        ]
    ],
    "all_sim_scores": [
        [
            0.6948343515396118,
            0.6815158128738403,
            0.6017627716064453,
            0.5591844320297241,
            0.5584269762039185,
            0.5520883798599243,
            0.5466527342796326,
            0.5061246156692505,
            0.4889274537563324,
            0.4848540723323822,
            0.4722807705402374,
            0.44134610891342163,
            0.40224990248680115,
            0.4015548825263977,
            0.36957764625549316,
            0.36273011565208435,
            0.35738933086395264,
            0.356677770614624,
            0.3556383550167084,
            0.3528088629245758,
            0.3526715040206909,
            0.34570133686065674,
            0.3451361358165741,
            0.3374291956424713,
            0.3368590474128723,
            0.3350057005882263,
            0.333261638879776,
            0.3328537344932556,
            0.3312417268753052,
            0.33090686798095703,
            0.3297867178916931,
            0.3288043141365051,
            0.32646724581718445,
            0.32339686155319214,
            0.32074931263923645,
            0.3202820122241974,
            0.3177643418312073,
            0.3135576546192169,
            0.3082396388053894,
            0.30442678928375244,
            0.30389997363090515,
            0.30103954672813416,
            0.300559937953949,
            0.2950112819671631,
            0.29422780871391296,
            0.2940276563167572,
            0.2918350100517273,
            0.28979361057281494,
            0.28948545455932617,
            0.2892599105834961,
            0.2888582646846771,
            0.2882998585700989,
            0.28802749514579773,
            0.287855327129364,
            0.2855166494846344,
            0.28370195627212524,
            0.2810038924217224,
            0.28029340505599976,
            0.27862298488616943,
            0.2778874933719635
        ]
    ],
    "last_action_method": "return_last_retrieved_list",
    "curr_top_k_docIDs": [
        "doc96338",
        "doc2309196",
        "doc1457751",
        "doc697513",
        "doc96348",
        "doc358790",
        "doc358777",
        "doc1616573",
        "doc96350",
        "doc2013666",
        "doc1159179",
        "doc999885",
        "doc408512",
        "doc259360",
        "doc1444710",
        "doc2288023",
        "doc2046464",
        "doc734597",
        "doc1240617",
        "doc2611447",
        "doc601798",
        "doc974839",
        "doc60350",
        "doc2423270",
        "doc1515272",
        "doc1730455",
        "doc2640083",
        "doc406290",
        "doc1472557",
        "doc1986764",
        "doc1438994",
        "doc1508127",
        "doc679466",
        "doc1604248",
        "doc1550580",
        "doc1098530",
        "doc657128",
        "doc488889",
        "doc931209",
        "doc33654",
        "doc754845",
        "doc464777",
        "doc240637",
        "doc338628",
        "doc2247460",
        "doc2292738",
        "doc2194360",
        "doc293832",
        "doc2275763",
        "doc266422",
        "doc1141357",
        "doc2169331",
        "doc1549427",
        "doc2293180",
        "doc1793676",
        "doc740199",
        "doc1610475",
        "doc657149",
        "doc522790",
        "doc163310"
    ],
    "terminate": true,
    "state_history": [
        {
            "queries": [
                "who picks the players in the nfl draft"
            ],
            "iteration": 0
        },
        {
            "queries": [
                "who picks the players in the nfl draft"
            ],
            "iteration": 0,
            "retrieved_lists": [
                [
                    "doc96338",
                    "doc2309196",
                    "doc1457751",
                    "doc697513",
                    "doc96348",
                    "doc358790",
                    "doc358777",
                    "doc1616573",
                    "doc96350",
                    "doc2013666",
                    "doc1159179",
                    "doc999885",
                    "doc408512",
                    "doc259360",
                    "doc1444710",
                    "doc2288023",
                    "doc2046464",
                    "doc734597",
                    "doc1240617",
                    "doc2611447",
                    "doc601798",
                    "doc974839",
                    "doc60350",
                    "doc2423270",
                    "doc1515272",
                    "doc1730455",
                    "doc2640083",
                    "doc406290",
                    "doc1472557",
                    "doc1986764",
                    "doc1438994",
                    "doc1508127",
                    "doc679466",
                    "doc1604248",
                    "doc1550580",
                    "doc1098530",
                    "doc657128",
                    "doc488889",
                    "doc931209",
                    "doc33654",
                    "doc754845",
                    "doc464777",
                    "doc240637",
                    "doc338628",
                    "doc2247460",
                    "doc2292738",
                    "doc2194360",
                    "doc293832",
                    "doc2275763",
                    "doc266422",
                    "doc1141357",
                    "doc2169331",
                    "doc1549427",
                    "doc2293180",
                    "doc1793676",
                    "doc740199",
                    "doc1610475",
                    "doc657149",
                    "doc522790",
                    "doc163310"
                ]
            ],