{
    "queries": [
        "when did aint get added to the dictionary"
    ],
    "iteration": 0,
    "retrieved_lists": [
        [
            "doc13775",
            "doc13774",
            "doc13771",
            "doc826360",
            "doc59299",
            "doc2677340",
            "doc289220",
            "doc636919",
            "doc2454909",
            "doc1897125",
            "doc815346",
            "doc2189505",
            "doc2166594",
            "doc1242364",
            "doc734300",
            "doc2192823",
            "doc1564092",
            "doc2031204",
            "doc522873",
            "doc1657218",
            "doc1564139",
            "doc1606164",
            "doc609628",
            "doc1897416",
            "doc1435728",
            "doc12213",
            "doc1190153",
            "doc2074230",
            "doc2316130",
            "doc958540",
            "doc2301020",
            "doc599346",
            "doc857266",
            "doc841032",
            "doc1650251",
            "doc1016314",
            "doc2459083",
            "doc2386471",
            "doc859413",
            "doc1222826",
            "doc1372018",
            "doc1481279",
            "doc2528914",
            "doc1393399",
            "doc629500",
            "doc2561194",
            "doc1516408",
            "doc343500",
            "doc2352364",
            "doc289525",
            "doc402255",
            "doc2035361",
            "doc524658",
            "doc34914",
            "doc1435712",
            "doc70608",
            "doc2471769",
            "doc1790212",
            "doc1564105",
            "doc2485612"
        ]
    ],
    "all_sim_scores": [
        [
            0.6692566871643066,
            0.6257498264312744,
            0.6118808388710022,
            0.43565309047698975,
            0.42538437247276306,
            0.40117472410202026,
            0.37770694494247437,
            0.36851686239242554,
            0.3655005395412445,
            0.36459898948669434,
            0.3544923663139343,
            0.3518155813217163,
            0.34906908869743347,
            0.3473213315010071,
            0.34500595927238464,
            0.3440285921096802,
            0.3396294414997101,
            0.3386220335960388,
            0.33434760570526123,
            0.3312903046607971,
            0.3262977600097656,
            0.32340875267982483,
            0.32292667031288147,
            0.3206169009208679,
            0.31931599974632263,
            0.31921449303627014,
            0.31748393177986145,
            0.3155439794063568,
            0.3144519329071045,
            0.3128177523612976,
            0.3120560646057129,
            0.31144654750823975,
            0.3113545775413513,
            0.3094475567340851,
            0.3086211085319519,
            0.307025671005249,
            0.30616453289985657,
            0.3054584264755249,
            0.3027516305446625,
            0.3026112914085388,
            0.30223149061203003,
            0.30010002851486206,
            0.29937079548835754,
            0.2989569902420044,
            0.29805970191955566,
            0.2979162335395813,
            0.2978151738643646,
            0.29779160022735596,
            0.29648488759994507,
            0.2964782118797302,
            0.2962739169597626,
            0.2960022985935211,
            0.2957840859889984,
            0.2956498861312866,
            0.2951611578464508,
            0.29502901434898376,
            0.2948642373085022,
            0.294101357460022,
            0.2937023639678955,
            0.2934718728065491
        ]
    ],
    "last_action_method": "return_last_retrieved_list",
    "curr_top_k_docIDs": [
        "doc13775",
        "doc13774",
        "doc13771",
        "doc826360",
        "doc59299",
        "doc2677340",
        "doc289220",
        "doc636919",
        "doc2454909",
        "doc1897125",
        "doc815346",
        "doc2189505",
        "doc2166594",
        "doc1242364",
        "doc734300",
        "doc2192823",
        "doc1564092",
        "doc2031204",
        "doc522873",
        "doc1657218",
        "doc1564139",
        "doc1606164",
        "doc609628",
        "doc1897416",
        "doc1435728",
        "doc12213",
        "doc1190153",
        "doc2074230",
        "doc2316130",
        "doc958540",
        "doc2301020",
        "doc599346",
        "doc857266",
        "doc841032",
        "doc1650251",
        "doc1016314",
        "doc2459083",
        "doc2386471",
        "doc859413",
        "doc1222826",
        "doc1372018",
        "doc1481279",
        "doc2528914",
        "doc1393399",
        "doc629500",
        "doc2561194",
        "doc1516408",
        "doc343500",
        "doc2352364",
        "doc289525",
        "doc402255",
        "doc2035361",
        "doc524658",
        "doc34914",
        "doc1435712",
        "doc70608",
        "doc2471769",
        "doc1790212",
        "doc1564105",
        "doc2485612"
    ],
    "terminate": true,
    "state_history": [
        {
            "queries": [
                "when did aint get added to the dictionary"
            ],
            "iteration": 0
        },
        {
            "queries": [
                "when did aint get added to the dictionary"
            ],
            "iteration": 0,
            "retrieved_lists": [
                [
                    "doc13775",
                    "doc13774",
                    "doc13771",
                    "doc826360",
                    "doc59299",
                    "doc2677340",
                    "doc289220",
                    "doc636919",
                    "doc2454909",
                    "doc1897125",
                    "doc815346",
                    "doc2189505",
                    "doc2166594",
                    "doc1242364",
                    "doc734300",
                    "doc2192823",
                    "doc1564092",
                    "doc2031204",
                    "doc522873",
                    "doc1657218",
                    "doc1564139",
                    "doc1606164",
                    "doc609628",
                    "doc1897416",
                    "doc1435728",
                    "doc12213",
                    "doc1190153",
                    "doc2074230",
                    "doc2316130",
                    "doc958540",
                    "doc2301020",
                    "doc599346",
                    "doc857266",
                    "doc841032",
                    "doc1650251",
                    "doc1016314",
                    "doc2459083",
                    "doc2386471",
                    "doc859413",
                    "doc1222826",
                    "doc1372018",
                    "doc1481279",
                    "doc2528914",
                    "doc1393399",
                    "doc629500",
                    "doc2561194",
                    "doc1516408",
                    "doc343500",
                    "doc2352364",
                    "doc289525",
                    "doc402255",
                    "doc2035361",
                    "doc524658",
                    "doc34914",
                    "doc1435712",
                    "doc70608",
                    "doc2471769",
                    "doc1790212",
                    "doc1564105",
                    "doc2485612"
                ]
            ],