{
    "queries": [
        "what are the types of information system application"
    ],
    "iteration": 0,
    "retrieved_lists": [
        [
            "doc44318",
            "doc1368584",
            "doc1657844",
            "doc1657832",
            "doc2152788",
            "doc1368588",
            "doc2222502",
            "doc2149084",
            "doc2536630",
            "doc2152787",
            "doc563748",
            "doc2328103",
            "doc1244566",
            "doc763742",
            "doc763813",
            "doc73569",
            "doc556081",
            "doc2173879",
            "doc705200",
            "doc1221909",
            "doc1999661",
            "doc1554095",
            "doc1829941",
            "doc681484",
            "doc657488",
            "doc1079943",
            "doc93376",
            "doc1026991",
            "doc411606",
            "doc5120",
            "doc2188993",
            "doc58007",
            "doc20927",
            "doc1371159",
            "doc1146258",
            "doc1120553",
            "doc1095089",
            "doc2029939",
            "doc892541",
            "doc1522100",
            "doc2422577",
            "doc1138777",
            "doc2488015",
            "doc1963051",
            "doc985339",
            "doc8614",
            "doc487805",
            "doc1248273",
            "doc959427",
            "doc687920",
            "doc770473",
            "doc1471121",
            "doc1568111",
            "doc606876",
            "doc73585",
            "doc629078",
            "doc2286834",
            "doc827580",
            "doc1792294",
            "doc1271910"
        ]
    ],
    "all_sim_scores": [
        [
            0.574499249458313,
            0.4900275468826294,
            0.486718088388443,
            0.485778272151947,
            0.4584134817123413,
            0.4082643389701843,
            0.4054369330406189,
            0.40269672870635986,
            0.37969285249710083,
            0.3748202919960022,
            0.3667372465133667,
            0.3500868082046509,
            0.34667378664016724,
            0.34619346261024475,
            0.34131133556365967,
            0.3386555016040802,
            0.33211731910705566,
            0.3308712840080261,
            0.3275899291038513,
            0.3263348340988159,
            0.32592010498046875,
            0.32320141792297363,
            0.322950541973114,
            0.31903544068336487,
            0.3184816241264343,
            0.30873173475265503,
            0.3052818179130554,
            0.3043181598186493,
            0.3035077452659607,
            0.3029533922672272,
            0.3010392487049103,
            0.29807478189468384,
            0.29792726039886475,
            0.297615110874176,
            0.2965940833091736,
            0.29656684398651123,
            0.29497677087783813,
            0.29075878858566284,
            0.2907365560531616,
            0.29056066274642944,
            0.28881651163101196,
            0.28777188062667847,
            0.28688186407089233,
            0.28681766986846924,
            0.2851409614086151,
            0.2819325625896454,
            0.27998828887939453,
            0.2791867256164551,
            0.2784818410873413,
            0.27641862630844116,
            0.27614203095436096,
            0.2760798931121826,
            0.2752872407436371,
            0.27454882860183716,
            0.2734619677066803,
            0.2732470631599426,
            0.2727423906326294,
            0.2722736597061157,
            0.27215078473091125,
            0.27187031507492065
        ]
    ],
    "last_action_method": "return_last_retrieved_list",
    "curr_top_k_docIDs": [
        "doc44318",
        "doc1368584",
        "doc1657844",
        "doc1657832",
        "doc2152788",
        "doc1368588",
        "doc2222502",
        "doc2149084",
        "doc2536630",
        "doc2152787",
        "doc563748",
        "doc2328103",
        "doc1244566",
        "doc763742",
        "doc763813",
        "doc73569",
        "doc556081",
        "doc2173879",
        "doc705200",
        "doc1221909",
        "doc1999661",
        "doc1554095",
        "doc1829941",
        "doc681484",
        "doc657488",
        "doc1079943",
        "doc93376",
        "doc1026991",
        "doc411606",
        "doc5120",
        "doc2188993",
        "doc58007",
        "doc20927",
        "doc1371159",
        "doc1146258",
        "doc1120553",
        "doc1095089",
        "doc2029939",
        "doc892541",
        "doc1522100",
        "doc2422577",
        "doc1138777",
        "doc2488015",
        "doc1963051",
        "doc985339",
        "doc8614",
        "doc487805",
        "doc1248273",
        "doc959427",
        "doc687920",
        "doc770473",
        "doc1471121",
        "doc1568111",
        "doc606876",
        "doc73585",
        "doc629078",
        "doc2286834",
        "doc827580",
        "doc1792294",
        "doc1271910"
    ],
    "terminate": true,
    "state_history": [
        {
            "queries": [
                "what are the types of information system application"
            ],
            "iteration": 0
        },
        {
            "queries": [
                "what are the types of information system application"
            ],
            "iteration": 0,
            "retrieved_lists": [
                [
                    "doc44318",
                    "doc1368584",
                    "doc1657844",
                    "doc1657832",
                    "doc2152788",
                    "doc1368588",
                    "doc2222502",
                    "doc2149084",
                    "doc2536630",
                    "doc2152787",
                    "doc563748",
                    "doc2328103",
                    "doc1244566",
                    "doc763742",
                    "doc763813",
                    "doc73569",
                    "doc556081",
                    "doc2173879",
                    "doc705200",
                    "doc1221909",
                    "doc1999661",
                    "doc1554095",
                    "doc1829941",
                    "doc681484",
                    "doc657488",
                    "doc1079943",
                    "doc93376",
                    "doc1026991",
                    "doc411606",
                    "doc5120",
                    "doc2188993",
                    "doc58007",
                    "doc20927",
                    "doc1371159",
                    "doc1146258",
                    "doc1120553",
                    "doc1095089",
                    "doc2029939",
                    "doc892541",
                    "doc1522100",
                    "doc2422577",
                    "doc1138777",
                    "doc2488015",
                    "doc1963051",
                    "doc985339",
                    "doc8614",
                    "doc487805",
                    "doc1248273",
                    "doc959427",
                    "doc687920",
                    "doc770473",
                    "doc1471121",
                    "doc1568111",
                    "doc606876",
                    "doc73585",
                    "doc629078",
                    "doc2286834",
                    "doc827580",
                    "doc1792294",
                    "doc1271910"
                ]
            ],