{
    "queries": [
        "what gun does the california highway patrol use"
    ],
    "iteration": 0,
    "retrieved_lists": [
        [
            "doc59569",
            "doc2378554",
            "doc1762193",
            "doc901624",
            "doc1951157",
            "doc2146488",
            "doc2043651",
            "doc2496143",
            "doc323082",
            "doc1666148",
            "doc2180458",
            "doc2329243",
            "doc2631746",
            "doc1050909",
            "doc2361096",
            "doc1321953",
            "doc1914747",
            "doc1967104",
            "doc2350467",
            "doc2578162",
            "doc1768665",
            "doc2430510",
            "doc1605529",
            "doc2285675",
            "doc2127969",
            "doc1589002",
            "doc2474300",
            "doc2329294",
            "doc1466240",
            "doc718462",
            "doc2473930",
            "doc1819414",
            "doc1010866",
            "doc1957572",
            "doc1029752",
            "doc1042906",
            "doc953823",
            "doc754615",
            "doc172781",
            "doc1135475",
            "doc2587032",
            "doc1297228",
            "doc744862",
            "doc627416",
            "doc2637804",
            "doc1304078",
            "doc195757",
            "doc2005232",
            "doc2449252",
            "doc2605350",
            "doc2197652",
            "doc1425972",
            "doc592264",
            "doc884227",
            "doc2427781",
            "doc2183276",
            "doc200114",
            "doc1440574",
            "doc3127",
            "doc323104"
        ]
    ],
    "all_sim_scores": [
        [
            0.7377078533172607,
            0.46776700019836426,
            0.45710259675979614,
            0.43916434049606323,
            0.4375152587890625,
            0.414020299911499,
            0.41102659702301025,
            0.4008740484714508,
            0.3900858163833618,
            0.38705146312713623,
            0.3819120526313782,
            0.38033315539360046,
            0.37978774309158325,
            0.3789968490600586,
            0.37429267168045044,
            0.3721132278442383,
            0.3709169626235962,
            0.36526867747306824,
            0.36229902505874634,
            0.35799163579940796,
            0.350180059671402,
            0.34785330295562744,
            0.34393954277038574,
            0.3416045904159546,
            0.3406009078025818,
            0.33568936586380005,
            0.329837441444397,
            0.32368719577789307,
            0.32357534766197205,
            0.3226607143878937,
            0.3214738965034485,
            0.31714826822280884,
            0.3168805241584778,
            0.31533586978912354,
            0.3123113512992859,
            0.31209975481033325,
            0.3071743845939636,
            0.30688968300819397,
            0.3065066337585449,
            0.3043528199195862,
            0.30363741517066956,
            0.3014259934425354,
            0.3008575439453125,
            0.30051255226135254,
            0.3000298738479614,
            0.2997931241989136,
            0.29623934626579285,
            0.295206755399704,
            0.29478350281715393,
            0.2936475872993469,
            0.29269009828567505,
            0.29128125309944153,
            0.2912214994430542,
            0.2903934717178345,
            0.2893192768096924,
            0.2889803647994995,
            0.28895407915115356,
            0.2872272729873657,
            0.2870321273803711,
            0.285482257604599
        ]
    ],
    "last_action_method": "return_last_retrieved_list",
    "curr_top_k_docIDs": [
        "doc59569",
        "doc2378554",
        "doc1762193",
        "doc901624",
        "doc1951157",
        "doc2146488",
        "doc2043651",
        "doc2496143",
        "doc323082",
        "doc1666148",
        "doc2180458",
        "doc2329243",
        "doc2631746",
        "doc1050909",
        "doc2361096",
        "doc1321953",
        "doc1914747",
        "doc1967104",
        "doc2350467",
        "doc2578162",
        "doc1768665",
        "doc2430510",
        "doc1605529",
        "doc2285675",
        "doc2127969",
        "doc1589002",
        "doc2474300",
        "doc2329294",
        "doc1466240",
        "doc718462",
        "doc2473930",
        "doc1819414",
        "doc1010866",
        "doc1957572",
        "doc1029752",
        "doc1042906",
        "doc953823",
        "doc754615",
        "doc172781",
        "doc1135475",
        "doc2587032",
        "doc1297228",
        "doc744862",
        "doc627416",
        "doc2637804",
        "doc1304078",
        "doc195757",
        "doc2005232",
        "doc2449252",
        "doc2605350",
        "doc2197652",
        "doc1425972",
        "doc592264",
        "doc884227",
        "doc2427781",
        "doc2183276",
        "doc200114",
        "doc1440574",
        "doc3127",
        "doc323104"
    ],
    "terminate": true,
    "state_history": [
        {
            "queries": [
                "what gun does the california highway patrol use"
            ],
            "iteration": 0
        },
        {
            "queries": [
                "what gun does the california highway patrol use"
            ],
            "iteration": 0,
            "retrieved_lists": [
                [
                    "doc59569",
                    "doc2378554",
                    "doc1762193",
                    "doc901624",
                    "doc1951157",
                    "doc2146488",
                    "doc2043651",
                    "doc2496143",
                    "doc323082",
                    "doc1666148",
                    "doc2180458",
                    "doc2329243",
                    "doc2631746",
                    "doc1050909",
                    "doc2361096",
                    "doc1321953",
                    "doc1914747",
                    "doc1967104",
                    "doc2350467",
                    "doc2578162",
                    "doc1768665",
                    "doc2430510",
                    "doc1605529",
                    "doc2285675",
                    "doc2127969",
                    "doc1589002",
                    "doc2474300",
                    "doc2329294",
                    "doc1466240",
                    "doc718462",
                    "doc2473930",
                    "doc1819414",
                    "doc1010866",
                    "doc1957572",
                    "doc1029752",
                    "doc1042906",
                    "doc953823",
                    "doc754615",
                    "doc172781",
                    "doc1135475",
                    "doc2587032",
                    "doc1297228",
                    "doc744862",
                    "doc627416",
                    "doc2637804",
                    "doc1304078",
                    "doc195757",
                    "doc2005232",
                    "doc2449252",
                    "doc2605350",
                    "doc2197652",
                    "doc1425972",
                    "doc592264",
                    "doc884227",
                    "doc2427781",
                    "doc2183276",
                    "doc200114",
                    "doc1440574",
                    "doc3127",
                    "doc323104"
                ]
            ],