{
    "queries": [
        "what made the united states and the soviet union emerge from the war as superpowers"
    ],
    "iteration": 0,
    "retrieved_lists": [
        [
            "doc2419328",
            "doc31104",
            "doc2572058",
            "doc1438711",
            "doc20124",
            "doc206941",
            "doc1163095",
            "doc1077704",
            "doc1416388",
            "doc255642",
            "doc2053116",
            "doc1523859",
            "doc104802",
            "doc1253550",
            "doc415482",
            "doc502431",
            "doc2179286",
            "doc995081",
            "doc39489",
            "doc787734",
            "doc1827324",
            "doc2624986",
            "doc117178",
            "doc2095276",
            "doc1892894",
            "doc1090623",
            "doc656941",
            "doc1046107",
            "doc137068",
            "doc2065353",
            "doc1726879",
            "doc1966583",
            "doc2546087",
            "doc334778",
            "doc120499",
            "doc1463730",
            "doc2214043",
            "doc2435121",
            "doc9215",
            "doc1097755",
            "doc1720331",
            "doc819914",
            "doc1471854",
            "doc118365",
            "doc625472",
            "doc716712",
            "doc90890",
            "doc2544800",
            "doc2190671",
            "doc118418",
            "doc219021",
            "doc542263",
            "doc45884",
            "doc823887",
            "doc201302",
            "doc447948",
            "doc139363",
            "doc219255",
            "doc2387110",
            "doc1077860"
        ]
    ],
    "all_sim_scores": [
        [
            0.5137920379638672,
            0.4823593497276306,
            0.468245267868042,
            0.4544438123703003,
            0.44945502281188965,
            0.4482443630695343,
            0.4389486014842987,
            0.43011507391929626,
            0.42546314001083374,
            0.41922527551651,
            0.41907817125320435,
            0.4156339764595032,
            0.4154347777366638,
            0.40436843037605286,
            0.4039410352706909,
            0.3934992551803589,
            0.39234036207199097,
            0.39208248257637024,
            0.3808741867542267,
            0.37719833850860596,
            0.3740527033805847,
            0.3727231025695801,
            0.3721451461315155,
            0.3689378798007965,
            0.3676150143146515,
            0.36755406856536865,
            0.3637339174747467,
            0.3627040982246399,
            0.36199361085891724,
            0.35286396741867065,
            0.3513410687446594,
            0.3505248725414276,
            0.34421324729919434,
            0.34195125102996826,
            0.33875536918640137,
            0.33825141191482544,
            0.3361544907093048,
            0.33591628074645996,
            0.3357712924480438,
            0.33055245876312256,
            0.3302716016769409,
            0.3298209309577942,
            0.3295227885246277,
            0.32792869210243225,
            0.32743823528289795,
            0.32710981369018555,
            0.326935350894928,
            0.32492348551750183,
            0.32214483618736267,
            0.3220365047454834,
            0.3215339779853821,
            0.32139337062835693,
            0.3206355571746826,
            0.31932389736175537,
            0.3175049424171448,
            0.3168257474899292,
            0.316067636013031,
            0.31530699133872986,
            0.3138052225112915,
            0.31357795000076294
        ]
    ],
    "last_action_method": "return_last_retrieved_list",
    "curr_top_k_docIDs": [
        "doc2419328",
        "doc31104",
        "doc2572058",
        "doc1438711",
        "doc20124",
        "doc206941",
        "doc1163095",
        "doc1077704",
        "doc1416388",
        "doc255642",
        "doc2053116",
        "doc1523859",
        "doc104802",
        "doc1253550",
        "doc415482",
        "doc502431",
        "doc2179286",
        "doc995081",
        "doc39489",
        "doc787734",
        "doc1827324",
        "doc2624986",
        "doc117178",
        "doc2095276",
        "doc1892894",
        "doc1090623",
        "doc656941",
        "doc1046107",
        "doc137068",
        "doc2065353",
        "doc1726879",
        "doc1966583",
        "doc2546087",
        "doc334778",
        "doc120499",
        "doc1463730",
        "doc2214043",
        "doc2435121",
        "doc9215",
        "doc1097755",
        "doc1720331",
        "doc819914",
        "doc1471854",
        "doc118365",
        "doc625472",
        "doc716712",
        "doc90890",
        "doc2544800",
        "doc2190671",
        "doc118418",
        "doc219021",
        "doc542263",
        "doc45884",
        "doc823887",
        "doc201302",
        "doc447948",
        "doc139363",
        "doc219255",
        "doc2387110",
        "doc1077860"
    ],
    "terminate": true,
    "state_history": [
        {
            "queries": [
                "what made the united states and the soviet union emerge from the war as superpowers"
            ],
            "iteration": 0
        },
        {
            "queries": [
                "what made the united states and the soviet union emerge from the war as superpowers"
            ],
            "iteration": 0,
            "retrieved_lists": [
                [
                    "doc2419328",
                    "doc31104",
                    "doc2572058",
                    "doc1438711",
                    "doc20124",
                    "doc206941",
                    "doc1163095",
                    "doc1077704",
                    "doc1416388",
                    "doc255642",
                    "doc2053116",
                    "doc1523859",
                    "doc104802",
                    "doc1253550",
                    "doc415482",
                    "doc502431",
                    "doc2179286",
                    "doc995081",
                    "doc39489",
                    "doc787734",
                    "doc1827324",
                    "doc2624986",
                    "doc117178",
                    "doc2095276",
                    "doc1892894",
                    "doc1090623",
                    "doc656941",
                    "doc1046107",
                    "doc137068",
                    "doc2065353",
                    "doc1726879",
                    "doc1966583",
                    "doc2546087",
                    "doc334778",
                    "doc120499",
                    "doc1463730",
                    "doc2214043",
                    "doc2435121",
                    "doc9215",
                    "doc1097755",
                    "doc1720331",
                    "doc819914",
                    "doc1471854",
                    "doc118365",
                    "doc625472",
                    "doc716712",
                    "doc90890",
                    "doc2544800",
                    "doc2190671",
                    "doc118418",
                    "doc219021",
                    "doc542263",
                    "doc45884",
                    "doc823887",
                    "doc201302",
                    "doc447948",
                    "doc139363",
                    "doc219255",
                    "doc2387110",
                    "doc1077860"
                ]
            ],