{
    "queries": [
        "wahl sterling 4"
    ],
    "iteration": 0,
    "retrieved_lists": [
        [
            "786812",
            "1382687",
            "1185905",
            "891959",
            "1612534",
            "524522",
            "1515442",
            "891131",
            "539778",
            "947859"
        ]
    ],
    "all_sim_scores": [
        [
            0.8394274711608887,
            0.8280295133590698,
            0.8194712400436401,
            0.7972692847251892,
            0.7930198311805725,
            0.7929950952529907,
            0.7922796607017517,
            0.7913549542427063,
            0.7798134684562683,
            0.777487576007843
        ]
    ],
    "last_action_method": "return_last_retrieved_list",
    "curr_top_k_docIDs": [
        "786812",
        "1382687",
        "1185905",
        "891959",
        "1612534",
        "524522",
        "1515442",
        "891131",
        "539778",
        "947859"
    ],
    "terminate": true,
    "state_history": [
        {
            "queries": [
                "wahl sterling 4"
            ],
            "iteration": 0
        },
        {
            "queries": [
                "wahl sterling 4"
            ],
            "iteration": 0,
            "retrieved_lists": [
                [
                    "786812",
                    "1382687",
                    "1185905",
                    "891959",
                    "1612534",
                    "524522",
                    "1515442",
                    "891131",
                    "539778",
                    "947859"
                ]
            ],
            "all_sim_scores": [
                [
                    0.8394274711608887,
                    0.8280295133590698,
                    0.8194712400436401,
                    0.7972692847251892,
                    0.7930198311805725,
                    0.7929950952529907,
                    0.7922796607017517,
                    0.7913549542427063,
                    0.7798134684562683,
                    0.777487576007843
                ]
            ],
            "last_action_method": "rank"
        },
        {
            "queries": [
                "wahl sterling 4"
            ],
            "iteration": 0,
            "retrieved_lists": [
                [
                    "786812",
                    "1382687",
                    "1185905",
                    "891959",
                    "1612534",
                    "524522",
                    "1515442",
                    "891131",
                    "539778",
                    "947859"
                ]
            ],
            "all_sim_scores": [
                [
                    0.8394274711608887,
                    0.8280295133590698,
                    0.8194712400436401,
                    0.7972692847251892,
                    0.7930198311805725,
                    0.7929950952529907,
                    0.7922796607017517,
                    0.7913549542427063,
                    0.7798134684562683,
                    0.777487576007843
                ]
            ],
            "last_action_method": "return_last_retrieved_list",
            "curr_top_k_docIDs": [
                "786812",
                "1382687",
                "1185905",
                "891959",
                "1612534",
                "524522",
                "1515442",
                "891131",
                "539778",
                "947859"
            ],
            "terminate": true
        }
    ]
}