{
    "queries": [
        "how many different kinds of pokemon cards are there"
    ],
    "iteration": 0,
    "retrieved_lists": [
        [
            "doc5120",
            "doc777393",
            "doc777375",
            "doc777382",
            "doc5121",
            "doc115503",
            "doc115516",
            "doc2604236",
            "doc2285424",
            "doc2563510",
            "doc1543706",
            "doc1522833",
            "doc5133",
            "doc1694404",
            "doc2563512",
            "doc2628612",
            "doc1906715",
            "doc382330",
            "doc355098",
            "doc2448565",
            "doc1421089",
            "doc2074191",
            "doc15377",
            "doc2333053",
            "doc1156178",
            "doc132022",
            "doc1142341",
            "doc1725823",
            "doc2283892",
            "doc2301992",
            "doc1711886",
            "doc2604255",
            "doc958085",
            "doc2205838",
            "doc832404",
            "doc2085134",
            "doc1699868",
            "doc2136466",
            "doc2604257",
            "doc2298602",
            "doc2553123",
            "doc1658055",
            "doc2210542",
            "doc109481",
            "doc287614",
            "doc2555543",
            "doc1182613",
            "doc2604234",
            "doc1355790",
            "doc2214172",
            "doc1616142",
            "doc2580559",
            "doc1808929",
            "doc1742369",
            "doc2175723",
            "doc2114298",
            "doc725198",
            "doc1231192",
            "doc528936",
            "doc258869"
        ]
    ],
    "all_sim_scores": [
        [
            0.7312194108963013,
            0.686547577381134,
            0.662825345993042,
            0.6419732570648193,
            0.6343163251876831,
            0.5579766035079956,
            0.5260492563247681,
            0.5197515487670898,
            0.48746949434280396,
            0.4605393707752228,
            0.4453708529472351,
            0.4363160729408264,
            0.43334391713142395,
            0.4328143894672394,
            0.4282941222190857,
            0.4224635064601898,
            0.42132675647735596,
            0.4180602431297302,
            0.4179586172103882,
            0.4168465733528137,
            0.41663092374801636,
            0.41622814536094666,
            0.41618162393569946,
            0.41586464643478394,
            0.41237813234329224,
            0.41218751668930054,
            0.40982526540756226,
            0.4093400835990906,
            0.4078930616378784,
            0.40546491742134094,
            0.40539586544036865,
            0.4008024036884308,
            0.39852699637413025,
            0.39282312989234924,
            0.39198312163352966,
            0.3906760513782501,
            0.38693732023239136,
            0.3864021897315979,
            0.3856079578399658,
            0.38300609588623047,
            0.38284245133399963,
            0.3812301456928253,
            0.3801635503768921,
            0.37954920530319214,
            0.37905409932136536,
            0.37868523597717285,
            0.3781967759132385,
            0.3767034411430359,
            0.37660205364227295,
            0.3765542507171631,
            0.3751978278160095,
            0.37430739402770996,
            0.37389934062957764,
            0.37082087993621826,
            0.36811310052871704,
            0.3678305745124817,
            0.36739110946655273,
            0.3669751286506653,
            0.36667874455451965,
            0.3656235933303833
        ]
    ],
    "last_action_method": "return_last_retrieved_list",
    "curr_top_k_docIDs": [
        "doc5120",
        "doc777393",
        "doc777375",
        "doc777382",
        "doc5121",
        "doc115503",
        "doc115516",
        "doc2604236",
        "doc2285424",
        "doc2563510",
        "doc1543706",
        "doc1522833",
        "doc5133",
        "doc1694404",
        "doc2563512",
        "doc2628612",
        "doc1906715",
        "doc382330",
        "doc355098",
        "doc2448565",
        "doc1421089",
        "doc2074191",
        "doc15377",
        "doc2333053",
        "doc1156178",
        "doc132022",
        "doc1142341",
        "doc1725823",
        "doc2283892",
        "doc2301992",
        "doc1711886",
        "doc2604255",
        "doc958085",
        "doc2205838",
        "doc832404",
        "doc2085134",
        "doc1699868",
        "doc2136466",
        "doc2604257",
        "doc2298602",
        "doc2553123",
        "doc1658055",
        "doc2210542",
        "doc109481",
        "doc287614",
        "doc2555543",
        "doc1182613",
        "doc2604234",
        "doc1355790",
        "doc2214172",
        "doc1616142",
        "doc2580559",
        "doc1808929",
        "doc1742369",
        "doc2175723",
        "doc2114298",
        "doc725198",
        "doc1231192",
        "doc528936",
        "doc258869"
    ],
    "terminate": true,
    "state_history": [
        {
            "queries": [
                "how many different kinds of pokemon cards are there"
            ],
            "iteration": 0
        },
        {
            "queries": [
                "how many different kinds of pokemon cards are there"
            ],
            "iteration": 0,
            "retrieved_lists": [
                [
                    "doc5120",
                    "doc777393",
                    "doc777375",
                    "doc777382",
                    "doc5121",
                    "doc115503",
                    "doc115516",
                    "doc2604236",
                    "doc2285424",
                    "doc2563510",
                    "doc1543706",
                    "doc1522833",
                    "doc5133",
                    "doc1694404",
                    "doc2563512",
                    "doc2628612",
                    "doc1906715",
                    "doc382330",
                    "doc355098",
                    "doc2448565",
                    "doc1421089",
                    "doc2074191",
                    "doc15377",
                    "doc2333053",
                    "doc1156178",
                    "doc132022",
                    "doc1142341",
                    "doc1725823",
                    "doc2283892",
                    "doc2301992",
                    "doc1711886",
                    "doc2604255",
                    "doc958085",
                    "doc2205838",
                    "doc832404",
                    "doc2085134",
                    "doc1699868",
                    "doc2136466",
                    "doc2604257",
                    "doc2298602",
                    "doc2553123",
                    "doc1658055",
                    "doc2210542",
                    "doc109481",
                    "doc287614",
                    "doc2555543",
                    "doc1182613",
                    "doc2604234",
                    "doc1355790",
                    "doc2214172",
                    "doc1616142",
                    "doc2580559",
                    "doc1808929",
                    "doc1742369",
                    "doc2175723",
                    "doc2114298",
                    "doc725198",
                    "doc1231192",
                    "doc528936",
                    "doc258869"
                ]
            ],