{
    "queries": [
        "where do they film last man on earth"
    ],
    "iteration": 0,
    "retrieved_lists": [
        [
            "doc107746",
            "doc1004458",
            "doc2266568",
            "doc1599780",
            "doc344805",
            "doc288411",
            "doc1078691",
            "doc2250045",
            "doc178339",
            "doc372020",
            "doc47608",
            "doc110729",
            "doc2595255",
            "doc1953742",
            "doc388763",
            "doc1216924",
            "doc134755",
            "doc2340893",
            "doc758689",
            "doc1740652",
            "doc1932772",
            "doc1783410",
            "doc890350",
            "doc1515029",
            "doc449465",
            "doc649963",
            "doc2091165",
            "doc663063",
            "doc1534320",
            "doc1129186",
            "doc2601709",
            "doc1361871",
            "doc2599982",
            "doc1642860",
            "doc1549408",
            "doc405271",
            "doc2615643",
            "doc1571777",
            "doc2610875",
            "doc902023",
            "doc534481",
            "doc493286",
            "doc426322",
            "doc1812871",
            "doc1932994",
            "doc913476",
            "doc1944947",
            "doc1665025",
            "doc427662",
            "doc2056930",
            "doc1320343",
            "doc805980",
            "doc1501329",
            "doc2329866",
            "doc1082567",
            "doc2236479",
            "doc1690179",
            "doc1527664",
            "doc845077",
            "doc1331784"
        ]
    ],
    "all_sim_scores": [
        [
            0.8078789710998535,
            0.4937346279621124,
            0.4018097519874573,
            0.3932819962501526,
            0.3808024823665619,
            0.36445778608322144,
            0.3639548420906067,
            0.35792815685272217,
            0.3563171625137329,
            0.34939467906951904,
            0.3429891765117645,
            0.33977609872817993,
            0.3310095965862274,
            0.32645297050476074,
            0.3260888457298279,
            0.3247383236885071,
            0.3231992721557617,
            0.32306206226348877,
            0.32291924953460693,
            0.3195289969444275,
            0.3194272518157959,
            0.31858354806900024,
            0.316165953874588,
            0.31477510929107666,
            0.3124482035636902,
            0.30946025252342224,
            0.30907320976257324,
            0.30872809886932373,
            0.3066590428352356,
            0.30550915002822876,
            0.3042616546154022,
            0.30252206325531006,
            0.3000386357307434,
            0.29966914653778076,
            0.29816848039627075,
            0.2976527214050293,
            0.296205073595047,
            0.2957485020160675,
            0.2955355942249298,
            0.29092323780059814,
            0.28971147537231445,
            0.28927889466285706,
            0.2887352406978607,
            0.287531316280365,
            0.28662145137786865,
            0.28659164905548096,
            0.28653693199157715,
            0.28409987688064575,
            0.28376829624176025,
            0.28374403715133667,
            0.2835245132446289,
            0.2829743027687073,
            0.28215089440345764,
            0.281036376953125,
            0.28073617815971375,
            0.28025609254837036,
            0.28000587224960327,
            0.2785528004169464,
            0.2783951759338379,
            0.2778548002243042
        ]
    ],
    "last_action_method": "return_last_retrieved_list",
    "curr_top_k_docIDs": [
        "doc107746",
        "doc1004458",
        "doc2266568",
        "doc1599780",
        "doc344805",
        "doc288411",
        "doc1078691",
        "doc2250045",
        "doc178339",
        "doc372020",
        "doc47608",
        "doc110729",
        "doc2595255",
        "doc1953742",
        "doc388763",
        "doc1216924",
        "doc134755",
        "doc2340893",
        "doc758689",
        "doc1740652",
        "doc1932772",
        "doc1783410",
        "doc890350",
        "doc1515029",
        "doc449465",
        "doc649963",
        "doc2091165",
        "doc663063",
        "doc1534320",
        "doc1129186",
        "doc2601709",
        "doc1361871",
        "doc2599982",
        "doc1642860",
        "doc1549408",
        "doc405271",
        "doc2615643",
        "doc1571777",
        "doc2610875",
        "doc902023",
        "doc534481",
        "doc493286",
        "doc426322",
        "doc1812871",
        "doc1932994",
        "doc913476",
        "doc1944947",
        "doc1665025",
        "doc427662",
        "doc2056930",
        "doc1320343",
        "doc805980",
        "doc1501329",
        "doc2329866",
        "doc1082567",
        "doc2236479",
        "doc1690179",
        "doc1527664",
        "doc845077",
        "doc1331784"
    ],
    "terminate": true,
    "state_history": [
        {
            "queries": [
                "where do they film last man on earth"
            ],
            "iteration": 0
        },
        {
            "queries": [
                "where do they film last man on earth"
            ],
            "iteration": 0,
            "retrieved_lists": [
                [
                    "doc107746",
                    "doc1004458",
                    "doc2266568",
                    "doc1599780",
                    "doc344805",
                    "doc288411",
                    "doc1078691",
                    "doc2250045",
                    "doc178339",
                    "doc372020",
                    "doc47608",
                    "doc110729",
                    "doc2595255",
                    "doc1953742",
                    "doc388763",
                    "doc1216924",
                    "doc134755",
                    "doc2340893",
                    "doc758689",
                    "doc1740652",
                    "doc1932772",
                    "doc1783410",
                    "doc890350",
                    "doc1515029",
                    "doc449465",
                    "doc649963",
                    "doc2091165",
                    "doc663063",
                    "doc1534320",
                    "doc1129186",
                    "doc2601709",
                    "doc1361871",
                    "doc2599982",
                    "doc1642860",
                    "doc1549408",
                    "doc405271",
                    "doc2615643",
                    "doc1571777",
                    "doc2610875",
                    "doc902023",
                    "doc534481",
                    "doc493286",
                    "doc426322",
                    "doc1812871",
                    "doc1932994",
                    "doc913476",
                    "doc1944947",
                    "doc1665025",
                    "doc427662",
                    "doc2056930",
                    "doc1320343",
                    "doc805980",
                    "doc1501329",
                    "doc2329866",
                    "doc1082567",
                    "doc2236479",
                    "doc1690179",
                    "doc1527664",
                    "doc845077",
                    "doc1331784"
                ]
            ],