{
    "queries": [
        "how many episodes in season 2 of fargo"
    ],
    "iteration": 0,
    "retrieved_lists": [
        [
            "doc111034",
            "doc231968",
            "doc104123",
            "doc78526",
            "doc78508",
            "doc78528",
            "doc1612227",
            "doc2182830",
            "doc1841981",
            "doc1989573",
            "doc816706",
            "doc2063441",
            "doc178931",
            "doc2611948",
            "doc1893952",
            "doc301738",
            "doc1407014",
            "doc1893948",
            "doc1893947",
            "doc1034815",
            "doc2496219",
            "doc2212425",
            "doc680360",
            "doc518947",
            "doc282361",
            "doc2172776",
            "doc1117338",
            "doc2358254",
            "doc36581",
            "doc286215",
            "doc341011",
            "doc221677",
            "doc2488181",
            "doc1887621",
            "doc2398384",
            "doc1870564",
            "doc904052",
            "doc2161058",
            "doc881623",
            "doc799362",
            "doc1221496",
            "doc1921023",
            "doc854319",
            "doc1723137",
            "doc1447588",
            "doc2398380",
            "doc1960178",
            "doc221797",
            "doc600964",
            "doc2659522",
            "doc70506",
            "doc483774",
            "doc558943",
            "doc282343",
            "doc2580120",
            "doc264282",
            "doc2189355",
            "doc762037",
            "doc131033",
            "doc1870559"
        ]
    ],
    "all_sim_scores": [
        [
            0.871884286403656,
            0.6832617521286011,
            0.6479923725128174,
            0.5548823475837708,
            0.5309959650039673,
            0.5050644278526306,
            0.4803503155708313,
            0.46966612339019775,
            0.45872771739959717,
            0.42778491973876953,
            0.41873687505722046,
            0.4184972047805786,
            0.4171556830406189,
            0.41482213139533997,
            0.41368547081947327,
            0.4112507104873657,
            0.38684678077697754,
            0.3817678391933441,
            0.3817012906074524,
            0.3815912902355194,
            0.37641042470932007,
            0.37501785159111023,
            0.37281695008277893,
            0.37204790115356445,
            0.3708280920982361,
            0.3691439628601074,
            0.36783844232559204,
            0.3623124361038208,
            0.3598916530609131,
            0.3594282269477844,
            0.3593938648700714,
            0.3593471348285675,
            0.35759711265563965,
            0.355480432510376,
            0.35387659072875977,
            0.3533233106136322,
            0.34923791885375977,
            0.34849822521209717,
            0.34636545181274414,
            0.3435599207878113,
            0.34126371145248413,
            0.34114134311676025,
            0.3407074511051178,
            0.33932289481163025,
            0.3386676013469696,
            0.3332131505012512,
            0.33290526270866394,
            0.3325665593147278,
            0.32871919870376587,
            0.3286541700363159,
            0.3284006118774414,
            0.3274751305580139,
            0.32734665274620056,
            0.3257054090499878,
            0.32552024722099304,
            0.3248470723628998,
            0.3244311213493347,
            0.3238545060157776,
            0.3211422562599182,
            0.3199256658554077
        ]
    ],
    "last_action_method": "return_last_retrieved_list",
    "curr_top_k_docIDs": [
        "doc111034",
        "doc231968",
        "doc104123",
        "doc78526",
        "doc78508",
        "doc78528",
        "doc1612227",
        "doc2182830",
        "doc1841981",
        "doc1989573",
        "doc816706",
        "doc2063441",
        "doc178931",
        "doc2611948",
        "doc1893952",
        "doc301738",
        "doc1407014",
        "doc1893948",
        "doc1893947",
        "doc1034815",
        "doc2496219",
        "doc2212425",
        "doc680360",
        "doc518947",
        "doc282361",
        "doc2172776",
        "doc1117338",
        "doc2358254",
        "doc36581",
        "doc286215",
        "doc341011",
        "doc221677",
        "doc2488181",
        "doc1887621",
        "doc2398384",
        "doc1870564",
        "doc904052",
        "doc2161058",
        "doc881623",
        "doc799362",
        "doc1221496",
        "doc1921023",
        "doc854319",
        "doc1723137",
        "doc1447588",
        "doc2398380",
        "doc1960178",
        "doc221797",
        "doc600964",
        "doc2659522",
        "doc70506",
        "doc483774",
        "doc558943",
        "doc282343",
        "doc2580120",
        "doc264282",
        "doc2189355",
        "doc762037",
        "doc131033",
        "doc1870559"
    ],
    "terminate": true,
    "state_history": [
        {
            "queries": [
                "how many episodes in season 2 of fargo"
            ],
            "iteration": 0
        },
        {
            "queries": [
                "how many episodes in season 2 of fargo"
            ],
            "iteration": 0,
            "retrieved_lists": [
                [
                    "doc111034",
                    "doc231968",
                    "doc104123",
                    "doc78526",
                    "doc78508",
                    "doc78528",
                    "doc1612227",
                    "doc2182830",
                    "doc1841981",
                    "doc1989573",
                    "doc816706",
                    "doc2063441",
                    "doc178931",
                    "doc2611948",
                    "doc1893952",
                    "doc301738",
                    "doc1407014",
                    "doc1893948",
                    "doc1893947",
                    "doc1034815",
                    "doc2496219",
                    "doc2212425",
                    "doc680360",
                    "doc518947",
                    "doc282361",
                    "doc2172776",
                    "doc1117338",
                    "doc2358254",
                    "doc36581",
                    "doc286215",
                    "doc341011",
                    "doc221677",
                    "doc2488181",
                    "doc1887621",
                    "doc2398384",
                    "doc1870564",
                    "doc904052",
                    "doc2161058",
                    "doc881623",
                    "doc799362",
                    "doc1221496",
                    "doc1921023",
                    "doc854319",
                    "doc1723137",
                    "doc1447588",
                    "doc2398380",
                    "doc1960178",
                    "doc221797",
                    "doc600964",
                    "doc2659522",
                    "doc70506",
                    "doc483774",
                    "doc558943",
                    "doc282343",
                    "doc2580120",
                    "doc264282",
                    "doc2189355",
                    "doc762037",
                    "doc131033",
                    "doc1870559"
                ]
            ],