{
    "queries": [
        "Most beautiful island cities to explore"
    ],
    "iteration": 0,
    "retrieved_lists": [
        [
            "149",
            "136",
            "369",
            "388",
            "216",
            "398",
            "276",
            "96",
            "403",
            "363"
        ]
    ],
    "all_sim_scores": [
        [
            0.47182753682136536,
            0.4652528762817383,
            0.4263731837272644,
            0.40268564224243164,
            0.38176268339157104,
            0.37396305799484253,
            0.359371542930603,
            0.35809195041656494,
            0.3521541953086853,
            0.34958940744400024
        ]
    ],
    "last_action_method": "return_last_retrieved_list",
    "curr_top_k_docIDs": [
        "149",
        "136",
        "369",
        "388",
        "216",
        "398",
        "276",
        "96",
        "403",
        "363"
    ],
    "terminate": true,
    "state_history": [
        {
            "queries": [
                "Most beautiful island cities to explore"
            ],
            "iteration": 0
        },
        {
            "queries": [
                "Most beautiful island cities to explore"
            ],
            "iteration": 0,
            "retrieved_lists": [
                [
                    "149",
                    "136",
                    "369",
                    "388",
                    "216",
                    "398",
                    "276",
                    "96",
                    "403",
                    "363"
                ]
            ],
            "all_sim_scores": [
                [
                    0.47182753682136536,
                    0.4652528762817383,
                    0.4263731837272644,
                    0.40268564224243164,
                    0.38176268339157104,
                    0.37396305799484253,
                    0.359371542930603,
                    0.35809195041656494,
                    0.3521541953086853,
                    0.34958940744400024
                ]
            ],
            "last_action_method": "rank"
        },
        {
            "queries": [
                "Most beautiful island cities to explore"
            ],
            "iteration": 0,
            "retrieved_lists": [
                [
                    "149",
                    "136",
                    "369",
                    "388",
                    "216",
                    "398",
                    "276",
                    "96",
                    "403",
                    "363"
                ]
            ],
            "all_sim_scores": [
                [
                    0.47182753682136536,
                    0.4652528762817383,
                    0.4263731837272644,
                    0.40268564224243164,
                    0.38176268339157104,
                    0.37396305799484253,
                    0.359371542930603,
                    0.35809195041656494,
                    0.3521541953086853,
                    0.34958940744400024
                ]
            ],
            "last_action_method": "return_last_retrieved_list",
            "curr_top_k_docIDs": [
                "149",
                "136",
                "369",
                "388",
                "216",
                "398",
                "276",
                "96",
                "403",
                "363"
            ],
            "terminate": true
        }
    ]
}