{
    "queries": [
        "rx phos bind"
    ],
    "iteration": 0,
    "retrieved_lists": [
        [
            "600726",
            "455587",
            "510312",
            "174601",
            "743530",
            "246761",
            "311711",
            "1389710",
            "1536301",
            "1572042"
        ]
    ],
    "all_sim_scores": [
        [
            0.7407879829406738,
            0.7234752178192139,
            0.6257192492485046,
            0.6253772974014282,
            0.6152626872062683,
            0.607021689414978,
            0.6045562028884888,
            0.6005924344062805,
            0.5966557264328003,
            0.5958982706069946
        ]
    ],
    "last_action_method": "return_last_retrieved_list",
    "curr_top_k_docIDs": [
        "600726",
        "455587",
        "510312",
        "174601",
        "743530",
        "246761",
        "311711",
        "1389710",
        "1536301",
        "1572042"
    ],
    "terminate": true,
    "state_history": [
        {
            "queries": [
                "rx phos bind"
            ],
            "iteration": 0
        },
        {
            "queries": [
                "rx phos bind"
            ],
            "iteration": 0,
            "retrieved_lists": [
                [
                    "600726",
                    "455587",
                    "510312",
                    "174601",
                    "743530",
                    "246761",
                    "311711",
                    "1389710",
                    "1536301",
                    "1572042"
                ]
            ],
            "all_sim_scores": [
                [
                    0.7407879829406738,
                    0.7234752178192139,
                    0.6257192492485046,
                    0.6253772974014282,
                    0.6152626872062683,
                    0.607021689414978,
                    0.6045562028884888,
                    0.6005924344062805,
                    0.5966557264328003,
                    0.5958982706069946
                ]
            ],
            "last_action_method": "rank"
        },
        {
            "queries": [
                "rx phos bind"
            ],
            "iteration": 0,
            "retrieved_lists": [
                [
                    "600726",
                    "455587",
                    "510312",
                    "174601",
                    "743530",
                    "246761",
                    "311711",
                    "1389710",
                    "1536301",
                    "1572042"
                ]
            ],
            "all_sim_scores": [
                [
                    0.7407879829406738,
                    0.7234752178192139,
                    0.6257192492485046,
                    0.6253772974014282,
                    0.6152626872062683,
                    0.607021689414978,
                    0.6045562028884888,
                    0.6005924344062805,
                    0.5966557264328003,
                    0.5958982706069946
                ]
            ],
            "last_action_method": "return_last_retrieved_list",
            "curr_top_k_docIDs": [
                "600726",
                "455587",
                "510312",
                "174601",
                "743530",
                "246761",
                "311711",
                "1389710",
                "1536301",
                "1572042"
            ],
            "terminate": true
        }
    ]
}