{
    "queries": [
        "where do they get the hair for a hair transplant"
    ],
    "iteration": 0,
    "retrieved_lists": [
        [
            "doc51699",
            "doc51695",
            "doc51707",
            "doc51691",
            "doc51697",
            "doc51708",
            "doc51706",
            "doc1798470",
            "doc1658311",
            "doc429861",
            "doc2002191",
            "doc1672628",
            "doc1538689",
            "doc1538683",
            "doc1978665",
            "doc1845598",
            "doc62456",
            "doc352694",
            "doc1538675",
            "doc2668796",
            "doc1490658",
            "doc62881",
            "doc713466",
            "doc1616301",
            "doc715366",
            "doc1490636",
            "doc374272",
            "doc318708",
            "doc1611837",
            "doc1047863",
            "doc2233619",
            "doc1358288",
            "doc2094463",
            "doc889245",
            "doc1227071",
            "doc1538685",
            "doc1684534",
            "doc1358320",
            "doc2043160",
            "doc1983765",
            "doc876826",
            "doc1215044",
            "doc2145199",
            "doc1281533",
            "doc300998",
            "doc452531",
            "doc713459",
            "doc83015",
            "doc1301190",
            "doc904779",
            "doc1798443",
            "doc1005950",
            "doc803910",
            "doc5459",
            "doc1356399",
            "doc904748",
            "doc2472987",
            "doc1501248",
            "doc62453",
            "doc1709816"
        ]
    ],
    "all_sim_scores": [
        [
            0.7367985248565674,
            0.7318124771118164,
            0.7225940823554993,
            0.7102159261703491,
            0.6989525556564331,
            0.6759989261627197,
            0.543741762638092,
            0.5125010013580322,
            0.4318208694458008,
            0.405935674905777,
            0.3988073468208313,
            0.3980286121368408,
            0.39610835909843445,
            0.3951481282711029,
            0.3938899338245392,
            0.38621264696121216,
            0.3860495686531067,
            0.38442105054855347,
            0.37988755106925964,
            0.3795197010040283,
            0.3789636194705963,
            0.376262366771698,
            0.3689437508583069,
            0.36832547187805176,
            0.3605117201805115,
            0.35993051528930664,
            0.3579444885253906,
            0.3576785624027252,
            0.35710668563842773,
            0.35541272163391113,
            0.35378918051719666,
            0.34966957569122314,
            0.3496192395687103,
            0.34900301694869995,
            0.34878668189048767,
            0.34647834300994873,
            0.34301239252090454,
            0.34250128269195557,
            0.34059903025627136,
            0.34046339988708496,
            0.33961060643196106,
            0.33635666966438293,
            0.3362894654273987,
            0.3361019492149353,
            0.33465346693992615,
            0.3341049551963806,
            0.33250388503074646,
            0.3310230076313019,
            0.329542875289917,
            0.32899028062820435,
            0.32771071791648865,
            0.32592999935150146,
            0.32120150327682495,
            0.3206407427787781,
            0.32001006603240967,
            0.3198786675930023,
            0.3198224902153015,
            0.31931841373443604,
            0.31850987672805786,
            0.3162277340888977
        ]
    ],
    "last_action_method": "return_last_retrieved_list",
    "curr_top_k_docIDs": [
        "doc51699",
        "doc51695",
        "doc51707",
        "doc51691",
        "doc51697",
        "doc51708",
        "doc51706",
        "doc1798470",
        "doc1658311",
        "doc429861",
        "doc2002191",
        "doc1672628",
        "doc1538689",
        "doc1538683",
        "doc1978665",
        "doc1845598",
        "doc62456",
        "doc352694",
        "doc1538675",
        "doc2668796",
        "doc1490658",
        "doc62881",
        "doc713466",
        "doc1616301",
        "doc715366",
        "doc1490636",
        "doc374272",
        "doc318708",
        "doc1611837",
        "doc1047863",
        "doc2233619",
        "doc1358288",
        "doc2094463",
        "doc889245",
        "doc1227071",
        "doc1538685",
        "doc1684534",
        "doc1358320",
        "doc2043160",
        "doc1983765",
        "doc876826",
        "doc1215044",
        "doc2145199",
        "doc1281533",
        "doc300998",
        "doc452531",
        "doc713459",
        "doc83015",
        "doc1301190",
        "doc904779",
        "doc1798443",
        "doc1005950",
        "doc803910",
        "doc5459",
        "doc1356399",
        "doc904748",
        "doc2472987",
        "doc1501248",
        "doc62453",
        "doc1709816"
    ],
    "terminate": true,
    "state_history": [
        {
            "queries": [
                "where do they get the hair for a hair transplant"
            ],
            "iteration": 0
        },
        {
            "queries": [
                "where do they get the hair for a hair transplant"
            ],
            "iteration": 0,
            "retrieved_lists": [
                [
                    "doc51699",
                    "doc51695",
                    "doc51707",
                    "doc51691",
                    "doc51697",
                    "doc51708",
                    "doc51706",
                    "doc1798470",
                    "doc1658311",
                    "doc429861",
                    "doc2002191",
                    "doc1672628",
                    "doc1538689",
                    "doc1538683",
                    "doc1978665",
                    "doc1845598",
                    "doc62456",
                    "doc352694",
                    "doc1538675",
                    "doc2668796",
                    "doc1490658",
                    "doc62881",
                    "doc713466",
                    "doc1616301",
                    "doc715366",
                    "doc1490636",
                    "doc374272",
                    "doc318708",
                    "doc1611837",
                    "doc1047863",
                    "doc2233619",
                    "doc1358288",
                    "doc2094463",
                    "doc889245",
                    "doc1227071",
                    "doc1538685",
                    "doc1684534",
                    "doc1358320",
                    "doc2043160",
                    "doc1983765",
                    "doc876826",
                    "doc1215044",
                    "doc2145199",
                    "doc1281533",
                    "doc300998",
                    "doc452531",
                    "doc713459",
                    "doc83015",
                    "doc1301190",
                    "doc904779",
                    "doc1798443",
                    "doc1005950",
                    "doc803910",
                    "doc5459",
                    "doc1356399",
                    "doc904748",
                    "doc2472987",
                    "doc1501248",
                    "doc62453",
                    "doc1709816"
                ]
            ],