{
    "queries": [
        "Cleanest cities to visit"
    ],
    "iteration": 0,
    "retrieved_lists": [
        [
            "520",
            "111",
            "320",
            "22",
            "560",
            "168",
            "332",
            "492",
            "283",
            "231",
            "82",
            "425",
            "400",
            "516",
            "53",
            "525",
            "251",
            "399",
            "352",
            "376",
            "1",
            "105",
            "55",
            "532",
            "109",
            "450",
            "331",
            "83",
            "61",
            "8",
            "265",
            "339",
            "120",
            "380",
            "355",
            "338",
            "40",
            "255",
            "478",
            "285",
            "187",
            "124",
            "245",
            "121",
            "94",
            "43",
            "244",
            "308",
            "232",
            "95",
            "514",
            "172",
            "3",
            "237",
            "65",
            "402",
            "123",
            "337",
            "378",
            "249"
        ]
    ],
    "all_sim_scores": [
        [
            0.6168687343597412,
            0.5985845923423767,
            0.5918338298797607,
            0.5878734588623047,
            0.5834420919418335,
            0.5782895684242249,
            0.5761477947235107,
            0.5753790736198425,
            0.5741091966629028,
            0.573282778263092,
            0.571871280670166,
            0.571235179901123,
            0.5671069622039795,
            0.5653430223464966,
            0.5647485256195068,
            0.5646719932556152,
            0.56406569480896,
            0.563136100769043,
            0.56303471326828,
            0.5617836713790894,
            0.5616341829299927,
            0.561501145362854,
            0.5609735250473022,
            0.5591615438461304,
            0.5591572523117065,
            0.5586950778961182,
            0.5585882663726807,
            0.5579738616943359,
            0.5578588247299194,
            0.5578358769416809,
            0.5576372146606445,
            0.5575517416000366,
            0.5558725595474243,
            0.5551854372024536,
            0.5548900365829468,
            0.5540895462036133,
            0.5532253384590149,
            0.5531076192855835,
            0.5526835918426514,
            0.5514682531356812,
            0.5510599613189697,
            0.550933301448822,
            0.5495492219924927,
            0.5492186546325684,
            0.5486283302307129,
            0.5479393601417542,
            0.5479066371917725,
            0.5476696491241455,
            0.5467999577522278,
            0.5460540652275085,
            0.5457139611244202,
            0.545635461807251,
            0.5453729033470154,
            0.5453123450279236,
            0.5452237725257874,
            0.5445351600646973,
            0.5444866418838501,
            0.543899655342102,
            0.5438926815986633,
            0.5435630679130554
        ]
    ],
    "last_action_method": "return_last_retrieved_list",
    "curr_top_k_docIDs": [
        "520",
        "111",
        "320",
        "22",
        "560",
        "168",
        "332",
        "492",
        "283",
        "231",
        "82",
        "425",
        "400",
        "516",
        "53",
        "525",
        "251",
        "399",
        "352",
        "376",
        "1",
        "105",
        "55",
        "532",
        "109",
        "450",
        "331",
        "83",
        "61",
        "8",
        "265",
        "339",
        "120",
        "380",
        "355",
        "338",
        "40",
        "255",
        "478",
        "285",
        "187",
        "124",
        "245",
        "121",
        "94",
        "43",
        "244",
        "308",
        "232",
        "95",
        "514",
        "172",
        "3",
        "237",
        "65",
        "402",
        "123",
        "337",
        "378",
        "249"
    ],
    "terminate": true,
    "state_history": [
        {
            "queries": [
                "Cleanest cities to visit"
            ],
            "iteration": 0
        },
        {
            "queries": [
                "Cleanest cities to visit"
            ],
            "iteration": 0,
            "retrieved_lists": [
                [
                    "520",
                    "111",
                    "320",
                    "22",
                    "560",
                    "168",
                    "332",
                    "492",
                    "283",
                    "231",
                    "82",
                    "425",
                    "400",
                    "516",
                    "53",
                    "525",
                    "251",
                    "399",
                    "352",
                    "376",
                    "1",
                    "105",
                    "55",
                    "532",
                    "109",
                    "450",
                    "331",
                    "83",
                    "61",
                    "8",
                    "265",
                    "339",
                    "120",
                    "380",
                    "355",
                    "338",
                    "40",
                    "255",
                    "478",
                    "285",
                    "187",
                    "124",
                    "245",
                    "121",
                    "94",
                    "43",
                    "244",
                    "308",
                    "232",
                    "95",
                    "514",
                    "172",
                    "3",
                    "237",
                    "65",
                    "402",
                    "123",
                    "337",
                    "378",
                    "249"
                ]
            ],