{
    "queries": [
        "how much were the actors in the office paid"
    ],
    "iteration": 0,
    "retrieved_lists": [
        [
            "doc67411",
            "doc1504784",
            "doc67443",
            "doc934575",
            "doc1304739",
            "doc755007",
            "doc2363180",
            "doc265742",
            "doc755002",
            "doc1504794",
            "doc755008",
            "doc1047955",
            "doc755039",
            "doc754986",
            "doc972474",
            "doc142458",
            "doc247686",
            "doc265747",
            "doc1853961",
            "doc1811077",
            "doc1047956",
            "doc20625",
            "doc67452",
            "doc1047948",
            "doc552151",
            "doc2142705",
            "doc2490400",
            "doc364759",
            "doc1179547",
            "doc718694",
            "doc1902259",
            "doc47478",
            "doc1536922",
            "doc1346908",
            "doc1853960",
            "doc1139983",
            "doc521884",
            "doc2251604",
            "doc314530",
            "doc364756",
            "doc2390905",
            "doc47467",
            "doc541534",
            "doc247727",
            "doc718708",
            "doc315734",
            "doc1706099",
            "doc2180664",
            "doc1321603",
            "doc1345697",
            "doc803625",
            "doc1718790",
            "doc2275774",
            "doc174346",
            "doc658143",
            "doc2442647",
            "doc592528",
            "doc435277",
            "doc2492996",
            "doc617158"
        ]
    ],
    "all_sim_scores": [
        [
            0.7475898265838623,
            0.6064473390579224,
            0.5407463312149048,
            0.5251477956771851,
            0.5195149183273315,
            0.5194951891899109,
            0.5187866687774658,
            0.5147277116775513,
            0.5105298757553101,
            0.5057915449142456,
            0.5018653869628906,
            0.4998442828655243,
            0.49393749237060547,
            0.4931940734386444,
            0.4909527897834778,
            0.4861604571342468,
            0.48100775480270386,
            0.48015400767326355,
            0.47775498032569885,
            0.46858686208724976,
            0.4621427059173584,
            0.4595198631286621,
            0.45852959156036377,
            0.45237886905670166,
            0.45025771856307983,
            0.44769519567489624,
            0.4476526975631714,
            0.446676105260849,
            0.4431098699569702,
            0.441058486700058,
            0.4377080798149109,
            0.43476057052612305,
            0.43252483010292053,
            0.4322763681411743,
            0.4297029376029968,
            0.4286544620990753,
            0.4273126721382141,
            0.42650431394577026,
            0.42034611105918884,
            0.4201763868331909,
            0.41657060384750366,
            0.4162936806678772,
            0.4162219762802124,
            0.4155091643333435,
            0.40938109159469604,
            0.4085924029350281,
            0.40724408626556396,
            0.40629005432128906,
            0.40574145317077637,
            0.40240785479545593,
            0.4021505117416382,
            0.4020082354545593,
            0.3993472754955292,
            0.39743131399154663,
            0.3937187194824219,
            0.3915978968143463,
            0.38748621940612793,
            0.3873496651649475,
            0.3871767520904541,
            0.3863803446292877
        ]
    ],
    "last_action_method": "return_last_retrieved_list",
    "curr_top_k_docIDs": [
        "doc67411",
        "doc1504784",
        "doc67443",
        "doc934575",
        "doc1304739",
        "doc755007",
        "doc2363180",
        "doc265742",
        "doc755002",
        "doc1504794",
        "doc755008",
        "doc1047955",
        "doc755039",
        "doc754986",
        "doc972474",
        "doc142458",
        "doc247686",
        "doc265747",
        "doc1853961",
        "doc1811077",
        "doc1047956",
        "doc20625",
        "doc67452",
        "doc1047948",
        "doc552151",
        "doc2142705",
        "doc2490400",
        "doc364759",
        "doc1179547",
        "doc718694",
        "doc1902259",
        "doc47478",
        "doc1536922",
        "doc1346908",
        "doc1853960",
        "doc1139983",
        "doc521884",
        "doc2251604",
        "doc314530",
        "doc364756",
        "doc2390905",
        "doc47467",
        "doc541534",
        "doc247727",
        "doc718708",
        "doc315734",
        "doc1706099",
        "doc2180664",
        "doc1321603",
        "doc1345697",
        "doc803625",
        "doc1718790",
        "doc2275774",
        "doc174346",
        "doc658143",
        "doc2442647",
        "doc592528",
        "doc435277",
        "doc2492996",
        "doc617158"
    ],
    "terminate": true,
    "state_history": [
        {
            "queries": [
                "how much were the actors in the office paid"
            ],
            "iteration": 0
        },
        {
            "queries": [
                "how much were the actors in the office paid"
            ],
            "iteration": 0,
            "retrieved_lists": [
                [
                    "doc67411",
                    "doc1504784",
                    "doc67443",
                    "doc934575",
                    "doc1304739",
                    "doc755007",
                    "doc2363180",
                    "doc265742",
                    "doc755002",
                    "doc1504794",
                    "doc755008",
                    "doc1047955",
                    "doc755039",
                    "doc754986",
                    "doc972474",
                    "doc142458",
                    "doc247686",
                    "doc265747",
                    "doc1853961",
                    "doc1811077",
                    "doc1047956",
                    "doc20625",
                    "doc67452",
                    "doc1047948",
                    "doc552151",
                    "doc2142705",
                    "doc2490400",
                    "doc364759",
                    "doc1179547",
                    "doc718694",
                    "doc1902259",
                    "doc47478",
                    "doc1536922",
                    "doc1346908",
                    "doc1853960",
                    "doc1139983",
                    "doc521884",
                    "doc2251604",
                    "doc314530",
                    "doc364756",
                    "doc2390905",
                    "doc47467",
                    "doc541534",
                    "doc247727",
                    "doc718708",
                    "doc315734",
                    "doc1706099",
                    "doc2180664",
                    "doc1321603",
                    "doc1345697",
                    "doc803625",
                    "doc1718790",
                    "doc2275774",
                    "doc174346",
                    "doc658143",
                    "doc2442647",
                    "doc592528",
                    "doc435277",
                    "doc2492996",
                    "doc617158"
                ]
            ],