{
    "queries": [
        "what are the value of style guides and style sheet"
    ],
    "iteration": 0,
    "retrieved_lists": [
        [
            "doc73129",
            "doc1622080",
            "doc1169966",
            "doc1303097",
            "doc1497832",
            "doc1833224",
            "doc2579295",
            "doc2594606",
            "doc2365611",
            "doc600890",
            "doc1652112",
            "doc2333741",
            "doc1030546",
            "doc2579811",
            "doc2321147",
            "doc1972213",
            "doc2085363",
            "doc733719",
            "doc1372787",
            "doc1898443",
            "doc2233459",
            "doc1551689",
            "doc678440",
            "doc1381778",
            "doc1714755",
            "doc1655608",
            "doc1667263",
            "doc988053",
            "doc733710",
            "doc1016116",
            "doc925099",
            "doc1898279",
            "doc1901047",
            "doc51530",
            "doc287581",
            "doc1246543",
            "doc2541396",
            "doc1903912",
            "doc1414535",
            "doc557481",
            "doc2333743",
            "doc1022282",
            "doc2397179",
            "doc1721563",
            "doc2325051",
            "doc2085353",
            "doc194262",
            "doc282074",
            "doc276280",
            "doc862386",
            "doc1428804",
            "doc1355448",
            "doc2174991",
            "doc1449480",
            "doc21403",
            "doc1704973",
            "doc419986",
            "doc1171970",
            "doc1731368",
            "doc2601134"
        ]
    ],
    "all_sim_scores": [
        [
            0.6655515432357788,
            0.48222634196281433,
            0.45866015553474426,
            0.4551934003829956,
            0.44784972071647644,
            0.4332824945449829,
            0.426099956035614,
            0.4157073497772217,
            0.3857175409793854,
            0.3840286433696747,
            0.37804847955703735,
            0.36884549260139465,
            0.36673086881637573,
            0.3655315041542053,
            0.36186903715133667,
            0.3573283553123474,
            0.3558562397956848,
            0.3515779376029968,
            0.3515721261501312,
            0.34682267904281616,
            0.34408503770828247,
            0.3437199592590332,
            0.3433482348918915,
            0.34236443042755127,
            0.33957552909851074,
            0.33768439292907715,
            0.3371078670024872,
            0.334101140499115,
            0.333913117647171,
            0.3337531089782715,
            0.3333866596221924,
            0.3321620523929596,
            0.33111846446990967,
            0.33035314083099365,
            0.32964473962783813,
            0.32930994033813477,
            0.32868796586990356,
            0.32730647921562195,
            0.32619011402130127,
            0.325904905796051,
            0.325503408908844,
            0.32495033740997314,
            0.3239431381225586,
            0.3224630355834961,
            0.3217165470123291,
            0.32089048624038696,
            0.3206057548522949,
            0.32017192244529724,
            0.32010117173194885,
            0.3198329210281372,
            0.3192140758037567,
            0.3188927173614502,
            0.3173086643218994,
            0.31695231795310974,
            0.31612730026245117,
            0.31580036878585815,
            0.31552654504776,
            0.3154236674308777,
            0.314142644405365,
            0.3139554262161255
        ]
    ],
    "last_action_method": "return_last_retrieved_list",
    "curr_top_k_docIDs": [
        "doc73129",
        "doc1622080",
        "doc1169966",
        "doc1303097",
        "doc1497832",
        "doc1833224",
        "doc2579295",
        "doc2594606",
        "doc2365611",
        "doc600890",
        "doc1652112",
        "doc2333741",
        "doc1030546",
        "doc2579811",
        "doc2321147",
        "doc1972213",
        "doc2085363",
        "doc733719",
        "doc1372787",
        "doc1898443",
        "doc2233459",
        "doc1551689",
        "doc678440",
        "doc1381778",
        "doc1714755",
        "doc1655608",
        "doc1667263",
        "doc988053",
        "doc733710",
        "doc1016116",
        "doc925099",
        "doc1898279",
        "doc1901047",
        "doc51530",
        "doc287581",
        "doc1246543",
        "doc2541396",
        "doc1903912",
        "doc1414535",
        "doc557481",
        "doc2333743",
        "doc1022282",
        "doc2397179",
        "doc1721563",
        "doc2325051",
        "doc2085353",
        "doc194262",
        "doc282074",
        "doc276280",
        "doc862386",
        "doc1428804",
        "doc1355448",
        "doc2174991",
        "doc1449480",
        "doc21403",
        "doc1704973",
        "doc419986",
        "doc1171970",
        "doc1731368",
        "doc2601134"
    ],
    "terminate": true,
    "state_history": [
        {
            "queries": [
                "what are the value of style guides and style sheet"
            ],
            "iteration": 0
        },
        {
            "queries": [
                "what are the value of style guides and style sheet"
            ],
            "iteration": 0,
            "retrieved_lists": [
                [
                    "doc73129",
                    "doc1622080",
                    "doc1169966",
                    "doc1303097",
                    "doc1497832",
                    "doc1833224",
                    "doc2579295",
                    "doc2594606",
                    "doc2365611",
                    "doc600890",
                    "doc1652112",
                    "doc2333741",
                    "doc1030546",
                    "doc2579811",
                    "doc2321147",
                    "doc1972213",
                    "doc2085363",
                    "doc733719",
                    "doc1372787",
                    "doc1898443",
                    "doc2233459",
                    "doc1551689",
                    "doc678440",
                    "doc1381778",
                    "doc1714755",
                    "doc1655608",
                    "doc1667263",
                    "doc988053",
                    "doc733710",
                    "doc1016116",
                    "doc925099",
                    "doc1898279",
                    "doc1901047",
                    "doc51530",
                    "doc287581",
                    "doc1246543",
                    "doc2541396",
                    "doc1903912",
                    "doc1414535",
                    "doc557481",
                    "doc2333743",
                    "doc1022282",
                    "doc2397179",
                    "doc1721563",
                    "doc2325051",
                    "doc2085353",
                    "doc194262",
                    "doc282074",
                    "doc276280",
                    "doc862386",
                    "doc1428804",
                    "doc1355448",
                    "doc2174991",
                    "doc1449480",
                    "doc21403",
                    "doc1704973",
                    "doc419986",
                    "doc1171970",
                    "doc1731368",
                    "doc2601134"
                ]
            ],