{
    "queries": [
        "Most popular destinations for theme park enthusiasts."
    ],
    "iteration": 0,
    "retrieved_lists": [
        [
            "160",
            "410",
            "415",
            "335",
            "402",
            "190",
            "403",
            "408",
            "380",
            "320"
        ]
    ],
    "all_sim_scores": [
        [
            0.3956841826438904,
            0.375205934047699,
            0.36509013175964355,
            0.35788214206695557,
            0.349926620721817,
            0.34736964106559753,
            0.3339994549751282,
            0.33378899097442627,
            0.33301806449890137,
            0.33297938108444214
        ]
    ],
    "last_action_method": "return_last_retrieved_list",
    "curr_top_k_docIDs": [
        "160",
        "410",
        "415",
        "335",
        "402",
        "190",
        "403",
        "408",
        "380",
        "320"
    ],
    "terminate": true,
    "state_history": [
        {
            "queries": [
                "Most popular destinations for theme park enthusiasts."
            ],
            "iteration": 0
        },
        {
            "queries": [
                "Most popular destinations for theme park enthusiasts."
            ],
            "iteration": 0,
            "retrieved_lists": [
                [
                    "160",
                    "410",
                    "415",
                    "335",
                    "402",
                    "190",
                    "403",
                    "408",
                    "380",
                    "320"
                ]
            ],
            "all_sim_scores": [
                [
                    0.3956841826438904,
                    0.375205934047699,
                    0.36509013175964355,
                    0.35788214206695557,
                    0.349926620721817,
                    0.34736964106559753,
                    0.3339994549751282,
                    0.33378899097442627,
                    0.33301806449890137,
                    0.33297938108444214
                ]
            ],
            "last_action_method": "rank"
        },
        {
            "queries": [
                "Most popular destinations for theme park enthusiasts."
            ],
            "iteration": 0,
            "retrieved_lists": [
                [
                    "160",
                    "410",
                    "415",
                    "335",
                    "402",
                    "190",
                    "403",
                    "408",
                    "380",
                    "320"
                ]
            ],
            "all_sim_scores": [
                [
                    0.3956841826438904,
                    0.375205934047699,
                    0.36509013175964355,
                    0.35788214206695557,
                    0.349926620721817,
                    0.34736964106559753,
                    0.3339994549751282,
                    0.33378899097442627,
                    0.33301806449890137,
                    0.33297938108444214
                ]
            ],
            "last_action_method": "return_last_retrieved_list",
            "curr_top_k_docIDs": [
                "160",
                "410",
                "415",
                "335",
                "402",
                "190",
                "403",
                "408",
                "380",
                "320"
            ],
            "terminate": true
        }
    ]
}