{
    "queries": [
        "I want to explore unique local events"
    ],
    "iteration": 0,
    "retrieved_lists": [
        [
            "467",
            "376",
            "425",
            "482",
            "497",
            "82",
            "446",
            "330",
            "464",
            "44"
        ]
    ],
    "all_sim_scores": [
        [
            0.3044602572917938,
            0.2954832911491394,
            0.28480786085128784,
            0.2842031419277191,
            0.28167715668678284,
            0.27646586298942566,
            0.27546602487564087,
            0.2752683162689209,
            0.27480652928352356,
            0.2738850712776184
        ]
    ],
    "last_action_method": "return_last_retrieved_list",
    "curr_top_k_docIDs": [
        "467",
        "376",
        "425",
        "482",
        "497",
        "82",
        "446",
        "330",
        "464",
        "44"
    ],
    "terminate": true,
    "state_history": [
        {
            "queries": [
                "I want to explore unique local events"
            ],
            "iteration": 0
        },
        {
            "queries": [
                "I want to explore unique local events"
            ],
            "iteration": 0,
            "retrieved_lists": [
                [
                    "467",
                    "376",
                    "425",
                    "482",
                    "497",
                    "82",
                    "446",
                    "330",
                    "464",
                    "44"
                ]
            ],
            "all_sim_scores": [
                [
                    0.3044602572917938,
                    0.2954832911491394,
                    0.28480786085128784,
                    0.2842031419277191,
                    0.28167715668678284,
                    0.27646586298942566,
                    0.27546602487564087,
                    0.2752683162689209,
                    0.27480652928352356,
                    0.2738850712776184
                ]
            ],
            "last_action_method": "rank"
        },
        {
            "queries": [
                "I want to explore unique local events"
            ],
            "iteration": 0,
            "retrieved_lists": [
                [
                    "467",
                    "376",
                    "425",
                    "482",
                    "497",
                    "82",
                    "446",
                    "330",
                    "464",
                    "44"
                ]
            ],
            "all_sim_scores": [
                [
                    0.3044602572917938,
                    0.2954832911491394,
                    0.28480786085128784,
                    0.2842031419277191,
                    0.28167715668678284,
                    0.27646586298942566,
                    0.27546602487564087,
                    0.2752683162689209,
                    0.27480652928352356,
                    0.2738850712776184
                ]
            ],
            "last_action_method": "return_last_retrieved_list",
            "curr_top_k_docIDs": [
                "467",
                "376",
                "425",
                "482",
                "497",
                "82",
                "446",
                "330",
                "464",
                "44"
            ],
            "terminate": true
        }
    ]
}