{
    "queries": [
        "Ideal cities for a digital detox"
    ],
    "iteration": 0,
    "retrieved_lists": [
        [
            "320",
            "283",
            "15",
            "400",
            "199",
            "226",
            "412",
            "426",
            "401",
            "534"
        ]
    ],
    "all_sim_scores": [
        [
            0.301597535610199,
            0.29723161458969116,
            0.29494982957839966,
            0.2886207699775696,
            0.28269585967063904,
            0.2820208668708801,
            0.27587851881980896,
            0.2756858468055725,
            0.2755308747291565,
            0.27523085474967957
        ]
    ],
    "last_action_method": "return_last_retrieved_list",
    "curr_top_k_docIDs": [
        "320",
        "283",
        "15",
        "400",
        "199",
        "226",
        "412",
        "426",
        "401",
        "534"
    ],
    "terminate": true,
    "state_history": [
        {
            "queries": [
                "Ideal cities for a digital detox"
            ],
            "iteration": 0
        },
        {
            "queries": [
                "Ideal cities for a digital detox"
            ],
            "iteration": 0,
            "retrieved_lists": [
                [
                    "320",
                    "283",
                    "15",
                    "400",
                    "199",
                    "226",
                    "412",
                    "426",
                    "401",
                    "534"
                ]
            ],
            "all_sim_scores": [
                [
                    0.301597535610199,
                    0.29723161458969116,
                    0.29494982957839966,
                    0.2886207699775696,
                    0.28269585967063904,
                    0.2820208668708801,
                    0.27587851881980896,
                    0.2756858468055725,
                    0.2755308747291565,
                    0.27523085474967957
                ]
            ],
            "last_action_method": "rank"
        },
        {
            "queries": [
                "Ideal cities for a digital detox"
            ],
            "iteration": 0,
            "retrieved_lists": [
                [
                    "320",
                    "283",
                    "15",
                    "400",
                    "199",
                    "226",
                    "412",
                    "426",
                    "401",
                    "534"
                ]
            ],
            "all_sim_scores": [
                [
                    0.301597535610199,
                    0.29723161458969116,
                    0.29494982957839966,
                    0.2886207699775696,
                    0.28269585967063904,
                    0.2820208668708801,
                    0.27587851881980896,
                    0.2756858468055725,
                    0.2755308747291565,
                    0.27523085474967957
                ]
            ],
            "last_action_method": "return_last_retrieved_list",
            "curr_top_k_docIDs": [
                "320",
                "283",
                "15",
                "400",
                "199",
                "226",
                "412",
                "426",
                "401",
                "534"
            ],
            "terminate": true
        }
    ]
}