{
    "queries": [
        "the initial unification of upper and lower egypt took place during which period"
    ],
    "iteration": 0,
    "retrieved_lists": [
        [
            "doc11864",
            "doc1200876",
            "doc15047",
            "doc2193926",
            "doc1835532",
            "doc78951",
            "doc2493362",
            "doc535860",
            "doc468625",
            "doc1655225",
            "doc1869812",
            "doc161402",
            "doc833787",
            "doc761940",
            "doc1075107",
            "doc283575",
            "doc784734",
            "doc1563111",
            "doc389023",
            "doc2019033",
            "doc260103",
            "doc255559",
            "doc834850",
            "doc405521",
            "doc409275",
            "doc1614511",
            "doc535275",
            "doc2193933",
            "doc1978415",
            "doc2272551",
            "doc49243",
            "doc206551",
            "doc1846930",
            "doc202124",
            "doc1013384",
            "doc211056",
            "doc2595824",
            "doc2413320",
            "doc175327",
            "doc1415393",
            "doc2101061",
            "doc135629",
            "doc207838",
            "doc1895018",
            "doc1058187",
            "doc49235",
            "doc164916",
            "doc842685",
            "doc2243590",
            "doc1305475",
            "doc1670123",
            "doc396351",
            "doc329597",
            "doc550116",
            "doc122155",
            "doc2215741",
            "doc1688416",
            "doc922178",
            "doc1388607",
            "doc2280701"
        ]
    ],
    "all_sim_scores": [
        [
            0.5281150937080383,
            0.47792020440101624,
            0.44929301738739014,
            0.4304257035255432,
            0.4033285975456238,
            0.38185182213783264,
            0.3728001117706299,
            0.3636086583137512,
            0.3533474802970886,
            0.34761303663253784,
            0.34579092264175415,
            0.3439481258392334,
            0.3374292254447937,
            0.336050808429718,
            0.3330945372581482,
            0.3209463357925415,
            0.31794625520706177,
            0.3156212270259857,
            0.31506964564323425,
            0.31362080574035645,
            0.30609363317489624,
            0.29875022172927856,
            0.2967992126941681,
            0.2957974672317505,
            0.29465413093566895,
            0.2933172583580017,
            0.2905716896057129,
            0.28669634461402893,
            0.2857130765914917,
            0.28421106934547424,
            0.2818473279476166,
            0.2813716232776642,
            0.2810482680797577,
            0.2804567217826843,
            0.27819451689720154,
            0.2772425711154938,
            0.2753985822200775,
            0.275098979473114,
            0.2750059962272644,
            0.2738960087299347,
            0.273735910654068,
            0.2713627517223358,
            0.27122730016708374,
            0.2694122791290283,
            0.2691345810890198,
            0.2686856687068939,
            0.267103374004364,
            0.2639845013618469,
            0.2637377977371216,
            0.262771338224411,
            0.260479211807251,
            0.25996607542037964,
            0.258794367313385,
            0.25622493028640747,
            0.25502368807792664,
            0.25488752126693726,
            0.2546561658382416,
            0.25206702947616577,
            0.25155746936798096,
            0.2515285611152649
        ]
    ],
    "last_action_method": "return_last_retrieved_list",
    "curr_top_k_docIDs": [
        "doc11864",
        "doc1200876",
        "doc15047",
        "doc2193926",
        "doc1835532",
        "doc78951",
        "doc2493362",
        "doc535860",
        "doc468625",
        "doc1655225",
        "doc1869812",
        "doc161402",
        "doc833787",
        "doc761940",
        "doc1075107",
        "doc283575",
        "doc784734",
        "doc1563111",
        "doc389023",
        "doc2019033",
        "doc260103",
        "doc255559",
        "doc834850",
        "doc405521",
        "doc409275",
        "doc1614511",
        "doc535275",
        "doc2193933",
        "doc1978415",
        "doc2272551",
        "doc49243",
        "doc206551",
        "doc1846930",
        "doc202124",
        "doc1013384",
        "doc211056",
        "doc2595824",
        "doc2413320",
        "doc175327",
        "doc1415393",
        "doc2101061",
        "doc135629",
        "doc207838",
        "doc1895018",
        "doc1058187",
        "doc49235",
        "doc164916",
        "doc842685",
        "doc2243590",
        "doc1305475",
        "doc1670123",
        "doc396351",
        "doc329597",
        "doc550116",
        "doc122155",
        "doc2215741",
        "doc1688416",
        "doc922178",
        "doc1388607",
        "doc2280701"
    ],
    "terminate": true,
    "state_history": [
        {
            "queries": [
                "the initial unification of upper and lower egypt took place during which period"
            ],
            "iteration": 0
        },
        {
            "queries": [
                "the initial unification of upper and lower egypt took place during which period"
            ],
            "iteration": 0,
            "retrieved_lists": [
                [
                    "doc11864",
                    "doc1200876",
                    "doc15047",
                    "doc2193926",
                    "doc1835532",
                    "doc78951",
                    "doc2493362",
                    "doc535860",
                    "doc468625",
                    "doc1655225",
                    "doc1869812",
                    "doc161402",
                    "doc833787",
                    "doc761940",
                    "doc1075107",
                    "doc283575",
                    "doc784734",
                    "doc1563111",
                    "doc389023",
                    "doc2019033",
                    "doc260103",
                    "doc255559",
                    "doc834850",
                    "doc405521",
                    "doc409275",
                    "doc1614511",
                    "doc535275",
                    "doc2193933",
                    "doc1978415",
                    "doc2272551",
                    "doc49243",
                    "doc206551",
                    "doc1846930",
                    "doc202124",
                    "doc1013384",
                    "doc211056",
                    "doc2595824",
                    "doc2413320",
                    "doc175327",
                    "doc1415393",
                    "doc2101061",
                    "doc135629",
                    "doc207838",
                    "doc1895018",
                    "doc1058187",
                    "doc49235",
                    "doc164916",
                    "doc842685",
                    "doc2243590",
                    "doc1305475",
                    "doc1670123",
                    "doc396351",
                    "doc329597",
                    "doc550116",
                    "doc122155",
                    "doc2215741",
                    "doc1688416",
                    "doc922178",
                    "doc1388607",
                    "doc2280701"
                ]
            ],