{
    "queries": [
        "how many models are there in iphone 6"
    ],
    "iteration": 0,
    "retrieved_lists": [
        [
            "doc61183",
            "doc187479",
            "doc2018912",
            "doc2521412",
            "doc1894990",
            "doc569140",
            "doc1898590",
            "doc2165376",
            "doc676937",
            "doc1168818",
            "doc1148851",
            "doc1342156",
            "doc813035",
            "doc1002306",
            "doc346919",
            "doc186448",
            "doc439165",
            "doc587352",
            "doc2205838",
            "doc2337878",
            "doc2000293",
            "doc2185245",
            "doc187458",
            "doc1588570",
            "doc930181",
            "doc2305547",
            "doc610170",
            "doc1326033",
            "doc92641",
            "doc1602236",
            "doc1548413",
            "doc5120",
            "doc1521521",
            "doc838924",
            "doc1273606",
            "doc1103399",
            "doc2160308",
            "doc2214526",
            "doc637543",
            "doc1856716",
            "doc2152788",
            "doc1734885",
            "doc2340208",
            "doc1011244",
            "doc311712",
            "doc436416",
            "doc493418",
            "doc1928141",
            "doc2074654",
            "doc2104635",
            "doc157470",
            "doc2372850",
            "doc2083378",
            "doc908431",
            "doc1668445",
            "doc409610",
            "doc2152787",
            "doc681095",
            "doc1538873",
            "doc276961"
        ]
    ],
    "all_sim_scores": [
        [
            0.7034265995025635,
            0.5061322450637817,
            0.37623128294944763,
            0.36302584409713745,
            0.3351772427558899,
            0.3351552486419678,
            0.33376002311706543,
            0.325242280960083,
            0.315937876701355,
            0.31127530336380005,
            0.3060741126537323,
            0.2975004315376282,
            0.2952216565608978,
            0.2893817722797394,
            0.2892724275588989,
            0.2873152792453766,
            0.28631794452667236,
            0.2822991609573364,
            0.2745515704154968,
            0.27106404304504395,
            0.2695566415786743,
            0.26401466131210327,
            0.26174551248550415,
            0.25593623518943787,
            0.2551739513874054,
            0.25142648816108704,
            0.25082141160964966,
            0.24965360760688782,
            0.2461405098438263,
            0.24597230553627014,
            0.24460454285144806,
            0.24354548752307892,
            0.24182412028312683,
            0.24161815643310547,
            0.23906844854354858,
            0.23867791891098022,
            0.2378941774368286,
            0.23395633697509766,
            0.23381347954273224,
            0.23332445323467255,
            0.23283961415290833,
            0.23263466358184814,
            0.23109839856624603,
            0.229506716132164,
            0.227579265832901,
            0.2270182967185974,
            0.22656963765621185,
            0.22521747648715973,
            0.2206670194864273,
            0.2199588418006897,
            0.21972645819187164,
            0.21954844892024994,
            0.21936136484146118,
            0.21713009476661682,
            0.21712708473205566,
            0.21684585511684418,
            0.216729536652565,
            0.21572062373161316,
            0.2155933678150177,
            0.21491768956184387
        ]
    ],
    "last_action_method": "return_last_retrieved_list",
    "curr_top_k_docIDs": [
        "doc61183",
        "doc187479",
        "doc2018912",
        "doc2521412",
        "doc1894990",
        "doc569140",
        "doc1898590",
        "doc2165376",
        "doc676937",
        "doc1168818",
        "doc1148851",
        "doc1342156",
        "doc813035",
        "doc1002306",
        "doc346919",
        "doc186448",
        "doc439165",
        "doc587352",
        "doc2205838",
        "doc2337878",
        "doc2000293",
        "doc2185245",
        "doc187458",
        "doc1588570",
        "doc930181",
        "doc2305547",
        "doc610170",
        "doc1326033",
        "doc92641",
        "doc1602236",
        "doc1548413",
        "doc5120",
        "doc1521521",
        "doc838924",
        "doc1273606",
        "doc1103399",
        "doc2160308",
        "doc2214526",
        "doc637543",
        "doc1856716",
        "doc2152788",
        "doc1734885",
        "doc2340208",
        "doc1011244",
        "doc311712",
        "doc436416",
        "doc493418",
        "doc1928141",
        "doc2074654",
        "doc2104635",
        "doc157470",
        "doc2372850",
        "doc2083378",
        "doc908431",
        "doc1668445",
        "doc409610",
        "doc2152787",
        "doc681095",
        "doc1538873",
        "doc276961"
    ],
    "terminate": true,
    "state_history": [
        {
            "queries": [
                "how many models are there in iphone 6"
            ],
            "iteration": 0
        },
        {
            "queries": [
                "how many models are there in iphone 6"
            ],
            "iteration": 0,
            "retrieved_lists": [
                [
                    "doc61183",
                    "doc187479",
                    "doc2018912",
                    "doc2521412",
                    "doc1894990",
                    "doc569140",
                    "doc1898590",
                    "doc2165376",
                    "doc676937",
                    "doc1168818",
                    "doc1148851",
                    "doc1342156",
                    "doc813035",
                    "doc1002306",
                    "doc346919",
                    "doc186448",
                    "doc439165",
                    "doc587352",
                    "doc2205838",
                    "doc2337878",
                    "doc2000293",
                    "doc2185245",
                    "doc187458",
                    "doc1588570",
                    "doc930181",
                    "doc2305547",
                    "doc610170",
                    "doc1326033",
                    "doc92641",
                    "doc1602236",
                    "doc1548413",
                    "doc5120",
                    "doc1521521",
                    "doc838924",
                    "doc1273606",
                    "doc1103399",
                    "doc2160308",
                    "doc2214526",
                    "doc637543",
                    "doc1856716",
                    "doc2152788",
                    "doc1734885",
                    "doc2340208",
                    "doc1011244",
                    "doc311712",
                    "doc436416",
                    "doc493418",
                    "doc1928141",
                    "doc2074654",
                    "doc2104635",
                    "doc157470",
                    "doc2372850",
                    "doc2083378",
                    "doc908431",
                    "doc1668445",
                    "doc409610",
                    "doc2152787",
                    "doc681095",
                    "doc1538873",
                    "doc276961"
                ]
            ],