{
    "queries": [
        "Best cities to visit for cultural experiences"
    ],
    "iteration": 0,
    "retrieved_lists": [
        [
            "283",
            "428",
            "320",
            "497",
            "82",
            "59",
            "407",
            "490",
            "63",
            "237"
        ]
    ],
    "all_sim_scores": [
        [
            0.41194480657577515,
            0.4090290367603302,
            0.3966280221939087,
            0.391851544380188,
            0.3861173391342163,
            0.3860538601875305,
            0.3855700194835663,
            0.38222748041152954,
            0.3784886300563812,
            0.37827759981155396
        ]
    ],
    "last_action_method": "return_last_retrieved_list",
    "curr_top_k_docIDs": [
        "283",
        "428",
        "320",
        "497",
        "82",
        "59",
        "407",
        "490",
        "63",
        "237"
    ],
    "terminate": true,
    "state_history": [
        {
            "queries": [
                "Best cities to visit for cultural experiences"
            ],
            "iteration": 0
        },
        {
            "queries": [
                "Best cities to visit for cultural experiences"
            ],
            "iteration": 0,
            "retrieved_lists": [
                [
                    "283",
                    "428",
                    "320",
                    "497",
                    "82",
                    "59",
                    "407",
                    "490",
                    "63",
                    "237"
                ]
            ],
            "all_sim_scores": [
                [
                    0.41194480657577515,
                    0.4090290367603302,
                    0.3966280221939087,
                    0.391851544380188,
                    0.3861173391342163,
                    0.3860538601875305,
                    0.3855700194835663,
                    0.38222748041152954,
                    0.3784886300563812,
                    0.37827759981155396
                ]
            ],
            "last_action_method": "rank"
        },
        {
            "queries": [
                "Best cities to visit for cultural experiences"
            ],
            "iteration": 0,
            "retrieved_lists": [
                [
                    "283",
                    "428",
                    "320",
                    "497",
                    "82",
                    "59",
                    "407",
                    "490",
                    "63",
                    "237"
                ]
            ],
            "all_sim_scores": [
                [
                    0.41194480657577515,
                    0.4090290367603302,
                    0.3966280221939087,
                    0.391851544380188,
                    0.3861173391342163,
                    0.3860538601875305,
                    0.3855700194835663,
                    0.38222748041152954,
                    0.3784886300563812,
                    0.37827759981155396
                ]
            ],
            "last_action_method": "return_last_retrieved_list",
            "curr_top_k_docIDs": [
                "283",
                "428",
                "320",
                "497",
                "82",
                "59",
                "407",
                "490",
                "63",
                "237"
            ],
            "terminate": true
        }
    ]
}