{
    "queries": [
        "how much were the actors in the office paid"
    ],
    "iteration": 0,
    "retrieved_lists": [
        [
            "doc67411",
            "doc1304739",
            "doc1047955",
            "doc142458",
            "doc1047948",
            "doc2251604",
            "doc857953",
            "doc2093566",
            "doc645159",
            "doc1304741",
            "doc2171236",
            "doc1106450",
            "doc2376597",
            "doc1320343",
            "doc657488",
            "doc1148136",
            "doc2180660",
            "doc2668614",
            "doc1477312",
            "doc1436736",
            "doc913476",
            "doc1501329",
            "doc724074",
            "doc1099282",
            "doc2314282",
            "doc2592812",
            "doc2667148",
            "doc562723",
            "doc1461500",
            "doc2025974",
            "doc548822",
            "doc2369110",
            "doc392007",
            "doc2298302",
            "doc2091165",
            "doc1123481",
            "doc86427",
            "doc301611",
            "doc2667069",
            "doc2649678",
            "doc2639970",
            "doc1812871",
            "doc326905",
            "doc176853",
            "doc743307",
            "doc1502361",
            "doc2060794",
            "doc768522",
            "doc2615643",
            "doc2128908",
            "doc761288",
            "doc1953742",
            "doc462580",
            "doc337471",
            "doc1800185",
            "doc1716951",
            "doc1327600",
            "doc1183371",
            "doc2131919",
            "doc1924189"
        ]
    ],
    "all_sim_scores": [
        [
            0.7475898265838623,
            0.5195149183273315,
            0.4998442828655243,
            0.4861604571342468,
            0.45237886905670166,
            0.42650431394577026,
            0.38208621740341187,
            0.3765494227409363,
            0.37231507897377014,
            0.36488664150238037,
            0.3505767583847046,
            0.34772831201553345,
            0.3468356132507324,
            0.3397497832775116,
            0.3344022035598755,
            0.33075958490371704,
            0.32978206872940063,
            0.3256051242351532,
            0.32503002882003784,
            0.316184401512146,
            0.3155853748321533,
            0.3149804174900055,
            0.31440287828445435,
            0.3132133185863495,
            0.31313344836235046,
            0.3126044273376465,
            0.3101217746734619,
            0.30973657965660095,
            0.30816686153411865,
            0.30676329135894775,
            0.30578887462615967,
            0.3046877384185791,
            0.30298736691474915,
            0.2999911904335022,
            0.29902467131614685,
            0.29774320125579834,
            0.2967456579208374,
            0.2951834797859192,
            0.29512104392051697,
            0.29501816630363464,
            0.2942054271697998,
            0.28977644443511963,
            0.2896813154220581,
            0.2889370024204254,
            0.2871779799461365,
            0.2870250940322876,
            0.28699663281440735,
            0.2869023084640503,
            0.28604936599731445,
            0.28577354550361633,
            0.2854551672935486,
            0.284161239862442,
            0.28048133850097656,
            0.28044062852859497,
            0.2794857621192932,
            0.27921736240386963,
            0.2777498960494995,
            0.27730250358581543,
            0.2768149971961975,
            0.2761395573616028
        ]
    ],
    "last_action_method": "return_last_retrieved_list",
    "curr_top_k_docIDs": [
        "doc67411",
        "doc1304739",
        "doc1047955",
        "doc142458",
        "doc1047948",
        "doc2251604",
        "doc857953",
        "doc2093566",
        "doc645159",
        "doc1304741",
        "doc2171236",
        "doc1106450",
        "doc2376597",
        "doc1320343",
        "doc657488",
        "doc1148136",
        "doc2180660",
        "doc2668614",
        "doc1477312",
        "doc1436736",
        "doc913476",
        "doc1501329",
        "doc724074",
        "doc1099282",
        "doc2314282",
        "doc2592812",
        "doc2667148",
        "doc562723",
        "doc1461500",
        "doc2025974",
        "doc548822",
        "doc2369110",
        "doc392007",
        "doc2298302",
        "doc2091165",
        "doc1123481",
        "doc86427",
        "doc301611",
        "doc2667069",
        "doc2649678",
        "doc2639970",
        "doc1812871",
        "doc326905",
        "doc176853",
        "doc743307",
        "doc1502361",
        "doc2060794",
        "doc768522",
        "doc2615643",
        "doc2128908",
        "doc761288",
        "doc1953742",
        "doc462580",
        "doc337471",
        "doc1800185",
        "doc1716951",
        "doc1327600",
        "doc1183371",
        "doc2131919",
        "doc1924189"
    ],
    "terminate": true,
    "state_history": [
        {
            "queries": [
                "how much were the actors in the office paid"
            ],
            "iteration": 0
        },
        {
            "queries": [
                "how much were the actors in the office paid"
            ],
            "iteration": 0,
            "retrieved_lists": [
                [
                    "doc67411",
                    "doc1304739",
                    "doc1047955",
                    "doc142458",
                    "doc1047948",
                    "doc2251604",
                    "doc857953",
                    "doc2093566",
                    "doc645159",
                    "doc1304741",
                    "doc2171236",
                    "doc1106450",
                    "doc2376597",
                    "doc1320343",
                    "doc657488",
                    "doc1148136",
                    "doc2180660",
                    "doc2668614",
                    "doc1477312",
                    "doc1436736",
                    "doc913476",
                    "doc1501329",
                    "doc724074",
                    "doc1099282",
                    "doc2314282",
                    "doc2592812",
                    "doc2667148",
                    "doc562723",
                    "doc1461500",
                    "doc2025974",
                    "doc548822",
                    "doc2369110",
                    "doc392007",
                    "doc2298302",
                    "doc2091165",
                    "doc1123481",
                    "doc86427",
                    "doc301611",
                    "doc2667069",
                    "doc2649678",
                    "doc2639970",
                    "doc1812871",
                    "doc326905",
                    "doc176853",
                    "doc743307",
                    "doc1502361",
                    "doc2060794",
                    "doc768522",
                    "doc2615643",
                    "doc2128908",
                    "doc761288",
                    "doc1953742",
                    "doc462580",
                    "doc337471",
                    "doc1800185",
                    "doc1716951",
                    "doc1327600",
                    "doc1183371",
                    "doc2131919",
                    "doc1924189"
                ]
            ],