{
    "queries": [
        "Cities for art lovers"
    ],
    "iteration": 0,
    "retrieved_lists": [
        [
            "520",
            "65",
            "492",
            "378",
            "560",
            "22",
            "245",
            "352",
            "168",
            "82"
        ]
    ],
    "all_sim_scores": [
        [
            0.6533026695251465,
            0.6460141539573669,
            0.6425601243972778,
            0.6397098898887634,
            0.6338497400283813,
            0.6309101581573486,
            0.6266629695892334,
            0.6259210705757141,
            0.6250632405281067,
            0.6245977878570557
        ]
    ],
    "last_action_method": "return_last_retrieved_list",
    "curr_top_k_docIDs": [
        "520",
        "65",
        "492",
        "378",
        "560",
        "22",
        "245",
        "352",
        "168",
        "82"
    ],
    "terminate": true,
    "state_history": [
        {
            "queries": [
                "Cities for art lovers"
            ],
            "iteration": 0
        },
        {
            "queries": [
                "Cities for art lovers"
            ],
            "iteration": 0,
            "retrieved_lists": [
                [
                    "520",
                    "65",
                    "492",
                    "378",
                    "560",
                    "22",
                    "245",
                    "352",
                    "168",
                    "82"
                ]
            ],
            "all_sim_scores": [
                [
                    0.6533026695251465,
                    0.6460141539573669,
                    0.6425601243972778,
                    0.6397098898887634,
                    0.6338497400283813,
                    0.6309101581573486,
                    0.6266629695892334,
                    0.6259210705757141,
                    0.6250632405281067,
                    0.6245977878570557
                ]
            ],
            "last_action_method": "rank"
        },
        {
            "queries": [
                "Cities for art lovers"
            ],
            "iteration": 0,
            "retrieved_lists": [
                [
                    "520",
                    "65",
                    "492",
                    "378",
                    "560",
                    "22",
                    "245",
                    "352",
                    "168",
                    "82"
                ]
            ],
            "all_sim_scores": [
                [
                    0.6533026695251465,
                    0.6460141539573669,
                    0.6425601243972778,
                    0.6397098898887634,
                    0.6338497400283813,
                    0.6309101581573486,
                    0.6266629695892334,
                    0.6259210705757141,
                    0.6250632405281067,
                    0.6245977878570557
                ]
            ],
            "last_action_method": "return_last_retrieved_list",
            "curr_top_k_docIDs": [
                "520",
                "65",
                "492",
                "378",
                "560",
                "22",
                "245",
                "352",
                "168",
                "82"
            ],
            "terminate": true
        }
    ]
}