{
    "queries": [
        "Perfect cities for introverts"
    ],
    "iteration": 0,
    "retrieved_lists": [
        [
            "320",
            "199",
            "400",
            "497",
            "283",
            "490",
            "105",
            "343",
            "22",
            "543",
            "180",
            "145",
            "131",
            "74",
            "121",
            "249",
            "280",
            "319",
            "70",
            "450",
            "368",
            "457",
            "92",
            "520",
            "93",
            "310",
            "245",
            "67",
            "204",
            "492",
            "338",
            "332",
            "233",
            "425",
            "102",
            "96",
            "46",
            "300",
            "63",
            "397",
            "392",
            "339",
            "330",
            "251",
            "352",
            "334",
            "342",
            "43",
            "42",
            "315",
            "295",
            "59",
            "428",
            "1",
            "125",
            "110",
            "51",
            "222",
            "226",
            "107"
        ]
    ],
    "all_sim_scores": [
        [
            0.43865320086479187,
            0.43185871839523315,
            0.4182116389274597,
            0.41158854961395264,
            0.3946506083011627,
            0.3905995488166809,
            0.3883037567138672,
            0.3863222897052765,
            0.3801672160625458,
            0.3793535828590393,
            0.37888413667678833,
            0.377485990524292,
            0.3762570023536682,
            0.37178468704223633,
            0.37149298191070557,
            0.37025895714759827,
            0.36813849210739136,
            0.3681185245513916,
            0.36736011505126953,
            0.36353278160095215,
            0.363172322511673,
            0.3621799945831299,
            0.36156901717185974,
            0.36021679639816284,
            0.359727680683136,
            0.3594668209552765,
            0.3577914237976074,
            0.35691604018211365,
            0.3562392592430115,
            0.35513579845428467,
            0.3551098108291626,
            0.3542637825012207,
            0.3535999059677124,
            0.35313329100608826,
            0.3511240482330322,
            0.3511199951171875,
            0.3492448925971985,
            0.34880584478378296,
            0.3485230803489685,
            0.34800976514816284,
            0.34723979234695435,
            0.34693431854248047,
            0.34635061025619507,
            0.34617453813552856,
            0.3456264138221741,
            0.34525179862976074,
            0.34357696771621704,
            0.3415798246860504,
            0.34132060408592224,
            0.34119001030921936,
            0.33945488929748535,
            0.33937186002731323,
            0.33879390358924866,
            0.33780205249786377,
            0.3375570476055145,
            0.33363839983940125,
            0.33252209424972534,
            0.3323468863964081,
            0.33186888694763184,
            0.3311111330986023
        ]
    ],
    "last_action_method": "return_last_retrieved_list",
    "curr_top_k_docIDs": [
        "320",
        "199",
        "400",
        "497",
        "283",
        "490",
        "105",
        "343",
        "22",
        "543",
        "180",
        "145",
        "131",
        "74",
        "121",
        "249",
        "280",
        "319",
        "70",
        "450",
        "368",
        "457",
        "92",
        "520",
        "93",
        "310",
        "245",
        "67",
        "204",
        "492",
        "338",
        "332",
        "233",
        "425",
        "102",
        "96",
        "46",
        "300",
        "63",
        "397",
        "392",
        "339",
        "330",
        "251",
        "352",
        "334",
        "342",
        "43",
        "42",
        "315",
        "295",
        "59",
        "428",
        "1",
        "125",
        "110",
        "51",
        "222",
        "226",
        "107"
    ],
    "terminate": true,
    "state_history": [
        {
            "queries": [
                "Perfect cities for introverts"
            ],
            "iteration": 0
        },
        {
            "queries": [
                "Perfect cities for introverts"
            ],
            "iteration": 0,
            "retrieved_lists": [
                [
                    "320",
                    "199",
                    "400",
                    "497",
                    "283",
                    "490",
                    "105",
                    "343",
                    "22",
                    "543",
                    "180",
                    "145",
                    "131",
                    "74",
                    "121",
                    "249",
                    "280",
                    "319",
                    "70",
                    "450",
                    "368",
                    "457",
                    "92",
                    "520",
                    "93",
                    "310",
                    "245",
                    "67",
                    "204",
                    "492",
                    "338",
                    "332",
                    "233",
                    "425",
                    "102",
                    "96",
                    "46",
                    "300",
                    "63",
                    "397",
                    "392",
                    "339",
                    "330",
                    "251",
                    "352",
                    "334",
                    "342",
                    "43",
                    "42",
                    "315",
                    "295",
                    "59",
                    "428",
                    "1",
                    "125",
                    "110",
                    "51",
                    "222",
                    "226",
                    "107"
                ]
            ],