{
    "queries": [
        "where does the expression go commando come from"
    ],
    "iteration": 0,
    "retrieved_lists": [
        [
            "doc11255",
            "doc1788576",
            "doc1758858",
            "doc1564139",
            "doc2178938",
            "doc1973231",
            "doc317127",
            "doc2059102",
            "doc643973",
            "doc833606",
            "doc1432552",
            "doc607489",
            "doc2481251",
            "doc1779216",
            "doc2048482",
            "doc388537",
            "doc543903",
            "doc1751692",
            "doc1499034",
            "doc1345615",
            "doc652229",
            "doc2256484",
            "doc472196",
            "doc327640",
            "doc1346383",
            "doc2379041",
            "doc737739",
            "doc526868",
            "doc1794545",
            "doc2476239",
            "doc1180932",
            "doc1025548",
            "doc2564510",
            "doc1079717",
            "doc671016",
            "doc1754819",
            "doc2207887",
            "doc1141655",
            "doc2395222",
            "doc743284",
            "doc2607737",
            "doc169267",
            "doc955246",
            "doc2010173",
            "doc792414",
            "doc2677340",
            "doc2083635",
            "doc799464",
            "doc2629373",
            "doc1652523",
            "doc456508",
            "doc514228",
            "doc1121808",
            "doc676761",
            "doc2451186",
            "doc93078",
            "doc2560128",
            "doc695496",
            "doc1238701",
            "doc204894"
        ]
    ],
    "all_sim_scores": [
        [
            0.6386275291442871,
            0.3677407205104828,
            0.341175377368927,
            0.3334190845489502,
            0.3258626461029053,
            0.3210549056529999,
            0.31697559356689453,
            0.30282849073410034,
            0.3018229305744171,
            0.2938263714313507,
            0.2917267680168152,
            0.28921762108802795,
            0.28596583008766174,
            0.28451597690582275,
            0.2837750017642975,
            0.28129318356513977,
            0.2798837423324585,
            0.2781200408935547,
            0.2774571180343628,
            0.2758585512638092,
            0.2724229693412781,
            0.271690309047699,
            0.271687775850296,
            0.2711807191371918,
            0.2705569267272949,
            0.27040255069732666,
            0.26629966497421265,
            0.26610472798347473,
            0.26139938831329346,
            0.2602035701274872,
            0.2593763470649719,
            0.25933292508125305,
            0.25828954577445984,
            0.25800007581710815,
            0.2579399347305298,
            0.2569812536239624,
            0.2560020387172699,
            0.25587379932403564,
            0.25368398427963257,
            0.2530866265296936,
            0.2530379891395569,
            0.2501378655433655,
            0.24962298572063446,
            0.24790921807289124,
            0.24709686636924744,
            0.24534699320793152,
            0.24492761492729187,
            0.24350571632385254,
            0.24231088161468506,
            0.2420330047607422,
            0.2401510626077652,
            0.23957695066928864,
            0.23853236436843872,
            0.2364417016506195,
            0.23619839549064636,
            0.2359980046749115,
            0.23563307523727417,
            0.23555508255958557,
            0.23534095287322998,
            0.2351856827735901
        ]
    ],
    "last_action_method": "return_last_retrieved_list",
    "curr_top_k_docIDs": [
        "doc11255",
        "doc1788576",
        "doc1758858",
        "doc1564139",
        "doc2178938",
        "doc1973231",
        "doc317127",
        "doc2059102",
        "doc643973",
        "doc833606",
        "doc1432552",
        "doc607489",
        "doc2481251",
        "doc1779216",
        "doc2048482",
        "doc388537",
        "doc543903",
        "doc1751692",
        "doc1499034",
        "doc1345615",
        "doc652229",
        "doc2256484",
        "doc472196",
        "doc327640",
        "doc1346383",
        "doc2379041",
        "doc737739",
        "doc526868",
        "doc1794545",
        "doc2476239",
        "doc1180932",
        "doc1025548",
        "doc2564510",
        "doc1079717",
        "doc671016",
        "doc1754819",
        "doc2207887",
        "doc1141655",
        "doc2395222",
        "doc743284",
        "doc2607737",
        "doc169267",
        "doc955246",
        "doc2010173",
        "doc792414",
        "doc2677340",
        "doc2083635",
        "doc799464",
        "doc2629373",
        "doc1652523",
        "doc456508",
        "doc514228",
        "doc1121808",
        "doc676761",
        "doc2451186",
        "doc93078",
        "doc2560128",
        "doc695496",
        "doc1238701",
        "doc204894"
    ],
    "terminate": true,
    "state_history": [
        {
            "queries": [
                "where does the expression go commando come from"
            ],
            "iteration": 0
        },
        {
            "queries": [
                "where does the expression go commando come from"
            ],
            "iteration": 0,
            "retrieved_lists": [
                [
                    "doc11255",
                    "doc1788576",
                    "doc1758858",
                    "doc1564139",
                    "doc2178938",
                    "doc1973231",
                    "doc317127",
                    "doc2059102",
                    "doc643973",
                    "doc833606",
                    "doc1432552",
                    "doc607489",
                    "doc2481251",
                    "doc1779216",
                    "doc2048482",
                    "doc388537",
                    "doc543903",
                    "doc1751692",
                    "doc1499034",
                    "doc1345615",
                    "doc652229",
                    "doc2256484",
                    "doc472196",
                    "doc327640",
                    "doc1346383",
                    "doc2379041",
                    "doc737739",
                    "doc526868",
                    "doc1794545",
                    "doc2476239",
                    "doc1180932",
                    "doc1025548",
                    "doc2564510",
                    "doc1079717",
                    "doc671016",
                    "doc1754819",
                    "doc2207887",
                    "doc1141655",
                    "doc2395222",
                    "doc743284",
                    "doc2607737",
                    "doc169267",
                    "doc955246",
                    "doc2010173",
                    "doc792414",
                    "doc2677340",
                    "doc2083635",
                    "doc799464",
                    "doc2629373",
                    "doc1652523",
                    "doc456508",
                    "doc514228",
                    "doc1121808",
                    "doc676761",
                    "doc2451186",
                    "doc93078",
                    "doc2560128",
                    "doc695496",
                    "doc1238701",
                    "doc204894"
                ]
            ],