{
    "queries": [
        "how many house of representative do we have in nigeria"
    ],
    "iteration": 0,
    "retrieved_lists": [
        [
            "doc94704",
            "doc94703",
            "doc1167474",
            "doc2244124",
            "doc1529788",
            "doc1585670",
            "doc2378903",
            "doc1611305",
            "doc1625282",
            "doc1891601",
            "doc541087",
            "doc175346",
            "doc1615476",
            "doc353111",
            "doc970377",
            "doc2406819",
            "doc1529784",
            "doc16308",
            "doc207470",
            "doc1379748",
            "doc541096",
            "doc766824",
            "doc2406831",
            "doc25722",
            "doc2674813",
            "doc1674231",
            "doc1019833",
            "doc1357730",
            "doc1674239",
            "doc483609",
            "doc1718414",
            "doc1223481",
            "doc1891594",
            "doc640492",
            "doc718946",
            "doc1019860",
            "doc38665",
            "doc383415",
            "doc1632272",
            "doc215055",
            "doc483664",
            "doc640441",
            "doc1605366",
            "doc2410796",
            "doc1462756",
            "doc640539",
            "doc1241535",
            "doc541091",
            "doc2679206",
            "doc874498",
            "doc640510",
            "doc2248828",
            "doc1398368",
            "doc1748479",
            "doc799186",
            "doc2241180",
            "doc640558",
            "doc851806",
            "doc1241550",
            "doc807587"
        ]
    ],
    "all_sim_scores": [
        [
            0.8447368144989014,
            0.7685785293579102,
            0.5656688213348389,
            0.5474451780319214,
            0.5176222324371338,
            0.5076742172241211,
            0.5014225244522095,
            0.4979950487613678,
            0.4863553047180176,
            0.4797382354736328,
            0.4766794443130493,
            0.46810823678970337,
            0.46157947182655334,
            0.4587836265563965,
            0.4566965103149414,
            0.45658278465270996,
            0.4563462734222412,
            0.45544928312301636,
            0.4545018970966339,
            0.4522019624710083,
            0.4517747461795807,
            0.4507122039794922,
            0.4468667507171631,
            0.4429892301559448,
            0.441952645778656,
            0.44163739681243896,
            0.4388037323951721,
            0.43425464630126953,
            0.43055880069732666,
            0.43047958612442017,
            0.4280550479888916,
            0.42802315950393677,
            0.42638111114501953,
            0.42440900206565857,
            0.42185088992118835,
            0.4208548069000244,
            0.42054498195648193,
            0.4198961853981018,
            0.4185605049133301,
            0.41845703125,
            0.41783764958381653,
            0.417350172996521,
            0.41691428422927856,
            0.4162934124469757,
            0.41605159640312195,
            0.4155251383781433,
            0.4141552150249481,
            0.4122152030467987,
            0.4084733724594116,
            0.4077604413032532,
            0.4066765308380127,
            0.40422576665878296,
            0.4041922986507416,
            0.40383461117744446,
            0.4023146629333496,
            0.40214383602142334,
            0.4019310772418976,
            0.40028294920921326,
            0.4000730514526367,
            0.3977043926715851
        ]
    ],
    "last_action_method": "return_last_retrieved_list",
    "curr_top_k_docIDs": [
        "doc94704",
        "doc94703",
        "doc1167474",
        "doc2244124",
        "doc1529788",
        "doc1585670",
        "doc2378903",
        "doc1611305",
        "doc1625282",
        "doc1891601",
        "doc541087",
        "doc175346",
        "doc1615476",
        "doc353111",
        "doc970377",
        "doc2406819",
        "doc1529784",
        "doc16308",
        "doc207470",
        "doc1379748",
        "doc541096",
        "doc766824",
        "doc2406831",
        "doc25722",
        "doc2674813",
        "doc1674231",
        "doc1019833",
        "doc1357730",
        "doc1674239",
        "doc483609",
        "doc1718414",
        "doc1223481",
        "doc1891594",
        "doc640492",
        "doc718946",
        "doc1019860",
        "doc38665",
        "doc383415",
        "doc1632272",
        "doc215055",
        "doc483664",
        "doc640441",
        "doc1605366",
        "doc2410796",
        "doc1462756",
        "doc640539",
        "doc1241535",
        "doc541091",
        "doc2679206",
        "doc874498",
        "doc640510",
        "doc2248828",
        "doc1398368",
        "doc1748479",
        "doc799186",
        "doc2241180",
        "doc640558",
        "doc851806",
        "doc1241550",
        "doc807587"
    ],
    "terminate": true,
    "state_history": [
        {
            "queries": [
                "how many house of representative do we have in nigeria"
            ],
            "iteration": 0
        },
        {
            "queries": [
                "how many house of representative do we have in nigeria"
            ],
            "iteration": 0,
            "retrieved_lists": [
                [
                    "doc94704",
                    "doc94703",
                    "doc1167474",
                    "doc2244124",
                    "doc1529788",
                    "doc1585670",
                    "doc2378903",
                    "doc1611305",
                    "doc1625282",
                    "doc1891601",
                    "doc541087",
                    "doc175346",
                    "doc1615476",
                    "doc353111",
                    "doc970377",
                    "doc2406819",
                    "doc1529784",
                    "doc16308",
                    "doc207470",
                    "doc1379748",
                    "doc541096",
                    "doc766824",
                    "doc2406831",
                    "doc25722",
                    "doc2674813",
                    "doc1674231",
                    "doc1019833",
                    "doc1357730",
                    "doc1674239",
                    "doc483609",
                    "doc1718414",
                    "doc1223481",
                    "doc1891594",
                    "doc640492",
                    "doc718946",
                    "doc1019860",
                    "doc38665",
                    "doc383415",
                    "doc1632272",
                    "doc215055",
                    "doc483664",
                    "doc640441",
                    "doc1605366",
                    "doc2410796",
                    "doc1462756",
                    "doc640539",
                    "doc1241535",
                    "doc541091",
                    "doc2679206",
                    "doc874498",
                    "doc640510",
                    "doc2248828",
                    "doc1398368",
                    "doc1748479",
                    "doc799186",
                    "doc2241180",
                    "doc640558",
                    "doc851806",
                    "doc1241550",
                    "doc807587"
                ]
            ],