{
    "queries": [
        "Cities for a rejuvenating retreat"
    ],
    "iteration": 0,
    "retrieved_lists": [
        [
            "199",
            "415",
            "497",
            "283",
            "481",
            "142",
            "418",
            "227",
            "368",
            "319",
            "58",
            "226",
            "347",
            "325",
            "24",
            "467",
            "543",
            "92",
            "520",
            "320",
            "400",
            "101",
            "338",
            "152",
            "295",
            "204",
            "482",
            "314",
            "407",
            "376",
            "143",
            "232",
            "356",
            "179",
            "63",
            "59",
            "352",
            "521",
            "555",
            "157",
            "177",
            "82",
            "530",
            "346",
            "332",
            "1",
            "392",
            "229",
            "42",
            "533",
            "96",
            "500",
            "193",
            "355",
            "450",
            "61",
            "546",
            "335",
            "18",
            "525"
        ]
    ],
    "all_sim_scores": [
        [
            0.4287641644477844,
            0.39009857177734375,
            0.3875117003917694,
            0.3714693486690521,
            0.3673168122768402,
            0.36698734760284424,
            0.3637002110481262,
            0.36004021763801575,
            0.3569399118423462,
            0.34560030698776245,
            0.34505313634872437,
            0.3426707983016968,
            0.3424840271472931,
            0.3382906913757324,
            0.336175799369812,
            0.33505523204803467,
            0.3346574306488037,
            0.3337063491344452,
            0.3319949507713318,
            0.33125197887420654,
            0.3288152813911438,
            0.3267965614795685,
            0.3262370228767395,
            0.32572054862976074,
            0.3255155682563782,
            0.32515090703964233,
            0.32510504126548767,
            0.3232812285423279,
            0.3230774402618408,
            0.3204777240753174,
            0.319852352142334,
            0.31978124380111694,
            0.31954947113990784,
            0.318043977022171,
            0.31757012009620667,
            0.3173776865005493,
            0.317012220621109,
            0.31687620282173157,
            0.31670862436294556,
            0.3162115812301636,
            0.31547534465789795,
            0.3152453303337097,
            0.3149537444114685,
            0.3149055242538452,
            0.3146798014640808,
            0.3138217031955719,
            0.313413143157959,
            0.3124021887779236,
            0.31186115741729736,
            0.3118216395378113,
            0.3115629255771637,
            0.31115812063217163,
            0.31044524908065796,
            0.3096901476383209,
            0.30900874733924866,
            0.3088566064834595,
            0.3088281750679016,
            0.3084011673927307,
            0.3080748915672302,
            0.3077005445957184
        ]
    ],
    "last_action_method": "return_last_retrieved_list",
    "curr_top_k_docIDs": [
        "199",
        "415",
        "497",
        "283",
        "481",
        "142",
        "418",
        "227",
        "368",
        "319",
        "58",
        "226",
        "347",
        "325",
        "24",
        "467",
        "543",
        "92",
        "520",
        "320",
        "400",
        "101",
        "338",
        "152",
        "295",
        "204",
        "482",
        "314",
        "407",
        "376",
        "143",
        "232",
        "356",
        "179",
        "63",
        "59",
        "352",
        "521",
        "555",
        "157",
        "177",
        "82",
        "530",
        "346",
        "332",
        "1",
        "392",
        "229",
        "42",
        "533",
        "96",
        "500",
        "193",
        "355",
        "450",
        "61",
        "546",
        "335",
        "18",
        "525"
    ],
    "terminate": true,
    "state_history": [
        {
            "queries": [
                "Cities for a rejuvenating retreat"
            ],
            "iteration": 0
        },
        {
            "queries": [
                "Cities for a rejuvenating retreat"
            ],
            "iteration": 0,
            "retrieved_lists": [
                [
                    "199",
                    "415",
                    "497",
                    "283",
                    "481",
                    "142",
                    "418",
                    "227",
                    "368",
                    "319",
                    "58",
                    "226",
                    "347",
                    "325",
                    "24",
                    "467",
                    "543",
                    "92",
                    "520",
                    "320",
                    "400",
                    "101",
                    "338",
                    "152",
                    "295",
                    "204",
                    "482",
                    "314",
                    "407",
                    "376",
                    "143",
                    "232",
                    "356",
                    "179",
                    "63",
                    "59",
                    "352",
                    "521",
                    "555",
                    "157",
                    "177",
                    "82",
                    "530",
                    "346",
                    "332",
                    "1",
                    "392",
                    "229",
                    "42",
                    "533",
                    "96",
                    "500",
                    "193",
                    "355",
                    "450",
                    "61",
                    "546",
                    "335",
                    "18",
                    "525"
                ]
            ],