{
    "queries": [
        "Budget friendly cities for travelers"
    ],
    "iteration": 0,
    "retrieved_lists": [
        [
            "497",
            "320",
            "338",
            "283",
            "63",
            "343",
            "199",
            "70",
            "92",
            "249"
        ]
    ],
    "all_sim_scores": [
        [
            0.38752761483192444,
            0.373016357421875,
            0.358791321516037,
            0.35665854811668396,
            0.3397066593170166,
            0.3309441804885864,
            0.3283199369907379,
            0.3275138735771179,
            0.3225148916244507,
            0.31940123438835144
        ]
    ],
    "last_action_method": "return_last_retrieved_list",
    "curr_top_k_docIDs": [
        "497",
        "320",
        "338",
        "283",
        "63",
        "343",
        "199",
        "70",
        "92",
        "249"
    ],
    "terminate": true,
    "state_history": [
        {
            "queries": [
                "Budget friendly cities for travelers"
            ],
            "iteration": 0
        },
        {
            "queries": [
                "Budget friendly cities for travelers"
            ],
            "iteration": 0,
            "retrieved_lists": [
                [
                    "497",
                    "320",
                    "338",
                    "283",
                    "63",
                    "343",
                    "199",
                    "70",
                    "92",
                    "249"
                ]
            ],
            "all_sim_scores": [
                [
                    0.38752761483192444,
                    0.373016357421875,
                    0.358791321516037,
                    0.35665854811668396,
                    0.3397066593170166,
                    0.3309441804885864,
                    0.3283199369907379,
                    0.3275138735771179,
                    0.3225148916244507,
                    0.31940123438835144
                ]
            ],
            "last_action_method": "rank"
        },
        {
            "queries": [
                "Budget friendly cities for travelers"
            ],
            "iteration": 0,
            "retrieved_lists": [
                [
                    "497",
                    "320",
                    "338",
                    "283",
                    "63",
                    "343",
                    "199",
                    "70",
                    "92",
                    "249"
                ]
            ],
            "all_sim_scores": [
                [
                    0.38752761483192444,
                    0.373016357421875,
                    0.358791321516037,
                    0.35665854811668396,
                    0.3397066593170166,
                    0.3309441804885864,
                    0.3283199369907379,
                    0.3275138735771179,
                    0.3225148916244507,
                    0.31940123438835144
                ]
            ],
            "last_action_method": "return_last_retrieved_list",
            "curr_top_k_docIDs": [
                "497",
                "320",
                "338",
                "283",
                "63",
                "343",
                "199",
                "70",
                "92",
                "249"
            ],
            "terminate": true
        }
    ]
}