{
    "queries": [
        "Great cities for solo travelers"
    ],
    "iteration": 0,
    "retrieved_lists": [
        [
            "352",
            "560",
            "53",
            "320",
            "120",
            "283",
            "520",
            "141",
            "168",
            "237"
        ]
    ],
    "all_sim_scores": [
        [
            0.6072578430175781,
            0.606606662273407,
            0.6002892255783081,
            0.5995926260948181,
            0.5981498956680298,
            0.5966724753379822,
            0.596588134765625,
            0.5952016115188599,
            0.5931550860404968,
            0.5925824046134949
        ]
    ],
    "last_action_method": "return_last_retrieved_list",
    "curr_top_k_docIDs": [
        "352",
        "560",
        "53",
        "320",
        "120",
        "283",
        "520",
        "141",
        "168",
        "237"
    ],
    "terminate": true,
    "state_history": [
        {
            "queries": [
                "Great cities for solo travelers"
            ],
            "iteration": 0
        },
        {
            "queries": [
                "Great cities for solo travelers"
            ],
            "iteration": 0,
            "retrieved_lists": [
                [
                    "352",
                    "560",
                    "53",
                    "320",
                    "120",
                    "283",
                    "520",
                    "141",
                    "168",
                    "237"
                ]
            ],
            "all_sim_scores": [
                [
                    0.6072578430175781,
                    0.606606662273407,
                    0.6002892255783081,
                    0.5995926260948181,
                    0.5981498956680298,
                    0.5966724753379822,
                    0.596588134765625,
                    0.5952016115188599,
                    0.5931550860404968,
                    0.5925824046134949
                ]
            ],
            "last_action_method": "rank"
        },
        {
            "queries": [
                "Great cities for solo travelers"
            ],
            "iteration": 0,
            "retrieved_lists": [
                [
                    "352",
                    "560",
                    "53",
                    "320",
                    "120",
                    "283",
                    "520",
                    "141",
                    "168",
                    "237"
                ]
            ],
            "all_sim_scores": [
                [
                    0.6072578430175781,
                    0.606606662273407,
                    0.6002892255783081,
                    0.5995926260948181,
                    0.5981498956680298,
                    0.5966724753379822,
                    0.596588134765625,
                    0.5952016115188599,
                    0.5931550860404968,
                    0.5925824046134949
                ]
            ],
            "last_action_method": "return_last_retrieved_list",
            "curr_top_k_docIDs": [
                "352",
                "560",
                "53",
                "320",
                "120",
                "283",
                "520",
                "141",
                "168",
                "237"
            ],
            "terminate": true
        }
    ]
}