{
    "queries": [
        "what does the application of contract of adhesion mean"
    ],
    "iteration": 0,
    "retrieved_lists": [
        [
            "doc41317",
            "doc1081838",
            "doc2195095",
            "doc1081832",
            "doc551100",
            "doc564986",
            "doc534661",
            "doc2144603",
            "doc1328204",
            "doc1884795",
            "doc1426204",
            "doc140412",
            "doc2649253",
            "doc222315",
            "doc1003487",
            "doc2303929",
            "doc2326267",
            "doc1138652",
            "doc1999057",
            "doc1884786",
            "doc1990910",
            "doc1391428",
            "doc215347",
            "doc1517773",
            "doc1749342",
            "doc2095056",
            "doc1743118",
            "doc203353",
            "doc270549",
            "doc564928",
            "doc1755519",
            "doc564865",
            "doc1316075",
            "doc1900088",
            "doc1391427",
            "doc2042952",
            "doc1476667",
            "doc2110044",
            "doc2585804",
            "doc1174813",
            "doc1747590",
            "doc564914",
            "doc1857080",
            "doc1915360",
            "doc1952350",
            "doc819890",
            "doc943233",
            "doc1246978",
            "doc1392595",
            "doc2435095",
            "doc2664776",
            "doc2555775",
            "doc610596",
            "doc2652297",
            "doc1166453",
            "doc580480",
            "doc1517781",
            "doc2316566",
            "doc2568331",
            "doc1301396"
        ]
    ],
    "all_sim_scores": [
        [
            0.44714194536209106,
            0.44097721576690674,
            0.4394042491912842,
            0.4387475848197937,
            0.4350842833518982,
            0.4003661274909973,
            0.396958589553833,
            0.39040127396583557,
            0.3899684250354767,
            0.38235461711883545,
            0.3807649612426758,
            0.37418314814567566,
            0.37056416273117065,
            0.3650311529636383,
            0.35768166184425354,
            0.35188186168670654,
            0.348329097032547,
            0.34713655710220337,
            0.3414548635482788,
            0.34048566222190857,
            0.34039145708084106,
            0.3393406867980957,
            0.3391342759132385,
            0.33634069561958313,
            0.3358446955680847,
            0.33420300483703613,
            0.3341941833496094,
            0.33340829610824585,
            0.3260681629180908,
            0.3258332312107086,
            0.32574644684791565,
            0.3238823115825653,
            0.3215198218822479,
            0.32110780477523804,
            0.3199462890625,
            0.3191269636154175,
            0.3183877468109131,
            0.31772953271865845,
            0.3175104260444641,
            0.3164398968219757,
            0.31624454259872437,
            0.31498610973358154,
            0.31425392627716064,
            0.31342417001724243,
            0.3103255033493042,
            0.30972880125045776,
            0.3078252673149109,
            0.30721068382263184,
            0.3052641451358795,
            0.30414021015167236,
            0.3037225604057312,
            0.30324119329452515,
            0.3025529980659485,
            0.30110201239585876,
            0.3007715344429016,
            0.3006903827190399,
            0.2995988130569458,
            0.2992149591445923,
            0.2987663149833679,
            0.29874032735824585
        ]
    ],
    "last_action_method": "return_last_retrieved_list",
    "curr_top_k_docIDs": [
        "doc41317",
        "doc1081838",
        "doc2195095",
        "doc1081832",
        "doc551100",
        "doc564986",
        "doc534661",
        "doc2144603",
        "doc1328204",
        "doc1884795",
        "doc1426204",
        "doc140412",
        "doc2649253",
        "doc222315",
        "doc1003487",
        "doc2303929",
        "doc2326267",
        "doc1138652",
        "doc1999057",
        "doc1884786",
        "doc1990910",
        "doc1391428",
        "doc215347",
        "doc1517773",
        "doc1749342",
        "doc2095056",
        "doc1743118",
        "doc203353",
        "doc270549",
        "doc564928",
        "doc1755519",
        "doc564865",
        "doc1316075",
        "doc1900088",
        "doc1391427",
        "doc2042952",
        "doc1476667",
        "doc2110044",
        "doc2585804",
        "doc1174813",
        "doc1747590",
        "doc564914",
        "doc1857080",
        "doc1915360",
        "doc1952350",
        "doc819890",
        "doc943233",
        "doc1246978",
        "doc1392595",
        "doc2435095",
        "doc2664776",
        "doc2555775",
        "doc610596",
        "doc2652297",
        "doc1166453",
        "doc580480",
        "doc1517781",
        "doc2316566",
        "doc2568331",
        "doc1301396"
    ],
    "terminate": true,
    "state_history": [
        {
            "queries": [
                "what does the application of contract of adhesion mean"
            ],
            "iteration": 0
        },
        {
            "queries": [
                "what does the application of contract of adhesion mean"
            ],
            "iteration": 0,
            "retrieved_lists": [
                [
                    "doc41317",
                    "doc1081838",
                    "doc2195095",
                    "doc1081832",
                    "doc551100",
                    "doc564986",
                    "doc534661",
                    "doc2144603",
                    "doc1328204",
                    "doc1884795",
                    "doc1426204",
                    "doc140412",
                    "doc2649253",
                    "doc222315",
                    "doc1003487",
                    "doc2303929",
                    "doc2326267",
                    "doc1138652",
                    "doc1999057",
                    "doc1884786",
                    "doc1990910",
                    "doc1391428",
                    "doc215347",
                    "doc1517773",
                    "doc1749342",
                    "doc2095056",
                    "doc1743118",
                    "doc203353",
                    "doc270549",
                    "doc564928",
                    "doc1755519",
                    "doc564865",
                    "doc1316075",
                    "doc1900088",
                    "doc1391427",
                    "doc2042952",
                    "doc1476667",
                    "doc2110044",
                    "doc2585804",
                    "doc1174813",
                    "doc1747590",
                    "doc564914",
                    "doc1857080",
                    "doc1915360",
                    "doc1952350",
                    "doc819890",
                    "doc943233",
                    "doc1246978",
                    "doc1392595",
                    "doc2435095",
                    "doc2664776",
                    "doc2555775",
                    "doc610596",
                    "doc2652297",
                    "doc1166453",
                    "doc580480",
                    "doc1517781",
                    "doc2316566",
                    "doc2568331",
                    "doc1301396"
                ]
            ],