{
    "queries": [
        "what does disk cleanup mean on a computer"
    ],
    "iteration": 0,
    "retrieved_lists": [
        [
            "doc111642",
            "doc2071585",
            "doc1947204",
            "doc1739291",
            "doc2387032",
            "doc748332",
            "doc2671011",
            "doc1019142",
            "doc1252249",
            "doc1019123",
            "doc1043468",
            "doc2628495",
            "doc2071577",
            "doc377489",
            "doc2387035",
            "doc845655",
            "doc2557174",
            "doc2649840",
            "doc611489",
            "doc1474730",
            "doc627897",
            "doc1965199",
            "doc1061787",
            "doc527688",
            "doc919832",
            "doc2307194",
            "doc2677913",
            "doc2016511",
            "doc2649853",
            "doc1575783",
            "doc1877470",
            "doc89353",
            "doc832065",
            "doc2297814",
            "doc1377678",
            "doc1172053",
            "doc2452378",
            "doc1245035",
            "doc103117",
            "doc2447903",
            "doc672889",
            "doc2116212",
            "doc1218667",
            "doc2168342",
            "doc574386",
            "doc1877481",
            "doc2474947",
            "doc1877480",
            "doc1990561",
            "doc2294397",
            "doc2195661",
            "doc1817302",
            "doc1729022",
            "doc2412992",
            "doc2671036",
            "doc2677902",
            "doc2194856",
            "doc2122108",
            "doc2422578",
            "doc2281822"
        ]
    ],
    "all_sim_scores": [
        [
            0.7722505331039429,
            0.5479564666748047,
            0.5167138576507568,
            0.48937439918518066,
            0.4796118438243866,
            0.46760985255241394,
            0.4584702253341675,
            0.4369882345199585,
            0.4327068626880646,
            0.4320625364780426,
            0.4253250062465668,
            0.4222906529903412,
            0.41999152302742004,
            0.41650840640068054,
            0.4158018231391907,
            0.41524338722229004,
            0.4078577160835266,
            0.4034542441368103,
            0.3884449005126953,
            0.3877474069595337,
            0.3865183889865875,
            0.38478153944015503,
            0.38076862692832947,
            0.3794567584991455,
            0.37836843729019165,
            0.3777974843978882,
            0.3762630522251129,
            0.3755088448524475,
            0.3746638000011444,
            0.37233680486679077,
            0.37133049964904785,
            0.3703618049621582,
            0.3700908422470093,
            0.3699471354484558,
            0.36986789107322693,
            0.36751484870910645,
            0.36279237270355225,
            0.3607722520828247,
            0.3601404130458832,
            0.3598671555519104,
            0.35733556747436523,
            0.3548738360404968,
            0.3540876507759094,
            0.3536422848701477,
            0.3526309132575989,
            0.35066860914230347,
            0.349597692489624,
            0.3495495319366455,
            0.34941163659095764,
            0.3490857779979706,
            0.348993182182312,
            0.3476523160934448,
            0.3471236526966095,
            0.34710368514060974,
            0.34639614820480347,
            0.3459641635417938,
            0.3452643156051636,
            0.3451009690761566,
            0.3445100784301758,
            0.34210431575775146
        ]
    ],
    "last_action_method": "return_last_retrieved_list",
    "curr_top_k_docIDs": [
        "doc111642",
        "doc2071585",
        "doc1947204",
        "doc1739291",
        "doc2387032",
        "doc748332",
        "doc2671011",
        "doc1019142",
        "doc1252249",
        "doc1019123",
        "doc1043468",
        "doc2628495",
        "doc2071577",
        "doc377489",
        "doc2387035",
        "doc845655",
        "doc2557174",
        "doc2649840",
        "doc611489",
        "doc1474730",
        "doc627897",
        "doc1965199",
        "doc1061787",
        "doc527688",
        "doc919832",
        "doc2307194",
        "doc2677913",
        "doc2016511",
        "doc2649853",
        "doc1575783",
        "doc1877470",
        "doc89353",
        "doc832065",
        "doc2297814",
        "doc1377678",
        "doc1172053",
        "doc2452378",
        "doc1245035",
        "doc103117",
        "doc2447903",
        "doc672889",
        "doc2116212",
        "doc1218667",
        "doc2168342",
        "doc574386",
        "doc1877481",
        "doc2474947",
        "doc1877480",
        "doc1990561",
        "doc2294397",
        "doc2195661",
        "doc1817302",
        "doc1729022",
        "doc2412992",
        "doc2671036",
        "doc2677902",
        "doc2194856",
        "doc2122108",
        "doc2422578",
        "doc2281822"
    ],
    "terminate": true,
    "state_history": [
        {
            "queries": [
                "what does disk cleanup mean on a computer"
            ],
            "iteration": 0
        },
        {
            "queries": [
                "what does disk cleanup mean on a computer"
            ],
            "iteration": 0,
            "retrieved_lists": [
                [
                    "doc111642",
                    "doc2071585",
                    "doc1947204",
                    "doc1739291",
                    "doc2387032",
                    "doc748332",
                    "doc2671011",
                    "doc1019142",
                    "doc1252249",
                    "doc1019123",
                    "doc1043468",
                    "doc2628495",
                    "doc2071577",
                    "doc377489",
                    "doc2387035",
                    "doc845655",
                    "doc2557174",
                    "doc2649840",
                    "doc611489",
                    "doc1474730",
                    "doc627897",
                    "doc1965199",
                    "doc1061787",
                    "doc527688",
                    "doc919832",
                    "doc2307194",
                    "doc2677913",
                    "doc2016511",
                    "doc2649853",
                    "doc1575783",
                    "doc1877470",
                    "doc89353",
                    "doc832065",
                    "doc2297814",
                    "doc1377678",
                    "doc1172053",
                    "doc2452378",
                    "doc1245035",
                    "doc103117",
                    "doc2447903",
                    "doc672889",
                    "doc2116212",
                    "doc1218667",
                    "doc2168342",
                    "doc574386",
                    "doc1877481",
                    "doc2474947",
                    "doc1877480",
                    "doc1990561",
                    "doc2294397",
                    "doc2195661",
                    "doc1817302",
                    "doc1729022",
                    "doc2412992",
                    "doc2671036",
                    "doc2677902",
                    "doc2194856",
                    "doc2122108",
                    "doc2422578",
                    "doc2281822"
                ]
            ],