{
    "queries": [
        "Best cities for an anniversary celebration"
    ],
    "iteration": 0,
    "retrieved_lists": [
        [
            "320",
            "105",
            "187",
            "109",
            "179",
            "392",
            "43",
            "251",
            "328",
            "352"
        ]
    ],
    "all_sim_scores": [
        [
            0.6375432014465332,
            0.6372793912887573,
            0.634628176689148,
            0.6304378509521484,
            0.6205064654350281,
            0.6203138828277588,
            0.6188947558403015,
            0.6166195273399353,
            0.6140947937965393,
            0.6131452322006226
        ]
    ],
    "last_action_method": "return_last_retrieved_list",
    "curr_top_k_docIDs": [
        "320",
        "105",
        "187",
        "109",
        "179",
        "392",
        "43",
        "251",
        "328",
        "352"
    ],
    "terminate": true,
    "state_history": [
        {
            "queries": [
                "Best cities for an anniversary celebration"
            ],
            "iteration": 0
        },
        {
            "queries": [
                "Best cities for an anniversary celebration"
            ],
            "iteration": 0,
            "retrieved_lists": [
                [
                    "320",
                    "105",
                    "187",
                    "109",
                    "179",
                    "392",
                    "43",
                    "251",
                    "328",
                    "352"
                ]
            ],
            "all_sim_scores": [
                [
                    0.6375432014465332,
                    0.6372793912887573,
                    0.634628176689148,
                    0.6304378509521484,
                    0.6205064654350281,
                    0.6203138828277588,
                    0.6188947558403015,
                    0.6166195273399353,
                    0.6140947937965393,
                    0.6131452322006226
                ]
            ],
            "last_action_method": "rank"
        },
        {
            "queries": [
                "Best cities for an anniversary celebration"
            ],
            "iteration": 0,
            "retrieved_lists": [
                [
                    "320",
                    "105",
                    "187",
                    "109",
                    "179",
                    "392",
                    "43",
                    "251",
                    "328",
                    "352"
                ]
            ],
            "all_sim_scores": [
                [
                    0.6375432014465332,
                    0.6372793912887573,
                    0.634628176689148,
                    0.6304378509521484,
                    0.6205064654350281,
                    0.6203138828277588,
                    0.6188947558403015,
                    0.6166195273399353,
                    0.6140947937965393,
                    0.6131452322006226
                ]
            ],
            "last_action_method": "return_last_retrieved_list",
            "curr_top_k_docIDs": [
                "320",
                "105",
                "187",
                "109",
                "179",
                "392",
                "43",
                "251",
                "328",
                "352"
            ],
            "terminate": true
        }
    ]
}