{
    "queries": [
        "Leading tech hub cities"
    ],
    "iteration": 0,
    "retrieved_lists": [
        [
            "400",
            "401",
            "251",
            "105",
            "352",
            "109",
            "120",
            "119",
            "43",
            "385",
            "320",
            "432",
            "52",
            "74",
            "492",
            "187",
            "121",
            "516",
            "423",
            "46",
            "349",
            "371",
            "78",
            "392",
            "71",
            "15",
            "328",
            "44",
            "478",
            "180"
        ]
    ],
    "all_sim_scores": [
        [
            0.6844599843025208,
            0.6801795959472656,
            0.6619842648506165,
            0.6594584584236145,
            0.6590887904167175,
            0.6516578197479248,
            0.6515474915504456,
            0.6496663093566895,
            0.649412214756012,
            0.6477396488189697,
            0.6476832628250122,
            0.6467833518981934,
            0.6441524624824524,
            0.6425397396087646,
            0.642024040222168,
            0.6407334804534912,
            0.6388843059539795,
            0.636481523513794,
            0.6361861228942871,
            0.6337575316429138,
            0.6334763765335083,
            0.6218040585517883,
            0.6200897693634033,
            0.6192888021469116,
            0.6186321973800659,
            0.6184903383255005,
            0.6175110936164856,
            0.6172254681587219,
            0.6168533563613892,
            0.6145070195198059
        ]
    ],
    "last_action_method": "check_max_q_reforms",
    "prompts": [
        "Return the best ordering of 10 of the document ids below given the query.\nFollow the output format example exactly and return only a python list of docIDs with exactly 10 IDs.\nDo not output city names.\n\nExample\n***\nQuery: tropical vacation destinations\n\nDocuments:\nDOCID: 1\t|\t TEXT: London\nDOCID: 4   |    TEXT: Cancun\nDOCID: 2456\t|\tTEXT: Myrtle Beach\n\nOutput: [\"4\", \"2456\", \"1\"]\n***\n\nInputs:\n***\nQuery: Leading tech hub cities\n\nDocuments:\n\nDOCID: 400\t|\tTEXT: San Francisco\n\nDOCID: 401\t|\tTEXT: San Jose (California)\n\nDOCID: 251\t|\tTEXT: Los Angeles\n\nDOCID: 105\t|\tTEXT: Chicago\n\nDOCID: 352\t|\tTEXT: Portland (Oregon)\n\nDOCID: 109\t|\tTEXT: Cleveland\n\nDOCID: 120\t|\tTEXT: Denver\n\nDOCID: 119\t|\tTEXT: Dallas\n\nDOCID: 43\t|\tTEXT: Atlanta\n\nDOCID: 385\t|\tTEXT: Sacramento\n\nDOCID: 320\t|\tTEXT: New York City\n\nDOCID: 432\t|\tTEXT: Shenzhen\n\nDOCID: 52\t|\tTEXT: Bangalore\n\nDOCID: 74\t|\tTEXT: Boston\n\nDOCID: 492\t|\tTEXT: Toronto\n\nDOCID: 187\t|\tTEXT: Indianapolis\n\nDOCID: 121\t|\tTEXT: Detroit\n\nDOCID: 516\t|\tTEXT: Vancouver\n\nDOCID: 423\t|\tTEXT: Seattle\n\nDOCID: 46\t|\tTEXT: Austin\n\nDOCID: 349\t|\tTEXT: Pittsburgh\n\nDOCID: 371\t|\tTEXT: Raleigh\n\nDOCID: 78\t|\tTEXT: Bristol\n\nDOCID: 392\t|\tTEXT: Salt Lake City\n\nDOCID: 71\t|\tTEXT: Boise\n\nDOCID: 15\t|\tTEXT: Albany (New York)\n\nDOCID: 328\t|\tTEXT: Oklahoma City\n\nDOCID: 44\t|\tTEXT: Auckland\n\nDOCID: 478\t|\tTEXT: Tel Aviv\n\nDOCID: 180\t|\tTEXT: Houston\n\n***\n\nOutput:"
    ],
    "responses": [
        "```python\n[\"400\", \"401\", \"423\", \"432\", \"52\", \"74\", \"492\", \"516\", \"46\", \"320\"]\n```\n"
    ],
    "curr_top_k_docIDs": [
        "400",
        "401",
        "423",
        "432",
        "52",
        "74",
        "492",
        "516",
        "46",
        "320"
    ],
    "terminate": true,
    "state_history": [
        {
            "queries": [
                "Leading tech hub cities"
            ],
            "iteration": 0
        },
        {
            "queries": [
                "Leading tech hub cities"
            ],
            "iteration": 0,
            "retrieved_lists": [
                [
                    "400",
                    "401",
                    "251",
                    "105",
                    "352",
                    "109",
                    "120",
                    "119",
                    "43",
                    "385",
                    "320",
                    "432",
                    "52",
                    "74",
                    "492",
                    "187",
                    "121",
                    "516",
                    "423",
                    "46",
                    "349",
                    "371",
                    "78",
                    "392",
                    "71",
                    "15",
                    "328",
                    "44",
                    "478",
                    "180"
                ]
            ],
            "all_sim_scores": [
                [
                    0.6844599843025208,
                    0.6801795959472656,
                    0.6619842648506165,
                    0.6594584584236145,
                    0.6590887904167175,
                    0.6516578197479248,
                    0.6515474915504456,
                    0.6496663093566895,
                    0.649412214756012,
                    0.6477396488189697,
                    0.6476832628250122,
                    0.6467833518981934,
                    0.6441524624824524,
                    0.6425397396087646,
                    0.642024040222168,
                    0.6407334804534912,
                    0.6388843059539795,
                    0.636481523513794,
                    0.6361861228942871,
                    0.6337575316429138,
                    0.6334763765335083,
                    0.6218040585517883,
                    0.6200897693634033,
                    0.6192888021469116,
                    0.6186321973800659,
                    0.6184903383255005,
                    0.6175110936164856,
                    0.6172254681587219,
                    0.6168533563613892,
                    0.6145070195198059
                ]
            ],
            "last_action_method": "rank"
        },
        {
            "queries": [
                "Leading tech hub cities"
            ],
            "iteration": 0,
            "retrieved_lists": [
                [
                    "400",
                    "401",
                    "251",
                    "105",
                    "352",
                    "109",
                    "120",
                    "119",
                    "43",
                    "385",
                    "320",
                    "432",
                    "52",
                    "74",
                    "492",
                    "187",
                    "121",
                    "516",
                    "423",
                    "46",
                    "349",
                    "371",
                    "78",
                    "392",
                    "71",
                    "15",
                    "328",
                    "44",
                    "478",
                    "180"
                ]
            ],