{
    "queries": [
        "magnetic brown eyeliner"
    ],
    "iteration": 0,
    "retrieved_lists": [
        [
            "9650",
            "586555",
            "689730",
            "331289",
            "939371",
            "232493",
            "1651576",
            "1456667",
            "979400",
            "864760"
        ]
    ],
    "all_sim_scores": [
        [
            0.8208104372024536,
            0.8174313306808472,
            0.8143693208694458,
            0.8109164834022522,
            0.8097566366195679,
            0.8001812696456909,
            0.7990394830703735,
            0.7836493253707886,
            0.7749529480934143,
            0.7731748819351196
        ]
    ],
    "last_action_method": "return_last_retrieved_list",
    "curr_top_k_docIDs": [
        "9650",
        "586555",
        "689730",
        "331289",
        "939371",
        "232493",
        "1651576",
        "1456667",
        "979400",
        "864760"
    ],
    "terminate": true,
    "state_history": [
        {
            "queries": [
                "magnetic brown eyeliner"
            ],
            "iteration": 0
        },
        {
            "queries": [
                "magnetic brown eyeliner"
            ],
            "iteration": 0,
            "retrieved_lists": [
                [
                    "9650",
                    "586555",
                    "689730",
                    "331289",
                    "939371",
                    "232493",
                    "1651576",
                    "1456667",
                    "979400",
                    "864760"
                ]
            ],
            "all_sim_scores": [
                [
                    0.8208104372024536,
                    0.8174313306808472,
                    0.8143693208694458,
                    0.8109164834022522,
                    0.8097566366195679,
                    0.8001812696456909,
                    0.7990394830703735,
                    0.7836493253707886,
                    0.7749529480934143,
                    0.7731748819351196
                ]
            ],
            "last_action_method": "rank"
        },
        {
            "queries": [
                "magnetic brown eyeliner"
            ],
            "iteration": 0,
            "retrieved_lists": [
                [
                    "9650",
                    "586555",
                    "689730",
                    "331289",
                    "939371",
                    "232493",
                    "1651576",
                    "1456667",
                    "979400",
                    "864760"
                ]
            ],
            "all_sim_scores": [
                [
                    0.8208104372024536,
                    0.8174313306808472,
                    0.8143693208694458,
                    0.8109164834022522,
                    0.8097566366195679,
                    0.8001812696456909,
                    0.7990394830703735,
                    0.7836493253707886,
                    0.7749529480934143,
                    0.7731748819351196
                ]
            ],
            "last_action_method": "return_last_retrieved_list",
            "curr_top_k_docIDs": [
                "9650",
                "586555",
                "689730",
                "331289",
                "939371",
                "232493",
                "1651576",
                "1456667",
                "979400",
                "864760"
            ],
            "terminate": true
        }
    ]
}