{
    "queries": [
        "Top cities for leisurely strolls"
    ],
    "iteration": 0,
    "retrieved_lists": [
        [
            "497",
            "320",
            "96",
            "131",
            "409",
            "283",
            "249",
            "543",
            "199",
            "188"
        ]
    ],
    "all_sim_scores": [
        [
            0.4873908758163452,
            0.3902600407600403,
            0.37327173352241516,
            0.3655794858932495,
            0.3638666272163391,
            0.36328303813934326,
            0.36112678050994873,
            0.35432368516921997,
            0.35388433933258057,
            0.353122353553772
        ]
    ],
    "last_action_method": "return_last_retrieved_list",
    "curr_top_k_docIDs": [
        "497",
        "320",
        "96",
        "131",
        "409",
        "283",
        "249",
        "543",
        "199",
        "188"
    ],
    "terminate": true,
    "state_history": [
        {
            "queries": [
                "Top cities for leisurely strolls"
            ],
            "iteration": 0
        },
        {
            "queries": [
                "Top cities for leisurely strolls"
            ],
            "iteration": 0,
            "retrieved_lists": [
                [
                    "497",
                    "320",
                    "96",
                    "131",
                    "409",
                    "283",
                    "249",
                    "543",
                    "199",
                    "188"
                ]
            ],
            "all_sim_scores": [
                [
                    0.4873908758163452,
                    0.3902600407600403,
                    0.37327173352241516,
                    0.3655794858932495,
                    0.3638666272163391,
                    0.36328303813934326,
                    0.36112678050994873,
                    0.35432368516921997,
                    0.35388433933258057,
                    0.353122353553772
                ]
            ],
            "last_action_method": "rank"
        },
        {
            "queries": [
                "Top cities for leisurely strolls"
            ],
            "iteration": 0,
            "retrieved_lists": [
                [
                    "497",
                    "320",
                    "96",
                    "131",
                    "409",
                    "283",
                    "249",
                    "543",
                    "199",
                    "188"
                ]
            ],
            "all_sim_scores": [
                [
                    0.4873908758163452,
                    0.3902600407600403,
                    0.37327173352241516,
                    0.3655794858932495,
                    0.3638666272163391,
                    0.36328303813934326,
                    0.36112678050994873,
                    0.35432368516921997,
                    0.35388433933258057,
                    0.353122353553772
                ]
            ],
            "last_action_method": "return_last_retrieved_list",
            "curr_top_k_docIDs": [
                "497",
                "320",
                "96",
                "131",
                "409",
                "283",
                "249",
                "543",
                "199",
                "188"
            ],
            "terminate": true
        }
    ]
}