{
    "queries": [
        "Great cities to celebrate a child's birthday"
    ],
    "iteration": 0,
    "retrieved_lists": [
        [
            "320",
            "105",
            "51",
            "187",
            "168",
            "109",
            "204",
            "492",
            "43",
            "111",
            "251",
            "120",
            "100",
            "22",
            "352",
            "74",
            "343",
            "95",
            "475",
            "400",
            "16",
            "179",
            "328",
            "310",
            "349",
            "50",
            "141",
            "378",
            "299",
            "56",
            "121",
            "284",
            "283",
            "457",
            "280",
            "57",
            "355",
            "81",
            "399",
            "316",
            "61",
            "516",
            "534",
            "390",
            "71",
            "76",
            "44",
            "319",
            "439",
            "560",
            "408",
            "287",
            "532",
            "392",
            "89",
            "144",
            "520",
            "338",
            "67",
            "377"
        ]
    ],
    "all_sim_scores": [
        [
            0.6812512874603271,
            0.6649926900863647,
            0.6627922058105469,
            0.6621876955032349,
            0.6510106921195984,
            0.6419773101806641,
            0.6409687995910645,
            0.6393015384674072,
            0.6390392780303955,
            0.6388206481933594,
            0.6386759281158447,
            0.6361477375030518,
            0.6340943574905396,
            0.6339970231056213,
            0.6338333487510681,
            0.6335976719856262,
            0.6326425671577454,
            0.6281515955924988,
            0.6274554133415222,
            0.627121090888977,
            0.6258859038352966,
            0.6246631145477295,
            0.623859703540802,
            0.6227734684944153,
            0.6216753721237183,
            0.6212565302848816,
            0.6190474033355713,
            0.6189959049224854,
            0.6188042759895325,
            0.6172700524330139,
            0.6171861886978149,
            0.6171050071716309,
            0.6154652833938599,
            0.6141805648803711,
            0.6140835285186768,
            0.6135545969009399,
            0.6131399273872375,
            0.6128137111663818,
            0.6126006245613098,
            0.6114545464515686,
            0.6113356351852417,
            0.6108628511428833,
            0.6108225584030151,
            0.6106165647506714,
            0.6099875569343567,
            0.609006941318512,
            0.6089897155761719,
            0.6089428067207336,
            0.6086317300796509,
            0.6077356338500977,
            0.6077023148536682,
            0.6076632738113403,
            0.6074604392051697,
            0.6070826053619385,
            0.6056667566299438,
            0.6052037477493286,
            0.6037760376930237,
            0.603141188621521,
            0.6027710437774658,
            0.6026710271835327
        ]
    ],
    "last_action_method": "return_last_retrieved_list",
    "curr_top_k_docIDs": [
        "320",
        "105",
        "51",
        "187",
        "168",
        "109",
        "204",
        "492",
        "43",
        "111",
        "251",
        "120",
        "100",
        "22",
        "352",
        "74",
        "343",
        "95",
        "475",
        "400",
        "16",
        "179",
        "328",
        "310",
        "349",
        "50",
        "141",
        "378",
        "299",
        "56",
        "121",
        "284",
        "283",
        "457",
        "280",
        "57",
        "355",
        "81",
        "399",
        "316",
        "61",
        "516",
        "534",
        "390",
        "71",
        "76",
        "44",
        "319",
        "439",
        "560",
        "408",
        "287",
        "532",
        "392",
        "89",
        "144",
        "520",
        "338",
        "67",
        "377"
    ],
    "terminate": true,
    "state_history": [
        {
            "queries": [
                "Great cities to celebrate a child's birthday"
            ],
            "iteration": 0
        },
        {
            "queries": [
                "Great cities to celebrate a child's birthday"
            ],
            "iteration": 0,
            "retrieved_lists": [
                [
                    "320",
                    "105",
                    "51",
                    "187",
                    "168",
                    "109",
                    "204",
                    "492",
                    "43",
                    "111",
                    "251",
                    "120",
                    "100",
                    "22",
                    "352",
                    "74",
                    "343",
                    "95",
                    "475",
                    "400",
                    "16",
                    "179",
                    "328",
                    "310",
                    "349",
                    "50",
                    "141",
                    "378",
                    "299",
                    "56",
                    "121",
                    "284",
                    "283",
                    "457",
                    "280",
                    "57",
                    "355",
                    "81",
                    "399",
                    "316",
                    "61",
                    "516",
                    "534",
                    "390",
                    "71",
                    "76",
                    "44",
                    "319",
                    "439",
                    "560",
                    "408",
                    "287",
                    "532",
                    "392",
                    "89",
                    "144",
                    "520",
                    "338",
                    "67",
                    "377"
                ]
            ],