{
    "queries": [
        "low bikes for women"
    ],
    "iteration": 0,
    "retrieved_lists": [
        [
            "1156487",
            "1282163",
            "1174192",
            "95988",
            "424383",
            "601537",
            "56104",
            "1554510",
            "1145634",
            "1007982"
        ]
    ],
    "all_sim_scores": [
        [
            0.7325685024261475,
            0.6789875626564026,
            0.6655333042144775,
            0.6618936061859131,
            0.6560238003730774,
            0.6534371376037598,
            0.6521687507629395,
            0.6506667137145996,
            0.648676335811615,
            0.640190839767456
        ]
    ],
    "last_action_method": "return_last_retrieved_list",
    "curr_top_k_docIDs": [
        "1156487",
        "1282163",
        "1174192",
        "95988",
        "424383",
        "601537",
        "56104",
        "1554510",
        "1145634",
        "1007982"
    ],
    "terminate": true,
    "state_history": [
        {
            "queries": [
                "low bikes for women"
            ],
            "iteration": 0
        },
        {
            "queries": [
                "low bikes for women"
            ],
            "iteration": 0,
            "retrieved_lists": [
                [
                    "1156487",
                    "1282163",
                    "1174192",
                    "95988",
                    "424383",
                    "601537",
                    "56104",
                    "1554510",
                    "1145634",
                    "1007982"
                ]
            ],
            "all_sim_scores": [
                [
                    0.7325685024261475,
                    0.6789875626564026,
                    0.6655333042144775,
                    0.6618936061859131,
                    0.6560238003730774,
                    0.6534371376037598,
                    0.6521687507629395,
                    0.6506667137145996,
                    0.648676335811615,
                    0.640190839767456
                ]
            ],
            "last_action_method": "rank"
        },
        {
            "queries": [
                "low bikes for women"
            ],
            "iteration": 0,
            "retrieved_lists": [
                [
                    "1156487",
                    "1282163",
                    "1174192",
                    "95988",
                    "424383",
                    "601537",
                    "56104",
                    "1554510",
                    "1145634",
                    "1007982"
                ]
            ],
            "all_sim_scores": [
                [
                    0.7325685024261475,
                    0.6789875626564026,
                    0.6655333042144775,
                    0.6618936061859131,
                    0.6560238003730774,
                    0.6534371376037598,
                    0.6521687507629395,
                    0.6506667137145996,
                    0.648676335811615,
                    0.640190839767456
                ]
            ],
            "last_action_method": "return_last_retrieved_list",
            "curr_top_k_docIDs": [
                "1156487",
                "1282163",
                "1174192",
                "95988",
                "424383",
                "601537",
                "56104",
                "1554510",
                "1145634",
                "1007982"
            ],
            "terminate": true
        }
    ]
}