{
    "queries": [
        "Recommended cities for company teambuilding"
    ],
    "iteration": 0,
    "retrieved_lists": [
        [
            "199",
            "283",
            "392",
            "428",
            "320",
            "497",
            "226",
            "204",
            "490",
            "15"
        ]
    ],
    "all_sim_scores": [
        [
            0.4295860528945923,
            0.37617528438568115,
            0.363538533449173,
            0.36236152052879333,
            0.35638731718063354,
            0.3555479049682617,
            0.3553904891014099,
            0.353754460811615,
            0.35325393080711365,
            0.3385370373725891
        ]
    ],
    "last_action_method": "return_last_retrieved_list",
    "curr_top_k_docIDs": [
        "199",
        "283",
        "392",
        "428",
        "320",
        "497",
        "226",
        "204",
        "490",
        "15"
    ],
    "terminate": true,
    "state_history": [
        {
            "queries": [
                "Recommended cities for company teambuilding"
            ],
            "iteration": 0
        },
        {
            "queries": [
                "Recommended cities for company teambuilding"
            ],
            "iteration": 0,
            "retrieved_lists": [
                [
                    "199",
                    "283",
                    "392",
                    "428",
                    "320",
                    "497",
                    "226",
                    "204",
                    "490",
                    "15"
                ]
            ],
            "all_sim_scores": [
                [
                    0.4295860528945923,
                    0.37617528438568115,
                    0.363538533449173,
                    0.36236152052879333,
                    0.35638731718063354,
                    0.3555479049682617,
                    0.3553904891014099,
                    0.353754460811615,
                    0.35325393080711365,
                    0.3385370373725891
                ]
            ],
            "last_action_method": "rank"
        },
        {
            "queries": [
                "Recommended cities for company teambuilding"
            ],
            "iteration": 0,
            "retrieved_lists": [
                [
                    "199",
                    "283",
                    "392",
                    "428",
                    "320",
                    "497",
                    "226",
                    "204",
                    "490",
                    "15"
                ]
            ],
            "all_sim_scores": [
                [
                    0.4295860528945923,
                    0.37617528438568115,
                    0.363538533449173,
                    0.36236152052879333,
                    0.35638731718063354,
                    0.3555479049682617,
                    0.3553904891014099,
                    0.353754460811615,
                    0.35325393080711365,
                    0.3385370373725891
                ]
            ],
            "last_action_method": "return_last_retrieved_list",
            "curr_top_k_docIDs": [
                "199",
                "283",
                "392",
                "428",
                "320",
                "497",
                "226",
                "204",
                "490",
                "15"
            ],
            "terminate": true
        }
    ]
}