{
    "queries": [
        "cvs gift card"
    ],
    "iteration": 0,
    "retrieved_lists": [
        [
            "1175194",
            "883996",
            "518010",
            "213189",
            "1447226",
            "940397",
            "917796",
            "845906",
            "954893",
            "1416404"
        ]
    ],
    "all_sim_scores": [
        [
            0.7626339197158813,
            0.7196162939071655,
            0.702092170715332,
            0.6969586610794067,
            0.6840977668762207,
            0.6742877960205078,
            0.6629481911659241,
            0.6626837253570557,
            0.6605086326599121,
            0.6587406396865845
        ]
    ],
    "last_action_method": "return_last_retrieved_list",
    "curr_top_k_docIDs": [
        "1175194",
        "883996",
        "518010",
        "213189",
        "1447226",
        "940397",
        "917796",
        "845906",
        "954893",
        "1416404"
    ],
    "terminate": true,
    "state_history": [
        {
            "queries": [
                "cvs gift card"
            ],
            "iteration": 0
        },
        {
            "queries": [
                "cvs gift card"
            ],
            "iteration": 0,
            "retrieved_lists": [
                [
                    "1175194",
                    "883996",
                    "518010",
                    "213189",
                    "1447226",
                    "940397",
                    "917796",
                    "845906",
                    "954893",
                    "1416404"
                ]
            ],
            "all_sim_scores": [
                [
                    0.7626339197158813,
                    0.7196162939071655,
                    0.702092170715332,
                    0.6969586610794067,
                    0.6840977668762207,
                    0.6742877960205078,
                    0.6629481911659241,
                    0.6626837253570557,
                    0.6605086326599121,
                    0.6587406396865845
                ]
            ],
            "last_action_method": "rank"
        },
        {
            "queries": [
                "cvs gift card"
            ],
            "iteration": 0,
            "retrieved_lists": [
                [
                    "1175194",
                    "883996",
                    "518010",
                    "213189",
                    "1447226",
                    "940397",
                    "917796",
                    "845906",
                    "954893",
                    "1416404"
                ]
            ],
            "all_sim_scores": [
                [
                    0.7626339197158813,
                    0.7196162939071655,
                    0.702092170715332,
                    0.6969586610794067,
                    0.6840977668762207,
                    0.6742877960205078,
                    0.6629481911659241,
                    0.6626837253570557,
                    0.6605086326599121,
                    0.6587406396865845
                ]
            ],
            "last_action_method": "return_last_retrieved_list",
            "curr_top_k_docIDs": [
                "1175194",
                "883996",
                "518010",
                "213189",
                "1447226",
                "940397",
                "917796",
                "845906",
                "954893",
                "1416404"
            ],
            "terminate": true
        }
    ]
}