{
    "queries": [
        "how many hospitals are there in the united states"
    ],
    "iteration": 0,
    "retrieved_lists": [
        [
            "doc106584",
            "doc1709798",
            "doc457874",
            "doc1345057",
            "doc688483",
            "doc1874614",
            "doc1118967",
            "doc2031599",
            "doc1406961",
            "doc2087648",
            "doc1237693",
            "doc1336954",
            "doc2010984",
            "doc2115784",
            "doc926761",
            "doc2345859",
            "doc1831444",
            "doc748694",
            "doc1371756",
            "doc970280",
            "doc2341624",
            "doc495411",
            "doc2504554",
            "doc1008105",
            "doc1336156",
            "doc1389972",
            "doc513777",
            "doc1123939",
            "doc2141472",
            "doc2130631",
            "doc833603",
            "doc1173761",
            "doc2622328",
            "doc1013496",
            "doc1206881",
            "doc301510",
            "doc960610",
            "doc2103924",
            "doc565686",
            "doc343371",
            "doc151014",
            "doc1761283",
            "doc648484",
            "doc1716549",
            "doc2297550",
            "doc1392612",
            "doc642913",
            "doc2577738",
            "doc72754",
            "doc2219099",
            "doc2186519",
            "doc1503464",
            "doc1230868",
            "doc1687653",
            "doc1322032",
            "doc1618358",
            "doc1636540",
            "doc1618318",
            "doc1012470",
            "doc1010866"
        ]
    ],
    "all_sim_scores": [
        [
            0.612501859664917,
            0.5653890371322632,
            0.5092589855194092,
            0.5059162378311157,
            0.4452406167984009,
            0.43531250953674316,
            0.39469656348228455,
            0.3868556320667267,
            0.37210047245025635,
            0.36678028106689453,
            0.3613964915275574,
            0.3595428764820099,
            0.35940128564834595,
            0.3570510149002075,
            0.34738779067993164,
            0.3452666997909546,
            0.34268712997436523,
            0.3425646126270294,
            0.3400977849960327,
            0.3347660303115845,
            0.3336172103881836,
            0.3333841562271118,
            0.32884716987609863,
            0.31952401995658875,
            0.3177105188369751,
            0.3160396218299866,
            0.3150768280029297,
            0.3101756274700165,
            0.30729907751083374,
            0.30600008368492126,
            0.3015015721321106,
            0.29960882663726807,
            0.2895248532295227,
            0.2874722480773926,
            0.27896732091903687,
            0.27577024698257446,
            0.27550214529037476,
            0.2748907208442688,
            0.27376919984817505,
            0.2731308341026306,
            0.27210038900375366,
            0.27164262533187866,
            0.27063578367233276,
            0.27040112018585205,
            0.2703630030155182,
            0.2674568295478821,
            0.26718083024024963,
            0.26717883348464966,
            0.2663310170173645,
            0.265397846698761,
            0.26460254192352295,
            0.2630561292171478,
            0.2630031406879425,
            0.2624553442001343,
            0.26228541135787964,
            0.26159530878067017,
            0.26139047741889954,
            0.26047152280807495,
            0.25968319177627563,
            0.2588692903518677
        ]
    ],
    "last_action_method": "return_last_retrieved_list",
    "curr_top_k_docIDs": [
        "doc106584",
        "doc1709798",
        "doc457874",
        "doc1345057",
        "doc688483",
        "doc1874614",
        "doc1118967",
        "doc2031599",
        "doc1406961",
        "doc2087648",
        "doc1237693",
        "doc1336954",
        "doc2010984",
        "doc2115784",
        "doc926761",
        "doc2345859",
        "doc1831444",
        "doc748694",
        "doc1371756",
        "doc970280",
        "doc2341624",
        "doc495411",
        "doc2504554",
        "doc1008105",
        "doc1336156",
        "doc1389972",
        "doc513777",
        "doc1123939",
        "doc2141472",
        "doc2130631",
        "doc833603",
        "doc1173761",
        "doc2622328",
        "doc1013496",
        "doc1206881",
        "doc301510",
        "doc960610",
        "doc2103924",
        "doc565686",
        "doc343371",
        "doc151014",
        "doc1761283",
        "doc648484",
        "doc1716549",
        "doc2297550",
        "doc1392612",
        "doc642913",
        "doc2577738",
        "doc72754",
        "doc2219099",
        "doc2186519",
        "doc1503464",
        "doc1230868",
        "doc1687653",
        "doc1322032",
        "doc1618358",
        "doc1636540",
        "doc1618318",
        "doc1012470",
        "doc1010866"
    ],
    "terminate": true,
    "state_history": [
        {
            "queries": [
                "how many hospitals are there in the united states"
            ],
            "iteration": 0
        },
        {
            "queries": [
                "how many hospitals are there in the united states"
            ],
            "iteration": 0,
            "retrieved_lists": [
                [
                    "doc106584",
                    "doc1709798",
                    "doc457874",
                    "doc1345057",
                    "doc688483",
                    "doc1874614",
                    "doc1118967",
                    "doc2031599",
                    "doc1406961",
                    "doc2087648",
                    "doc1237693",
                    "doc1336954",
                    "doc2010984",
                    "doc2115784",
                    "doc926761",
                    "doc2345859",
                    "doc1831444",
                    "doc748694",
                    "doc1371756",
                    "doc970280",
                    "doc2341624",
                    "doc495411",
                    "doc2504554",
                    "doc1008105",
                    "doc1336156",
                    "doc1389972",
                    "doc513777",
                    "doc1123939",
                    "doc2141472",
                    "doc2130631",
                    "doc833603",
                    "doc1173761",
                    "doc2622328",
                    "doc1013496",
                    "doc1206881",
                    "doc301510",
                    "doc960610",
                    "doc2103924",
                    "doc565686",
                    "doc343371",
                    "doc151014",
                    "doc1761283",
                    "doc648484",
                    "doc1716549",
                    "doc2297550",
                    "doc1392612",
                    "doc642913",
                    "doc2577738",
                    "doc72754",
                    "doc2219099",
                    "doc2186519",
                    "doc1503464",
                    "doc1230868",
                    "doc1687653",
                    "doc1322032",
                    "doc1618358",
                    "doc1636540",
                    "doc1618318",
                    "doc1012470",
                    "doc1010866"
                ]
            ],