{
    "queries": [
        "best hcg drops"
    ],
    "iteration": 0,
    "retrieved_lists": [
        [
            "1543424",
            "1176395",
            "468908",
            "182601",
            "1049919",
            "559491",
            "1429580",
            "423999",
            "659885",
            "1582798"
        ]
    ],
    "all_sim_scores": [
        [
            0.7466274499893188,
            0.732119083404541,
            0.624469518661499,
            0.6182882785797119,
            0.6171594262123108,
            0.614484965801239,
            0.6020052433013916,
            0.5889081358909607,
            0.5880106687545776,
            0.5878466367721558
        ]
    ],
    "last_action_method": "return_last_retrieved_list",
    "curr_top_k_docIDs": [
        "1543424",
        "1176395",
        "468908",
        "182601",
        "1049919",
        "559491",
        "1429580",
        "423999",
        "659885",
        "1582798"
    ],
    "terminate": true,
    "state_history": [
        {
            "queries": [
                "best hcg drops"
            ],
            "iteration": 0
        },
        {
            "queries": [
                "best hcg drops"
            ],
            "iteration": 0,
            "retrieved_lists": [
                [
                    "1543424",
                    "1176395",
                    "468908",
                    "182601",
                    "1049919",
                    "559491",
                    "1429580",
                    "423999",
                    "659885",
                    "1582798"
                ]
            ],
            "all_sim_scores": [
                [
                    0.7466274499893188,
                    0.732119083404541,
                    0.624469518661499,
                    0.6182882785797119,
                    0.6171594262123108,
                    0.614484965801239,
                    0.6020052433013916,
                    0.5889081358909607,
                    0.5880106687545776,
                    0.5878466367721558
                ]
            ],
            "last_action_method": "rank"
        },
        {
            "queries": [
                "best hcg drops"
            ],
            "iteration": 0,
            "retrieved_lists": [
                [
                    "1543424",
                    "1176395",
                    "468908",
                    "182601",
                    "1049919",
                    "559491",
                    "1429580",
                    "423999",
                    "659885",
                    "1582798"
                ]
            ],
            "all_sim_scores": [
                [
                    0.7466274499893188,
                    0.732119083404541,
                    0.624469518661499,
                    0.6182882785797119,
                    0.6171594262123108,
                    0.614484965801239,
                    0.6020052433013916,
                    0.5889081358909607,
                    0.5880106687545776,
                    0.5878466367721558
                ]
            ],
            "last_action_method": "return_last_retrieved_list",
            "curr_top_k_docIDs": [
                "1543424",
                "1176395",
                "468908",
                "182601",
                "1049919",
                "559491",
                "1429580",
                "423999",
                "659885",
                "1582798"
            ],
            "terminate": true
        }
    ]
}