{
    "queries": [
        "what was the purpose of a revival meeting during the second great awakening"
    ],
    "iteration": 0,
    "retrieved_lists": [
        [
            "doc57092",
            "doc57100",
            "doc57095",
            "doc2064740",
            "doc116936",
            "doc1161047",
            "doc2398205",
            "doc1318625",
            "doc39489",
            "doc522970",
            "doc1202438",
            "doc2092098",
            "doc1700875",
            "doc2368372",
            "doc1898275",
            "doc572868",
            "doc2306998",
            "doc572216",
            "doc1646622",
            "doc784940",
            "doc2618427",
            "doc589989",
            "doc825515",
            "doc2540257",
            "doc332516",
            "doc2392868",
            "doc356932",
            "doc684464",
            "doc613846",
            "doc2092097",
            "doc509176",
            "doc379047",
            "doc1470729",
            "doc1728378",
            "doc199266",
            "doc2152237",
            "doc554542",
            "doc227554",
            "doc2530369",
            "doc2646529",
            "doc1185030",
            "doc1925430",
            "doc1334389",
            "doc2469833",
            "doc131621",
            "doc1057270",
            "doc1431905",
            "doc1720048",
            "doc2163621",
            "doc122125",
            "doc1619048",
            "doc673264",
            "doc1362387",
            "doc2162210",
            "doc440602",
            "doc1253075",
            "doc800602",
            "doc1908660",
            "doc447967",
            "doc2128596"
        ]
    ],
    "all_sim_scores": [
        [
            0.7717389464378357,
            0.7649662494659424,
            0.6641145944595337,
            0.3410903513431549,
            0.3391209840774536,
            0.330197274684906,
            0.3119131326675415,
            0.3051874041557312,
            0.30287638306617737,
            0.29668623208999634,
            0.2920093536376953,
            0.28826698660850525,
            0.28491419553756714,
            0.28012213110923767,
            0.276189386844635,
            0.2729094326496124,
            0.2725137770175934,
            0.2710452079772949,
            0.26953020691871643,
            0.26902061700820923,
            0.26869648694992065,
            0.26746076345443726,
            0.2646494507789612,
            0.26297441124916077,
            0.2618757486343384,
            0.26163268089294434,
            0.26109373569488525,
            0.26093608140945435,
            0.2608620226383209,
            0.260044127702713,
            0.2593374252319336,
            0.2581885755062103,
            0.25809821486473083,
            0.25776755809783936,
            0.25709235668182373,
            0.2555660307407379,
            0.2544158697128296,
            0.25153547525405884,
            0.24856670200824738,
            0.24647782742977142,
            0.2457851767539978,
            0.24291135370731354,
            0.24261265993118286,
            0.24021336436271667,
            0.24011880159378052,
            0.23787932097911835,
            0.23538333177566528,
            0.23479348421096802,
            0.23469845950603485,
            0.23348841071128845,
            0.23288655281066895,
            0.2326200008392334,
            0.23216375708580017,
            0.23189228773117065,
            0.23128022253513336,
            0.23116737604141235,
            0.23095382750034332,
            0.23089918494224548,
            0.23056843876838684,
            0.23029345273971558
        ]
    ],
    "last_action_method": "return_last_retrieved_list",
    "curr_top_k_docIDs": [
        "doc57092",
        "doc57100",
        "doc57095",
        "doc2064740",
        "doc116936",
        "doc1161047",
        "doc2398205",
        "doc1318625",
        "doc39489",
        "doc522970",
        "doc1202438",
        "doc2092098",
        "doc1700875",
        "doc2368372",
        "doc1898275",
        "doc572868",
        "doc2306998",
        "doc572216",
        "doc1646622",
        "doc784940",
        "doc2618427",
        "doc589989",
        "doc825515",
        "doc2540257",
        "doc332516",
        "doc2392868",
        "doc356932",
        "doc684464",
        "doc613846",
        "doc2092097",
        "doc509176",
        "doc379047",
        "doc1470729",
        "doc1728378",
        "doc199266",
        "doc2152237",
        "doc554542",
        "doc227554",
        "doc2530369",
        "doc2646529",
        "doc1185030",
        "doc1925430",
        "doc1334389",
        "doc2469833",
        "doc131621",
        "doc1057270",
        "doc1431905",
        "doc1720048",
        "doc2163621",
        "doc122125",
        "doc1619048",
        "doc673264",
        "doc1362387",
        "doc2162210",
        "doc440602",
        "doc1253075",
        "doc800602",
        "doc1908660",
        "doc447967",
        "doc2128596"
    ],
    "terminate": true,
    "state_history": [
        {
            "queries": [
                "what was the purpose of a revival meeting during the second great awakening"
            ],
            "iteration": 0
        },
        {
            "queries": [
                "what was the purpose of a revival meeting during the second great awakening"
            ],
            "iteration": 0,
            "retrieved_lists": [
                [
                    "doc57092",
                    "doc57100",
                    "doc57095",
                    "doc2064740",
                    "doc116936",
                    "doc1161047",
                    "doc2398205",
                    "doc1318625",
                    "doc39489",
                    "doc522970",
                    "doc1202438",
                    "doc2092098",
                    "doc1700875",
                    "doc2368372",
                    "doc1898275",
                    "doc572868",
                    "doc2306998",
                    "doc572216",
                    "doc1646622",
                    "doc784940",
                    "doc2618427",
                    "doc589989",
                    "doc825515",
                    "doc2540257",
                    "doc332516",
                    "doc2392868",
                    "doc356932",
                    "doc684464",
                    "doc613846",
                    "doc2092097",
                    "doc509176",
                    "doc379047",
                    "doc1470729",
                    "doc1728378",
                    "doc199266",
                    "doc2152237",
                    "doc554542",
                    "doc227554",
                    "doc2530369",
                    "doc2646529",
                    "doc1185030",
                    "doc1925430",
                    "doc1334389",
                    "doc2469833",
                    "doc131621",
                    "doc1057270",
                    "doc1431905",
                    "doc1720048",
                    "doc2163621",
                    "doc122125",
                    "doc1619048",
                    "doc673264",
                    "doc1362387",
                    "doc2162210",
                    "doc440602",
                    "doc1253075",
                    "doc800602",
                    "doc1908660",
                    "doc447967",
                    "doc2128596"
                ]
            ],