{
    "queries": [
        "where did they film woody the woodpecker movie"
    ],
    "iteration": 0,
    "retrieved_lists": [
        [
            "doc33193",
            "doc636318",
            "doc418103",
            "doc2127612",
            "doc1880783",
            "doc1640342",
            "doc2111613",
            "doc418095",
            "doc1128353",
            "doc1183175",
            "doc627063",
            "doc1681140",
            "doc1483150",
            "doc1986107",
            "doc417449",
            "doc2618764",
            "doc1830076",
            "doc201263",
            "doc742490",
            "doc1353042",
            "doc324637",
            "doc2511129",
            "doc66330",
            "doc1331784",
            "doc63027",
            "doc827851",
            "doc2062605",
            "doc1761442",
            "doc2457514",
            "doc595315",
            "doc1069937",
            "doc199351",
            "doc2018395",
            "doc1960851",
            "doc1085182",
            "doc696302",
            "doc1265980",
            "doc432862",
            "doc2127578",
            "doc449622",
            "doc863805",
            "doc690126",
            "doc739193",
            "doc274176",
            "doc1576559",
            "doc1610296",
            "doc251698",
            "doc739860",
            "doc1673763",
            "doc2092777",
            "doc2615643",
            "doc1812871",
            "doc56047",
            "doc7050",
            "doc223718",
            "doc2597528",
            "doc25608",
            "doc1479467",
            "doc1432",
            "doc301641"
        ]
    ],
    "all_sim_scores": [
        [
            0.7448786497116089,
            0.4161887764930725,
            0.39984074234962463,
            0.39280804991722107,
            0.36288249492645264,
            0.3606744408607483,
            0.34534385800361633,
            0.3437349796295166,
            0.33041512966156006,
            0.32927054166793823,
            0.3242953419685364,
            0.319532573223114,
            0.3182460367679596,
            0.3074474334716797,
            0.30434712767601013,
            0.3008958697319031,
            0.3007161319255829,
            0.300383597612381,
            0.2957817316055298,
            0.2903970181941986,
            0.28384536504745483,
            0.28126010298728943,
            0.28122371435165405,
            0.278364896774292,
            0.27560320496559143,
            0.27321743965148926,
            0.2706364393234253,
            0.27012330293655396,
            0.26872923970222473,
            0.2687130272388458,
            0.26773306727409363,
            0.26750296354293823,
            0.26738816499710083,
            0.26323914527893066,
            0.26237228512763977,
            0.26230233907699585,
            0.26202788949012756,
            0.2615288496017456,
            0.2614288926124573,
            0.26133036613464355,
            0.2599189281463623,
            0.2599064111709595,
            0.2592187523841858,
            0.2561640441417694,
            0.2554214298725128,
            0.25368475914001465,
            0.25243568420410156,
            0.251483678817749,
            0.2509780526161194,
            0.2502219080924988,
            0.24713173508644104,
            0.24710723757743835,
            0.24617499113082886,
            0.24426624178886414,
            0.24408170580863953,
            0.24309459328651428,
            0.2419595867395401,
            0.24181514978408813,
            0.24157202243804932,
            0.24140040576457977
        ]
    ],
    "last_action_method": "return_last_retrieved_list",
    "curr_top_k_docIDs": [
        "doc33193",
        "doc636318",
        "doc418103",
        "doc2127612",
        "doc1880783",
        "doc1640342",
        "doc2111613",
        "doc418095",
        "doc1128353",
        "doc1183175",
        "doc627063",
        "doc1681140",
        "doc1483150",
        "doc1986107",
        "doc417449",
        "doc2618764",
        "doc1830076",
        "doc201263",
        "doc742490",
        "doc1353042",
        "doc324637",
        "doc2511129",
        "doc66330",
        "doc1331784",
        "doc63027",
        "doc827851",
        "doc2062605",
        "doc1761442",
        "doc2457514",
        "doc595315",
        "doc1069937",
        "doc199351",
        "doc2018395",
        "doc1960851",
        "doc1085182",
        "doc696302",
        "doc1265980",
        "doc432862",
        "doc2127578",
        "doc449622",
        "doc863805",
        "doc690126",
        "doc739193",
        "doc274176",
        "doc1576559",
        "doc1610296",
        "doc251698",
        "doc739860",
        "doc1673763",
        "doc2092777",
        "doc2615643",
        "doc1812871",
        "doc56047",
        "doc7050",
        "doc223718",
        "doc2597528",
        "doc25608",
        "doc1479467",
        "doc1432",
        "doc301641"
    ],
    "terminate": true,
    "state_history": [
        {
            "queries": [
                "where did they film woody the woodpecker movie"
            ],
            "iteration": 0
        },
        {
            "queries": [
                "where did they film woody the woodpecker movie"
            ],
            "iteration": 0,
            "retrieved_lists": [
                [
                    "doc33193",
                    "doc636318",
                    "doc418103",
                    "doc2127612",
                    "doc1880783",
                    "doc1640342",
                    "doc2111613",
                    "doc418095",
                    "doc1128353",
                    "doc1183175",
                    "doc627063",
                    "doc1681140",
                    "doc1483150",
                    "doc1986107",
                    "doc417449",
                    "doc2618764",
                    "doc1830076",
                    "doc201263",
                    "doc742490",
                    "doc1353042",
                    "doc324637",
                    "doc2511129",
                    "doc66330",
                    "doc1331784",
                    "doc63027",
                    "doc827851",
                    "doc2062605",
                    "doc1761442",
                    "doc2457514",
                    "doc595315",
                    "doc1069937",
                    "doc199351",
                    "doc2018395",
                    "doc1960851",
                    "doc1085182",
                    "doc696302",
                    "doc1265980",
                    "doc432862",
                    "doc2127578",
                    "doc449622",
                    "doc863805",
                    "doc690126",
                    "doc739193",
                    "doc274176",
                    "doc1576559",
                    "doc1610296",
                    "doc251698",
                    "doc739860",
                    "doc1673763",
                    "doc2092777",
                    "doc2615643",
                    "doc1812871",
                    "doc56047",
                    "doc7050",
                    "doc223718",
                    "doc2597528",
                    "doc25608",
                    "doc1479467",
                    "doc1432",
                    "doc301641"
                ]
            ],