{
    "queries": [
        "what are bulls used for on a farm"
    ],
    "iteration": 0,
    "retrieved_lists": [
        [
            "doc916",
            "doc1808037",
            "doc908",
            "doc549662",
            "doc870485",
            "doc1520690",
            "doc2648581",
            "doc1411709",
            "doc654928",
            "doc451571",
            "doc1130009",
            "doc2366716",
            "doc1958148",
            "doc954346",
            "doc1130002",
            "doc2595012",
            "doc1773814",
            "doc318962",
            "doc942205",
            "doc124665",
            "doc814469",
            "doc1007774",
            "doc1415393",
            "doc1673871",
            "doc1637404",
            "doc1775671",
            "doc148230",
            "doc1809226",
            "doc1228487",
            "doc1998797",
            "doc2467968",
            "doc403946",
            "doc1795197",
            "doc1154121",
            "doc1958125",
            "doc251698",
            "doc956929",
            "doc27609",
            "doc748880",
            "doc697920",
            "doc1349848",
            "doc1322213",
            "doc13523",
            "doc2315973",
            "doc33860",
            "doc634691",
            "doc839611",
            "doc2006503",
            "doc2495441",
            "doc2503034",
            "doc670250",
            "doc1998796",
            "doc1931625",
            "doc38549",
            "doc1028187",
            "doc1933940",
            "doc517176",
            "doc2568331",
            "doc1909910",
            "doc2360768"
        ]
    ],
    "all_sim_scores": [
        [
            0.6394317150115967,
            0.5288497805595398,
            0.5142130255699158,
            0.4756268262863159,
            0.4512280225753784,
            0.39573967456817627,
            0.38690459728240967,
            0.37549012899398804,
            0.3739486336708069,
            0.37385886907577515,
            0.37194889783859253,
            0.36745685338974,
            0.36595624685287476,
            0.3584895730018616,
            0.35047733783721924,
            0.3452964425086975,
            0.34323960542678833,
            0.34048521518707275,
            0.33983922004699707,
            0.33856630325317383,
            0.33519285917282104,
            0.3336682915687561,
            0.3315139710903168,
            0.3299814462661743,
            0.3276292383670807,
            0.32724857330322266,
            0.32564839720726013,
            0.32314783334732056,
            0.32216960191726685,
            0.3204154074192047,
            0.3196086287498474,
            0.31646421551704407,
            0.3146914839744568,
            0.31416425108909607,
            0.31287258863449097,
            0.31196916103363037,
            0.311046302318573,
            0.3105834424495697,
            0.3089948892593384,
            0.3078870177268982,
            0.30630022287368774,
            0.3013608753681183,
            0.30024659633636475,
            0.29854220151901245,
            0.2978614866733551,
            0.29667335748672485,
            0.295244038105011,
            0.2943272888660431,
            0.29132279753685,
            0.2885638475418091,
            0.28696417808532715,
            0.28586041927337646,
            0.2831715941429138,
            0.2816549241542816,
            0.2814912796020508,
            0.28024762868881226,
            0.2793380618095398,
            0.278573602437973,
            0.2781573235988617,
            0.2761074900627136
        ]
    ],
    "last_action_method": "return_last_retrieved_list",
    "curr_top_k_docIDs": [
        "doc916",
        "doc1808037",
        "doc908",
        "doc549662",
        "doc870485",
        "doc1520690",
        "doc2648581",
        "doc1411709",
        "doc654928",
        "doc451571",
        "doc1130009",
        "doc2366716",
        "doc1958148",
        "doc954346",
        "doc1130002",
        "doc2595012",
        "doc1773814",
        "doc318962",
        "doc942205",
        "doc124665",
        "doc814469",
        "doc1007774",
        "doc1415393",
        "doc1673871",
        "doc1637404",
        "doc1775671",
        "doc148230",
        "doc1809226",
        "doc1228487",
        "doc1998797",
        "doc2467968",
        "doc403946",
        "doc1795197",
        "doc1154121",
        "doc1958125",
        "doc251698",
        "doc956929",
        "doc27609",
        "doc748880",
        "doc697920",
        "doc1349848",
        "doc1322213",
        "doc13523",
        "doc2315973",
        "doc33860",
        "doc634691",
        "doc839611",
        "doc2006503",
        "doc2495441",
        "doc2503034",
        "doc670250",
        "doc1998796",
        "doc1931625",
        "doc38549",
        "doc1028187",
        "doc1933940",
        "doc517176",
        "doc2568331",
        "doc1909910",
        "doc2360768"
    ],
    "terminate": true,
    "state_history": [
        {
            "queries": [
                "what are bulls used for on a farm"
            ],
            "iteration": 0
        },
        {
            "queries": [
                "what are bulls used for on a farm"
            ],
            "iteration": 0,
            "retrieved_lists": [
                [
                    "doc916",
                    "doc1808037",
                    "doc908",
                    "doc549662",
                    "doc870485",
                    "doc1520690",
                    "doc2648581",
                    "doc1411709",
                    "doc654928",
                    "doc451571",
                    "doc1130009",
                    "doc2366716",
                    "doc1958148",
                    "doc954346",
                    "doc1130002",
                    "doc2595012",
                    "doc1773814",
                    "doc318962",
                    "doc942205",
                    "doc124665",
                    "doc814469",
                    "doc1007774",
                    "doc1415393",
                    "doc1673871",
                    "doc1637404",
                    "doc1775671",
                    "doc148230",
                    "doc1809226",
                    "doc1228487",
                    "doc1998797",
                    "doc2467968",
                    "doc403946",
                    "doc1795197",
                    "doc1154121",
                    "doc1958125",
                    "doc251698",
                    "doc956929",
                    "doc27609",
                    "doc748880",
                    "doc697920",
                    "doc1349848",
                    "doc1322213",
                    "doc13523",
                    "doc2315973",
                    "doc33860",
                    "doc634691",
                    "doc839611",
                    "doc2006503",
                    "doc2495441",
                    "doc2503034",
                    "doc670250",
                    "doc1998796",
                    "doc1931625",
                    "doc38549",
                    "doc1028187",
                    "doc1933940",
                    "doc517176",
                    "doc2568331",
                    "doc1909910",
                    "doc2360768"
                ]
            ],