{
    "queries": [
        "sterilite dish rack"
    ],
    "iteration": 0,
    "retrieved_lists": [
        [
            "1042210",
            "1613658",
            "834345",
            "874368",
            "329214",
            "1194506",
            "803036",
            "499206",
            "238956",
            "194589"
        ]
    ],
    "all_sim_scores": [
        [
            0.7754061222076416,
            0.7618380188941956,
            0.7453423738479614,
            0.7442492246627808,
            0.7364943623542786,
            0.7361212968826294,
            0.7261415123939514,
            0.7239715456962585,
            0.7173619270324707,
            0.7135938405990601
        ]
    ],
    "last_action_method": "return_last_retrieved_list",
    "curr_top_k_docIDs": [
        "1042210",
        "1613658",
        "834345",
        "874368",
        "329214",
        "1194506",
        "803036",
        "499206",
        "238956",
        "194589"
    ],
    "terminate": true,
    "state_history": [
        {
            "queries": [
                "sterilite dish rack"
            ],
            "iteration": 0
        },
        {
            "queries": [
                "sterilite dish rack"
            ],
            "iteration": 0,
            "retrieved_lists": [
                [
                    "1042210",
                    "1613658",
                    "834345",
                    "874368",
                    "329214",
                    "1194506",
                    "803036",
                    "499206",
                    "238956",
                    "194589"
                ]
            ],
            "all_sim_scores": [
                [
                    0.7754061222076416,
                    0.7618380188941956,
                    0.7453423738479614,
                    0.7442492246627808,
                    0.7364943623542786,
                    0.7361212968826294,
                    0.7261415123939514,
                    0.7239715456962585,
                    0.7173619270324707,
                    0.7135938405990601
                ]
            ],
            "last_action_method": "rank"
        },
        {
            "queries": [
                "sterilite dish rack"
            ],
            "iteration": 0,
            "retrieved_lists": [
                [
                    "1042210",
                    "1613658",
                    "834345",
                    "874368",
                    "329214",
                    "1194506",
                    "803036",
                    "499206",
                    "238956",
                    "194589"
                ]
            ],
            "all_sim_scores": [
                [
                    0.7754061222076416,
                    0.7618380188941956,
                    0.7453423738479614,
                    0.7442492246627808,
                    0.7364943623542786,
                    0.7361212968826294,
                    0.7261415123939514,
                    0.7239715456962585,
                    0.7173619270324707,
                    0.7135938405990601
                ]
            ],
            "last_action_method": "return_last_retrieved_list",
            "curr_top_k_docIDs": [
                "1042210",
                "1613658",
                "834345",
                "874368",
                "329214",
                "1194506",
                "803036",
                "499206",
                "238956",
                "194589"
            ],
            "terminate": true
        }
    ]
}