{
    "queries": [
        "who came up with the idea of using convoys"
    ],
    "iteration": 0,
    "retrieved_lists": [
        [
            "doc30915",
            "doc2244987",
            "doc336537",
            "doc1726879",
            "doc2042372",
            "doc1364578",
            "doc2480459",
            "doc548146",
            "doc2507357",
            "doc268814",
            "doc625472",
            "doc2555275",
            "doc804110",
            "doc45884",
            "doc1252072",
            "doc2279397",
            "doc404064",
            "doc1271944",
            "doc358099",
            "doc1968659",
            "doc2224281",
            "doc526021",
            "doc1663749",
            "doc31104",
            "doc109564",
            "doc1802620",
            "doc255642",
            "doc2472029",
            "doc1123239",
            "doc13466",
            "doc1132469",
            "doc476277",
            "doc26198",
            "doc958829",
            "doc660423",
            "doc646628",
            "doc1009092",
            "doc1421899",
            "doc539422",
            "doc1536716",
            "doc857580",
            "doc1827324",
            "doc2416631",
            "doc2264717",
            "doc619731",
            "doc2158554",
            "doc1586559",
            "doc299648",
            "doc695672",
            "doc1655225",
            "doc82157",
            "doc48585",
            "doc2232625",
            "doc583103",
            "doc1617267",
            "doc1422362",
            "doc1251781",
            "doc183580",
            "doc2487270",
            "doc1858698"
        ]
    ],
    "all_sim_scores": [
        [
            0.4970477521419525,
            0.4070981740951538,
            0.3886542320251465,
            0.38311880826950073,
            0.37700629234313965,
            0.3474549651145935,
            0.3338223993778229,
            0.32838374376296997,
            0.3136017918586731,
            0.313424676656723,
            0.31216302514076233,
            0.3092108368873596,
            0.30706948041915894,
            0.30681902170181274,
            0.30567607283592224,
            0.30550211668014526,
            0.30262595415115356,
            0.30115896463394165,
            0.30063873529434204,
            0.29979366064071655,
            0.2982093393802643,
            0.29666441679000854,
            0.29369449615478516,
            0.2908257842063904,
            0.28635430335998535,
            0.2841998040676117,
            0.28407835960388184,
            0.2839301824569702,
            0.283796489238739,
            0.2836565673351288,
            0.2820078134536743,
            0.28080612421035767,
            0.2799827456474304,
            0.27727949619293213,
            0.2771754264831543,
            0.27400657534599304,
            0.2729775011539459,
            0.27246254682540894,
            0.2723134756088257,
            0.27108433842658997,
            0.27096667885780334,
            0.27067697048187256,
            0.27034515142440796,
            0.26804912090301514,
            0.26797598600387573,
            0.26689937710762024,
            0.2659916281700134,
            0.26543715596199036,
            0.26407545804977417,
            0.26311904191970825,
            0.2630922198295593,
            0.2628132700920105,
            0.2617233395576477,
            0.260516881942749,
            0.2604753375053406,
            0.26007524132728577,
            0.25947898626327515,
            0.25732046365737915,
            0.25683286786079407,
            0.25526154041290283
        ]
    ],
    "last_action_method": "return_last_retrieved_list",
    "curr_top_k_docIDs": [
        "doc30915",
        "doc2244987",
        "doc336537",
        "doc1726879",
        "doc2042372",
        "doc1364578",
        "doc2480459",
        "doc548146",
        "doc2507357",
        "doc268814",
        "doc625472",
        "doc2555275",
        "doc804110",
        "doc45884",
        "doc1252072",
        "doc2279397",
        "doc404064",
        "doc1271944",
        "doc358099",
        "doc1968659",
        "doc2224281",
        "doc526021",
        "doc1663749",
        "doc31104",
        "doc109564",
        "doc1802620",
        "doc255642",
        "doc2472029",
        "doc1123239",
        "doc13466",
        "doc1132469",
        "doc476277",
        "doc26198",
        "doc958829",
        "doc660423",
        "doc646628",
        "doc1009092",
        "doc1421899",
        "doc539422",
        "doc1536716",
        "doc857580",
        "doc1827324",
        "doc2416631",
        "doc2264717",
        "doc619731",
        "doc2158554",
        "doc1586559",
        "doc299648",
        "doc695672",
        "doc1655225",
        "doc82157",
        "doc48585",
        "doc2232625",
        "doc583103",
        "doc1617267",
        "doc1422362",
        "doc1251781",
        "doc183580",
        "doc2487270",
        "doc1858698"
    ],
    "terminate": true,
    "state_history": [
        {
            "queries": [
                "who came up with the idea of using convoys"
            ],
            "iteration": 0
        },
        {
            "queries": [
                "who came up with the idea of using convoys"
            ],
            "iteration": 0,
            "retrieved_lists": [
                [
                    "doc30915",
                    "doc2244987",
                    "doc336537",
                    "doc1726879",
                    "doc2042372",
                    "doc1364578",
                    "doc2480459",
                    "doc548146",
                    "doc2507357",
                    "doc268814",
                    "doc625472",
                    "doc2555275",
                    "doc804110",
                    "doc45884",
                    "doc1252072",
                    "doc2279397",
                    "doc404064",
                    "doc1271944",
                    "doc358099",
                    "doc1968659",
                    "doc2224281",
                    "doc526021",
                    "doc1663749",
                    "doc31104",
                    "doc109564",
                    "doc1802620",
                    "doc255642",
                    "doc2472029",
                    "doc1123239",
                    "doc13466",
                    "doc1132469",
                    "doc476277",
                    "doc26198",
                    "doc958829",
                    "doc660423",
                    "doc646628",
                    "doc1009092",
                    "doc1421899",
                    "doc539422",
                    "doc1536716",
                    "doc857580",
                    "doc1827324",
                    "doc2416631",
                    "doc2264717",
                    "doc619731",
                    "doc2158554",
                    "doc1586559",
                    "doc299648",
                    "doc695672",
                    "doc1655225",
                    "doc82157",
                    "doc48585",
                    "doc2232625",
                    "doc583103",
                    "doc1617267",
                    "doc1422362",
                    "doc1251781",
                    "doc183580",
                    "doc2487270",
                    "doc1858698"
                ]
            ],