{
    "queries": [
        "Best cities for winter vacations"
    ],
    "iteration": 0,
    "retrieved_lists": [
        [
            "320",
            "410",
            "142",
            "392",
            "134",
            "400",
            "497",
            "188",
            "283",
            "409",
            "412",
            "408",
            "319",
            "121",
            "382",
            "411",
            "402",
            "199",
            "343",
            "490",
            "338",
            "63",
            "332",
            "425",
            "330",
            "74",
            "314",
            "43",
            "352",
            "141",
            "368",
            "516",
            "120",
            "543",
            "403",
            "545",
            "105",
            "450",
            "237",
            "329",
            "299",
            "345",
            "99",
            "110",
            "22",
            "420",
            "119",
            "303",
            "349",
            "492",
            "23",
            "468",
            "89",
            "210",
            "401",
            "427",
            "295",
            "204",
            "500",
            "415"
        ]
    ],
    "all_sim_scores": [
        [
            0.421755313873291,
            0.396417498588562,
            0.3914886713027954,
            0.3880881071090698,
            0.3863750696182251,
            0.3858252167701721,
            0.3836747705936432,
            0.37517404556274414,
            0.37504512071609497,
            0.3737885355949402,
            0.3581959009170532,
            0.3578064441680908,
            0.3558865785598755,
            0.3535798490047455,
            0.3504467010498047,
            0.3500554859638214,
            0.3482757806777954,
            0.3426244854927063,
            0.3424016833305359,
            0.3413543403148651,
            0.34095215797424316,
            0.3402642607688904,
            0.3390864431858063,
            0.33869725465774536,
            0.3381910026073456,
            0.3379805088043213,
            0.335684597492218,
            0.3350275456905365,
            0.3348638713359833,
            0.3342568576335907,
            0.33339107036590576,
            0.3327346742153168,
            0.332305371761322,
            0.33001700043678284,
            0.327877402305603,
            0.32689231634140015,
            0.3267592489719391,
            0.32673415541648865,
            0.32667410373687744,
            0.3233484625816345,
            0.322277307510376,
            0.3206965923309326,
            0.31920236349105835,
            0.31877654790878296,
            0.3181016445159912,
            0.3171902894973755,
            0.31638097763061523,
            0.31573188304901123,
            0.31536155939102173,
            0.3136926293373108,
            0.3129662275314331,
            0.3124392330646515,
            0.31195592880249023,
            0.31086981296539307,
            0.3101341128349304,
            0.31010282039642334,
            0.30979397892951965,
            0.30941617488861084,
            0.30893057584762573,
            0.3086588978767395
        ]
    ],
    "last_action_method": "return_last_retrieved_list",
    "curr_top_k_docIDs": [
        "320",
        "410",
        "142",
        "392",
        "134",
        "400",
        "497",
        "188",
        "283",
        "409",
        "412",
        "408",
        "319",
        "121",
        "382",
        "411",
        "402",
        "199",
        "343",
        "490",
        "338",
        "63",
        "332",
        "425",
        "330",
        "74",
        "314",
        "43",
        "352",
        "141",
        "368",
        "516",
        "120",
        "543",
        "403",
        "545",
        "105",
        "450",
        "237",
        "329",
        "299",
        "345",
        "99",
        "110",
        "22",
        "420",
        "119",
        "303",
        "349",
        "492",
        "23",
        "468",
        "89",
        "210",
        "401",
        "427",
        "295",
        "204",
        "500",
        "415"
    ],
    "terminate": true,
    "state_history": [
        {
            "queries": [
                "Best cities for winter vacations"
            ],
            "iteration": 0
        },
        {
            "queries": [
                "Best cities for winter vacations"
            ],
            "iteration": 0,
            "retrieved_lists": [
                [
                    "320",
                    "410",
                    "142",
                    "392",
                    "134",
                    "400",
                    "497",
                    "188",
                    "283",
                    "409",
                    "412",
                    "408",
                    "319",
                    "121",
                    "382",
                    "411",
                    "402",
                    "199",
                    "343",
                    "490",
                    "338",
                    "63",
                    "332",
                    "425",
                    "330",
                    "74",
                    "314",
                    "43",
                    "352",
                    "141",
                    "368",
                    "516",
                    "120",
                    "543",
                    "403",
                    "545",
                    "105",
                    "450",
                    "237",
                    "329",
                    "299",
                    "345",
                    "99",
                    "110",
                    "22",
                    "420",
                    "119",
                    "303",
                    "349",
                    "492",
                    "23",
                    "468",
                    "89",
                    "210",
                    "401",
                    "427",
                    "295",
                    "204",
                    "500",
                    "415"
                ]
            ],