{
    "queries": [
        "Spectacular coastal cities"
    ],
    "iteration": 0,
    "retrieved_lists": [
        [
            "338",
            "520",
            "392",
            "340",
            "303",
            "92",
            "368",
            "399",
            "1",
            "400"
        ]
    ],
    "all_sim_scores": [
        [
            0.5056756734848022,
            0.48917341232299805,
            0.4784693121910095,
            0.47469767928123474,
            0.46940284967422485,
            0.46806058287620544,
            0.4531710743904114,
            0.4505873918533325,
            0.4486936628818512,
            0.44821542501449585
        ]
    ],
    "last_action_method": "return_last_retrieved_list",
    "curr_top_k_docIDs": [
        "338",
        "520",
        "392",
        "340",
        "303",
        "92",
        "368",
        "399",
        "1",
        "400"
    ],
    "terminate": true,
    "state_history": [
        {
            "queries": [
                "Spectacular coastal cities"
            ],
            "iteration": 0
        },
        {
            "queries": [
                "Spectacular coastal cities"
            ],
            "iteration": 0,
            "retrieved_lists": [
                [
                    "338",
                    "520",
                    "392",
                    "340",
                    "303",
                    "92",
                    "368",
                    "399",
                    "1",
                    "400"
                ]
            ],
            "all_sim_scores": [
                [
                    0.5056756734848022,
                    0.48917341232299805,
                    0.4784693121910095,
                    0.47469767928123474,
                    0.46940284967422485,
                    0.46806058287620544,
                    0.4531710743904114,
                    0.4505873918533325,
                    0.4486936628818512,
                    0.44821542501449585
                ]
            ],
            "last_action_method": "rank"
        },
        {
            "queries": [
                "Spectacular coastal cities"
            ],
            "iteration": 0,
            "retrieved_lists": [
                [
                    "338",
                    "520",
                    "392",
                    "340",
                    "303",
                    "92",
                    "368",
                    "399",
                    "1",
                    "400"
                ]
            ],
            "all_sim_scores": [
                [
                    0.5056756734848022,
                    0.48917341232299805,
                    0.4784693121910095,
                    0.47469767928123474,
                    0.46940284967422485,
                    0.46806058287620544,
                    0.4531710743904114,
                    0.4505873918533325,
                    0.4486936628818512,
                    0.44821542501449585
                ]
            ],
            "last_action_method": "return_last_retrieved_list",
            "curr_top_k_docIDs": [
                "338",
                "520",
                "392",
                "340",
                "303",
                "92",
                "368",
                "399",
                "1",
                "400"
            ],
            "terminate": true
        }
    ]
}