{
    "queries": [
        "Educational cities for student trips"
    ],
    "iteration": 0,
    "retrieved_lists": [
        [
            "497",
            "199",
            "348",
            "347",
            "92",
            "392",
            "543",
            "320",
            "204",
            "226",
            "79",
            "42",
            "329",
            "283",
            "61",
            "405",
            "352",
            "99",
            "303",
            "96",
            "59",
            "409",
            "438",
            "368",
            "188",
            "458",
            "101",
            "343",
            "116",
            "338",
            "107",
            "196",
            "467",
            "400",
            "125",
            "70",
            "328",
            "450",
            "251",
            "120",
            "240",
            "482",
            "131",
            "127",
            "142",
            "339",
            "401",
            "180",
            "425",
            "382",
            "445",
            "227",
            "157",
            "330",
            "110",
            "295",
            "415",
            "174",
            "179",
            "413"
        ]
    ],
    "all_sim_scores": [
        [
            0.37471315264701843,
            0.3637290596961975,
            0.35723406076431274,
            0.35192105174064636,
            0.3481981158256531,
            0.3443588316440582,
            0.3329318165779114,
            0.3328094184398651,
            0.33187901973724365,
            0.331642746925354,
            0.33044567704200745,
            0.3241715431213379,
            0.32323402166366577,
            0.32284146547317505,
            0.32244187593460083,
            0.3209559917449951,
            0.31881117820739746,
            0.3168921172618866,
            0.31569719314575195,
            0.31363508105278015,
            0.3133993446826935,
            0.3110482692718506,
            0.3092994689941406,
            0.30869483947753906,
            0.30657994747161865,
            0.30527403950691223,
            0.3050249218940735,
            0.3040677309036255,
            0.30363065004348755,
            0.30343079566955566,
            0.3033398985862732,
            0.30181992053985596,
            0.30024707317352295,
            0.2990844249725342,
            0.29710209369659424,
            0.2969302833080292,
            0.2964467406272888,
            0.29548653960227966,
            0.29421013593673706,
            0.29417768120765686,
            0.29398804903030396,
            0.29289090633392334,
            0.2924691140651703,
            0.291404128074646,
            0.29136157035827637,
            0.29042214155197144,
            0.28965768218040466,
            0.289558470249176,
            0.28905579447746277,
            0.28897708654403687,
            0.2889518439769745,
            0.28856173157691956,
            0.2885517179965973,
            0.28834736347198486,
            0.2880435585975647,
            0.2877437472343445,
            0.2875616252422333,
            0.2870948314666748,
            0.28594309091567993,
            0.2852955460548401
        ]
    ],
    "last_action_method": "return_last_retrieved_list",
    "curr_top_k_docIDs": [
        "497",
        "199",
        "348",
        "347",
        "92",
        "392",
        "543",
        "320",
        "204",
        "226",
        "79",
        "42",
        "329",
        "283",
        "61",
        "405",
        "352",
        "99",
        "303",
        "96",
        "59",
        "409",
        "438",
        "368",
        "188",
        "458",
        "101",
        "343",
        "116",
        "338",
        "107",
        "196",
        "467",
        "400",
        "125",
        "70",
        "328",
        "450",
        "251",
        "120",
        "240",
        "482",
        "131",
        "127",
        "142",
        "339",
        "401",
        "180",
        "425",
        "382",
        "445",
        "227",
        "157",
        "330",
        "110",
        "295",
        "415",
        "174",
        "179",
        "413"
    ],
    "terminate": true,
    "state_history": [
        {
            "queries": [
                "Educational cities for student trips"
            ],
            "iteration": 0
        },
        {
            "queries": [
                "Educational cities for student trips"
            ],
            "iteration": 0,
            "retrieved_lists": [
                [
                    "497",
                    "199",
                    "348",
                    "347",
                    "92",
                    "392",
                    "543",
                    "320",
                    "204",
                    "226",
                    "79",
                    "42",
                    "329",
                    "283",
                    "61",
                    "405",
                    "352",
                    "99",
                    "303",
                    "96",
                    "59",
                    "409",
                    "438",
                    "368",
                    "188",
                    "458",
                    "101",
                    "343",
                    "116",
                    "338",
                    "107",
                    "196",
                    "467",
                    "400",
                    "125",
                    "70",
                    "328",
                    "450",
                    "251",
                    "120",
                    "240",
                    "482",
                    "131",
                    "127",
                    "142",
                    "339",
                    "401",
                    "180",
                    "425",
                    "382",
                    "445",
                    "227",
                    "157",
                    "330",
                    "110",
                    "295",
                    "415",
                    "174",
                    "179",
                    "413"
                ]
            ],