{
    "queries": [
        "Cleanest cities to visit"
    ],
    "iteration": 0,
    "retrieved_lists": [
        [
            "283",
            "320",
            "400",
            "199",
            "497",
            "332",
            "368",
            "22",
            "338",
            "343"
        ]
    ],
    "all_sim_scores": [
        [
            0.4446977376937866,
            0.435905784368515,
            0.43511682748794556,
            0.4140385389328003,
            0.4097769558429718,
            0.39529675245285034,
            0.3932502567768097,
            0.38927167654037476,
            0.38757163286209106,
            0.3843982219696045
        ]
    ],
    "last_action_method": "return_last_retrieved_list",
    "curr_top_k_docIDs": [
        "283",
        "320",
        "400",
        "199",
        "497",
        "332",
        "368",
        "22",
        "338",
        "343"
    ],
    "terminate": true,
    "state_history": [
        {
            "queries": [
                "Cleanest cities to visit"
            ],
            "iteration": 0
        },
        {
            "queries": [
                "Cleanest cities to visit"
            ],
            "iteration": 0,
            "retrieved_lists": [
                [
                    "283",
                    "320",
                    "400",
                    "199",
                    "497",
                    "332",
                    "368",
                    "22",
                    "338",
                    "343"
                ]
            ],
            "all_sim_scores": [
                [
                    0.4446977376937866,
                    0.435905784368515,
                    0.43511682748794556,
                    0.4140385389328003,
                    0.4097769558429718,
                    0.39529675245285034,
                    0.3932502567768097,
                    0.38927167654037476,
                    0.38757163286209106,
                    0.3843982219696045
                ]
            ],
            "last_action_method": "rank"
        },
        {
            "queries": [
                "Cleanest cities to visit"
            ],
            "iteration": 0,
            "retrieved_lists": [
                [
                    "283",
                    "320",
                    "400",
                    "199",
                    "497",
                    "332",
                    "368",
                    "22",
                    "338",
                    "343"
                ]
            ],
            "all_sim_scores": [
                [
                    0.4446977376937866,
                    0.435905784368515,
                    0.43511682748794556,
                    0.4140385389328003,
                    0.4097769558429718,
                    0.39529675245285034,
                    0.3932502567768097,
                    0.38927167654037476,
                    0.38757163286209106,
                    0.3843982219696045
                ]
            ],
            "last_action_method": "return_last_retrieved_list",
            "curr_top_k_docIDs": [
                "283",
                "320",
                "400",
                "199",
                "497",
                "332",
                "368",
                "22",
                "338",
                "343"
            ],
            "terminate": true
        }
    ]
}