{
    "queries": [
        "how many different kinds of pokemon cards are there"
    ],
    "iteration": 0,
    "retrieved_lists": [
        [
            "doc5120",
            "doc2563510",
            "doc2563512",
            "doc2074191",
            "doc958085",
            "doc2205838",
            "doc2210542",
            "doc2604234",
            "doc1355790",
            "doc766923",
            "doc762513",
            "doc593255",
            "doc1543691",
            "doc1481750",
            "doc2430075",
            "doc2578802",
            "doc49104",
            "doc1095089",
            "doc353251",
            "doc593294",
            "doc766852",
            "doc2301419",
            "doc2008696",
            "doc168650",
            "doc2615087",
            "doc1828857",
            "doc346878",
            "doc1371014",
            "doc2578547",
            "doc2607737",
            "doc1554726",
            "doc1453303",
            "doc374058",
            "doc1508763",
            "doc313077",
            "doc581702",
            "doc95141",
            "doc1561689",
            "doc1078852",
            "doc135942",
            "doc1176997",
            "doc839403",
            "doc800696",
            "doc26279",
            "doc576642",
            "doc2501175",
            "doc2622882",
            "doc2675970",
            "doc2448037",
            "doc2264862",
            "doc2159476",
            "doc2578615",
            "doc811611",
            "doc1139164",
            "doc2274290",
            "doc1085620",
            "doc1864712",
            "doc1016085",
            "doc295341",
            "doc1182921"
        ]
    ],
    "all_sim_scores": [
        [
            0.7312194108963013,
            0.4605393707752228,
            0.4282941222190857,
            0.41622814536094666,
            0.39852699637413025,
            0.39282312989234924,
            0.3801635503768921,
            0.3767034411430359,
            0.37660205364227295,
            0.34854596853256226,
            0.33808764815330505,
            0.33675312995910645,
            0.3246392607688904,
            0.31334465742111206,
            0.29942408204078674,
            0.2967051565647125,
            0.2948337197303772,
            0.28877943754196167,
            0.2876654863357544,
            0.28748735785484314,
            0.2832498252391815,
            0.2826407551765442,
            0.2823992371559143,
            0.27886635065078735,
            0.2780148983001709,
            0.2711401879787445,
            0.2704346776008606,
            0.2697874903678894,
            0.267023503780365,
            0.26650914549827576,
            0.26606541872024536,
            0.2625209093093872,
            0.2622135281562805,
            0.26159238815307617,
            0.2614189684391022,
            0.26140958070755005,
            0.25995326042175293,
            0.25874054431915283,
            0.2550463378429413,
            0.25432339310646057,
            0.2512860894203186,
            0.25109297037124634,
            0.2504991888999939,
            0.24945074319839478,
            0.2453971952199936,
            0.24438884854316711,
            0.2439848929643631,
            0.2423262894153595,
            0.24191921949386597,
            0.24133241176605225,
            0.24003934860229492,
            0.23946265876293182,
            0.23904530704021454,
            0.23811152577400208,
            0.23770888149738312,
            0.23755744099617004,
            0.2375427633523941,
            0.23531898856163025,
            0.2345486432313919,
            0.23355697095394135
        ]
    ],
    "last_action_method": "return_last_retrieved_list",
    "curr_top_k_docIDs": [
        "doc5120",
        "doc2563510",
        "doc2563512",
        "doc2074191",
        "doc958085",
        "doc2205838",
        "doc2210542",
        "doc2604234",
        "doc1355790",
        "doc766923",
        "doc762513",
        "doc593255",
        "doc1543691",
        "doc1481750",
        "doc2430075",
        "doc2578802",
        "doc49104",
        "doc1095089",
        "doc353251",
        "doc593294",
        "doc766852",
        "doc2301419",
        "doc2008696",
        "doc168650",
        "doc2615087",
        "doc1828857",
        "doc346878",
        "doc1371014",
        "doc2578547",
        "doc2607737",
        "doc1554726",
        "doc1453303",
        "doc374058",
        "doc1508763",
        "doc313077",
        "doc581702",
        "doc95141",
        "doc1561689",
        "doc1078852",
        "doc135942",
        "doc1176997",
        "doc839403",
        "doc800696",
        "doc26279",
        "doc576642",
        "doc2501175",
        "doc2622882",
        "doc2675970",
        "doc2448037",
        "doc2264862",
        "doc2159476",
        "doc2578615",
        "doc811611",
        "doc1139164",
        "doc2274290",
        "doc1085620",
        "doc1864712",
        "doc1016085",
        "doc295341",
        "doc1182921"
    ],
    "terminate": true,
    "state_history": [
        {
            "queries": [
                "how many different kinds of pokemon cards are there"
            ],
            "iteration": 0
        },
        {
            "queries": [
                "how many different kinds of pokemon cards are there"
            ],
            "iteration": 0,
            "retrieved_lists": [
                [
                    "doc5120",
                    "doc2563510",
                    "doc2563512",
                    "doc2074191",
                    "doc958085",
                    "doc2205838",
                    "doc2210542",
                    "doc2604234",
                    "doc1355790",
                    "doc766923",
                    "doc762513",
                    "doc593255",
                    "doc1543691",
                    "doc1481750",
                    "doc2430075",
                    "doc2578802",
                    "doc49104",
                    "doc1095089",
                    "doc353251",
                    "doc593294",
                    "doc766852",
                    "doc2301419",
                    "doc2008696",
                    "doc168650",
                    "doc2615087",
                    "doc1828857",
                    "doc346878",
                    "doc1371014",
                    "doc2578547",
                    "doc2607737",
                    "doc1554726",
                    "doc1453303",
                    "doc374058",
                    "doc1508763",
                    "doc313077",
                    "doc581702",
                    "doc95141",
                    "doc1561689",
                    "doc1078852",
                    "doc135942",
                    "doc1176997",
                    "doc839403",
                    "doc800696",
                    "doc26279",
                    "doc576642",
                    "doc2501175",
                    "doc2622882",
                    "doc2675970",
                    "doc2448037",
                    "doc2264862",
                    "doc2159476",
                    "doc2578615",
                    "doc811611",
                    "doc1139164",
                    "doc2274290",
                    "doc1085620",
                    "doc1864712",
                    "doc1016085",
                    "doc295341",
                    "doc1182921"
                ]
            ],