{
    "queries": [
        "Hidden gem cities for a peaceful holiday"
    ],
    "iteration": 0,
    "retrieved_lists": [
        [
            "520",
            "92",
            "378",
            "76",
            "8",
            "168",
            "22",
            "201",
            "95",
            "120"
        ]
    ],
    "all_sim_scores": [
        [
            0.6251716613769531,
            0.6094979047775269,
            0.6075254082679749,
            0.6062597036361694,
            0.6051573753356934,
            0.5961182117462158,
            0.5948137044906616,
            0.5944021940231323,
            0.59285569190979,
            0.5923494100570679
        ]
    ],
    "last_action_method": "return_last_retrieved_list",
    "curr_top_k_docIDs": [
        "520",
        "92",
        "378",
        "76",
        "8",
        "168",
        "22",
        "201",
        "95",
        "120"
    ],
    "terminate": true,
    "state_history": [
        {
            "queries": [
                "Hidden gem cities for a peaceful holiday"
            ],
            "iteration": 0
        },
        {
            "queries": [
                "Hidden gem cities for a peaceful holiday"
            ],
            "iteration": 0,
            "retrieved_lists": [
                [
                    "520",
                    "92",
                    "378",
                    "76",
                    "8",
                    "168",
                    "22",
                    "201",
                    "95",
                    "120"
                ]
            ],
            "all_sim_scores": [
                [
                    0.6251716613769531,
                    0.6094979047775269,
                    0.6075254082679749,
                    0.6062597036361694,
                    0.6051573753356934,
                    0.5961182117462158,
                    0.5948137044906616,
                    0.5944021940231323,
                    0.59285569190979,
                    0.5923494100570679
                ]
            ],
            "last_action_method": "rank"
        },
        {
            "queries": [
                "Hidden gem cities for a peaceful holiday"
            ],
            "iteration": 0,
            "retrieved_lists": [
                [
                    "520",
                    "92",
                    "378",
                    "76",
                    "8",
                    "168",
                    "22",
                    "201",
                    "95",
                    "120"
                ]
            ],
            "all_sim_scores": [
                [
                    0.6251716613769531,
                    0.6094979047775269,
                    0.6075254082679749,
                    0.6062597036361694,
                    0.6051573753356934,
                    0.5961182117462158,
                    0.5948137044906616,
                    0.5944021940231323,
                    0.59285569190979,
                    0.5923494100570679
                ]
            ],
            "last_action_method": "return_last_retrieved_list",
            "curr_top_k_docIDs": [
                "520",
                "92",
                "378",
                "76",
                "8",
                "168",
                "22",
                "201",
                "95",
                "120"
            ],
            "terminate": true
        }
    ]
}