{
    "queries": [
        "Perfect cities for introverts"
    ],
    "iteration": 0,
    "retrieved_lists": [
        [
            "199",
            "320",
            "543",
            "497",
            "400",
            "283",
            "226",
            "145",
            "490",
            "131"
        ]
    ],
    "all_sim_scores": [
        [
            0.41199806332588196,
            0.3777528405189514,
            0.37537750601768494,
            0.3716544210910797,
            0.3618927001953125,
            0.3517855107784271,
            0.35034582018852234,
            0.3395131826400757,
            0.33947503566741943,
            0.33803045749664307
        ]
    ],
    "last_action_method": "return_last_retrieved_list",
    "curr_top_k_docIDs": [
        "199",
        "320",
        "543",
        "497",
        "400",
        "283",
        "226",
        "145",
        "490",
        "131"
    ],
    "terminate": true,
    "state_history": [
        {
            "queries": [
                "Perfect cities for introverts"
            ],
            "iteration": 0
        },
        {
            "queries": [
                "Perfect cities for introverts"
            ],
            "iteration": 0,
            "retrieved_lists": [
                [
                    "199",
                    "320",
                    "543",
                    "497",
                    "400",
                    "283",
                    "226",
                    "145",
                    "490",
                    "131"
                ]
            ],
            "all_sim_scores": [
                [
                    0.41199806332588196,
                    0.3777528405189514,
                    0.37537750601768494,
                    0.3716544210910797,
                    0.3618927001953125,
                    0.3517855107784271,
                    0.35034582018852234,
                    0.3395131826400757,
                    0.33947503566741943,
                    0.33803045749664307
                ]
            ],
            "last_action_method": "rank"
        },
        {
            "queries": [
                "Perfect cities for introverts"
            ],
            "iteration": 0,
            "retrieved_lists": [
                [
                    "199",
                    "320",
                    "543",
                    "497",
                    "400",
                    "283",
                    "226",
                    "145",
                    "490",
                    "131"
                ]
            ],
            "all_sim_scores": [
                [
                    0.41199806332588196,
                    0.3777528405189514,
                    0.37537750601768494,
                    0.3716544210910797,
                    0.3618927001953125,
                    0.3517855107784271,
                    0.35034582018852234,
                    0.3395131826400757,
                    0.33947503566741943,
                    0.33803045749664307
                ]
            ],
            "last_action_method": "return_last_retrieved_list",
            "curr_top_k_docIDs": [
                "199",
                "320",
                "543",
                "497",
                "400",
                "283",
                "226",
                "145",
                "490",
                "131"
            ],
            "terminate": true
        }
    ]
}