{
    "queries": [
        "when was the minimum wage established in the united states"
    ],
    "iteration": 0,
    "retrieved_lists": [
        [
            "doc1470024",
            "doc57725",
            "doc173751",
            "doc57720",
            "doc57724",
            "doc2049116",
            "doc57752",
            "doc1471649",
            "doc1029034",
            "doc1175181",
            "doc57734",
            "doc858981",
            "doc858975",
            "doc1889737",
            "doc858968",
            "doc858844",
            "doc858791",
            "doc858895",
            "doc858891",
            "doc859024",
            "doc858871",
            "doc858809",
            "doc2049215",
            "doc1431022",
            "doc859034",
            "doc858964",
            "doc858810",
            "doc858784",
            "doc1889732",
            "doc2169430",
            "doc1029046",
            "doc190160",
            "doc494760",
            "doc1029061",
            "doc2192603",
            "doc2086272",
            "doc1508692",
            "doc2190733",
            "doc1956233",
            "doc151727",
            "doc693006",
            "doc828270",
            "doc2286590",
            "doc735075",
            "doc1029022",
            "doc1056923",
            "doc2190728",
            "doc1435086",
            "doc909683",
            "doc1029071",
            "doc662435",
            "doc662434",
            "doc662385",
            "doc662392",
            "doc2672012",
            "doc104798",
            "doc1471622",
            "doc662414",
            "doc662598",
            "doc706794"
        ]
    ],
    "all_sim_scores": [
        [
            0.8029826879501343,
            0.7596921324729919,
            0.7455263137817383,
            0.7395452260971069,
            0.7201553583145142,
            0.6833986639976501,
            0.6664126515388489,
            0.6097487211227417,
            0.6069328784942627,
            0.5912575125694275,
            0.5905792713165283,
            0.5878525972366333,
            0.5875721573829651,
            0.5867780447006226,
            0.5846081972122192,
            0.5789754390716553,
            0.5748069286346436,
            0.5688120126724243,
            0.5676230192184448,
            0.5672884583473206,
            0.5655407905578613,
            0.5634331107139587,
            0.5620454549789429,
            0.5598828792572021,
            0.5555726289749146,
            0.5554847717285156,
            0.5477332472801208,
            0.5476067662239075,
            0.5436160564422607,
            0.5165432095527649,
            0.5142824053764343,
            0.5130764245986938,
            0.49831926822662354,
            0.49808454513549805,
            0.49309077858924866,
            0.4762885570526123,
            0.47094619274139404,
            0.46880170702934265,
            0.46572762727737427,
            0.45689886808395386,
            0.4555467963218689,
            0.44696056842803955,
            0.44312596321105957,
            0.4427156448364258,
            0.4414307475090027,
            0.44060996174812317,
            0.436712384223938,
            0.4342097043991089,
            0.4243239462375641,
            0.4241962730884552,
            0.42417603731155396,
            0.42417603731155396,
            0.42245909571647644,
            0.4182928204536438,
            0.418207585811615,
            0.41710153222084045,
            0.4115975499153137,
            0.40812623500823975,
            0.4068169593811035,
            0.40361183881759644
        ]
    ],
    "last_action_method": "return_last_retrieved_list",
    "curr_top_k_docIDs": [
        "doc1470024",
        "doc57725",
        "doc173751",
        "doc57720",
        "doc57724",
        "doc2049116",
        "doc57752",
        "doc1471649",
        "doc1029034",
        "doc1175181",
        "doc57734",
        "doc858981",
        "doc858975",
        "doc1889737",
        "doc858968",
        "doc858844",
        "doc858791",
        "doc858895",
        "doc858891",
        "doc859024",
        "doc858871",
        "doc858809",
        "doc2049215",
        "doc1431022",
        "doc859034",
        "doc858964",
        "doc858810",
        "doc858784",
        "doc1889732",
        "doc2169430",
        "doc1029046",
        "doc190160",
        "doc494760",
        "doc1029061",
        "doc2192603",
        "doc2086272",
        "doc1508692",
        "doc2190733",
        "doc1956233",
        "doc151727",
        "doc693006",
        "doc828270",
        "doc2286590",
        "doc735075",
        "doc1029022",
        "doc1056923",
        "doc2190728",
        "doc1435086",
        "doc909683",
        "doc1029071",
        "doc662435",
        "doc662434",
        "doc662385",
        "doc662392",
        "doc2672012",
        "doc104798",
        "doc1471622",
        "doc662414",
        "doc662598",
        "doc706794"
    ],
    "terminate": true,
    "state_history": [
        {
            "queries": [
                "when was the minimum wage established in the united states"
            ],
            "iteration": 0
        },
        {
            "queries": [
                "when was the minimum wage established in the united states"
            ],
            "iteration": 0,
            "retrieved_lists": [
                [
                    "doc1470024",
                    "doc57725",
                    "doc173751",
                    "doc57720",
                    "doc57724",
                    "doc2049116",
                    "doc57752",
                    "doc1471649",
                    "doc1029034",
                    "doc1175181",
                    "doc57734",
                    "doc858981",
                    "doc858975",
                    "doc1889737",
                    "doc858968",
                    "doc858844",
                    "doc858791",
                    "doc858895",
                    "doc858891",
                    "doc859024",
                    "doc858871",
                    "doc858809",
                    "doc2049215",
                    "doc1431022",
                    "doc859034",
                    "doc858964",
                    "doc858810",
                    "doc858784",
                    "doc1889732",
                    "doc2169430",
                    "doc1029046",
                    "doc190160",
                    "doc494760",
                    "doc1029061",
                    "doc2192603",
                    "doc2086272",
                    "doc1508692",
                    "doc2190733",
                    "doc1956233",
                    "doc151727",
                    "doc693006",
                    "doc828270",
                    "doc2286590",
                    "doc735075",
                    "doc1029022",
                    "doc1056923",
                    "doc2190728",
                    "doc1435086",
                    "doc909683",
                    "doc1029071",
                    "doc662435",
                    "doc662434",
                    "doc662385",
                    "doc662392",
                    "doc2672012",
                    "doc104798",
                    "doc1471622",
                    "doc662414",
                    "doc662598",
                    "doc706794"
                ]
            ],