{
    "queries": [
        "who picks the players in the nfl draft"
    ],
    "iteration": 0,
    "retrieved_lists": [
        [
            "doc96338",
            "doc2149810",
            "doc2309196",
            "doc1568578",
            "doc1568587",
            "doc1457751",
            "doc96375",
            "doc1378957",
            "doc158636",
            "doc96359",
            "doc358791",
            "doc1378969",
            "doc697513",
            "doc96348",
            "doc1904029",
            "doc358790",
            "doc358777",
            "doc991809",
            "doc1173322",
            "doc1017382",
            "doc307104",
            "doc2013708",
            "doc1186115",
            "doc1855169",
            "doc1509378",
            "doc1163597",
            "doc2626048",
            "doc1616573",
            "doc2319536",
            "doc1980342",
            "doc320490",
            "doc1623903",
            "doc843129",
            "doc716849",
            "doc96350",
            "doc787527",
            "doc1078730",
            "doc2013666",
            "doc2093541",
            "doc1559493",
            "doc894857",
            "doc2184386",
            "doc1588178",
            "doc1835425",
            "doc1159179",
            "doc557607",
            "doc1049333",
            "doc1161517",
            "doc2100708",
            "doc1252195",
            "doc982524",
            "doc1353869",
            "doc98089",
            "doc716858",
            "doc2345576",
            "doc432547",
            "doc1225454",
            "doc2484249",
            "doc999885",
            "doc1559495"
        ]
    ],
    "all_sim_scores": [
        [
            0.6948343515396118,
            0.6912413835525513,
            0.6815158128738403,
            0.6296635866165161,
            0.6203303337097168,
            0.6017627716064453,
            0.5989758968353271,
            0.5929291248321533,
            0.5900061130523682,
            0.5825732350349426,
            0.5667984485626221,
            0.5640097856521606,
            0.5591844320297241,
            0.5584269762039185,
            0.5532172918319702,
            0.5520883798599243,
            0.5466527342796326,
            0.5373374223709106,
            0.537285327911377,
            0.5344164371490479,
            0.5302356481552124,
            0.5144038200378418,
            0.5138082504272461,
            0.5129876136779785,
            0.5119619369506836,
            0.5100182294845581,
            0.509395182132721,
            0.5061246156692505,
            0.5011001825332642,
            0.4993017315864563,
            0.4978388249874115,
            0.495853066444397,
            0.49517133831977844,
            0.4901663661003113,
            0.4889274537563324,
            0.48668983578681946,
            0.48661959171295166,
            0.4848540723323822,
            0.4845375418663025,
            0.4823857545852661,
            0.4789208173751831,
            0.4739353656768799,
            0.4725855588912964,
            0.4724748134613037,
            0.4722807705402374,
            0.469772607088089,
            0.4664008915424347,
            0.46401143074035645,
            0.4569592773914337,
            0.4545278251171112,
            0.4541075825691223,
            0.4533650279045105,
            0.4515327215194702,
            0.45056724548339844,
            0.4458754062652588,
            0.44435739517211914,
            0.44354814291000366,
            0.44196340441703796,
            0.44134610891342163,
            0.4407404363155365
        ]
    ],
    "last_action_method": "return_last_retrieved_list",
    "curr_top_k_docIDs": [
        "doc96338",
        "doc2149810",
        "doc2309196",
        "doc1568578",
        "doc1568587",
        "doc1457751",
        "doc96375",
        "doc1378957",
        "doc158636",
        "doc96359",
        "doc358791",
        "doc1378969",
        "doc697513",
        "doc96348",
        "doc1904029",
        "doc358790",
        "doc358777",
        "doc991809",
        "doc1173322",
        "doc1017382",
        "doc307104",
        "doc2013708",
        "doc1186115",
        "doc1855169",
        "doc1509378",
        "doc1163597",
        "doc2626048",
        "doc1616573",
        "doc2319536",
        "doc1980342",
        "doc320490",
        "doc1623903",
        "doc843129",
        "doc716849",
        "doc96350",
        "doc787527",
        "doc1078730",
        "doc2013666",
        "doc2093541",
        "doc1559493",
        "doc894857",
        "doc2184386",
        "doc1588178",
        "doc1835425",
        "doc1159179",
        "doc557607",
        "doc1049333",
        "doc1161517",
        "doc2100708",
        "doc1252195",
        "doc982524",
        "doc1353869",
        "doc98089",
        "doc716858",
        "doc2345576",
        "doc432547",
        "doc1225454",
        "doc2484249",
        "doc999885",
        "doc1559495"
    ],
    "terminate": true,
    "state_history": [
        {
            "queries": [
                "who picks the players in the nfl draft"
            ],
            "iteration": 0
        },
        {
            "queries": [
                "who picks the players in the nfl draft"
            ],
            "iteration": 0,
            "retrieved_lists": [
                [
                    "doc96338",
                    "doc2149810",
                    "doc2309196",
                    "doc1568578",
                    "doc1568587",
                    "doc1457751",
                    "doc96375",
                    "doc1378957",
                    "doc158636",
                    "doc96359",
                    "doc358791",
                    "doc1378969",
                    "doc697513",
                    "doc96348",
                    "doc1904029",
                    "doc358790",
                    "doc358777",
                    "doc991809",
                    "doc1173322",
                    "doc1017382",
                    "doc307104",
                    "doc2013708",
                    "doc1186115",
                    "doc1855169",
                    "doc1509378",
                    "doc1163597",
                    "doc2626048",
                    "doc1616573",
                    "doc2319536",
                    "doc1980342",
                    "doc320490",
                    "doc1623903",
                    "doc843129",
                    "doc716849",
                    "doc96350",
                    "doc787527",
                    "doc1078730",
                    "doc2013666",
                    "doc2093541",
                    "doc1559493",
                    "doc894857",
                    "doc2184386",
                    "doc1588178",
                    "doc1835425",
                    "doc1159179",
                    "doc557607",
                    "doc1049333",
                    "doc1161517",
                    "doc2100708",
                    "doc1252195",
                    "doc982524",
                    "doc1353869",
                    "doc98089",
                    "doc716858",
                    "doc2345576",
                    "doc432547",
                    "doc1225454",
                    "doc2484249",
                    "doc999885",
                    "doc1559495"
                ]
            ],