{
    "queries": [
        "Top cities for music lovers"
    ],
    "iteration": 0,
    "retrieved_lists": [
        [
            "283",
            "320",
            "400",
            "204",
            "315",
            "180",
            "280",
            "543",
            "497",
            "249",
            "251",
            "343",
            "199",
            "397",
            "102",
            "22",
            "105",
            "405",
            "520",
            "392",
            "70",
            "427",
            "457",
            "100",
            "245",
            "121",
            "490",
            "43",
            "237",
            "319",
            "328",
            "67",
            "428",
            "110",
            "295",
            "226",
            "492",
            "74",
            "227",
            "174",
            "63",
            "138",
            "339",
            "401",
            "229",
            "1",
            "342",
            "407",
            "78",
            "338",
            "368",
            "120",
            "46",
            "525",
            "402",
            "352",
            "187",
            "109",
            "55",
            "423"
        ]
    ],
    "all_sim_scores": [
        [
            0.46046173572540283,
            0.4574819803237915,
            0.4442713260650635,
            0.42900729179382324,
            0.4269847869873047,
            0.4266119599342346,
            0.42489951848983765,
            0.4243014454841614,
            0.4239772856235504,
            0.41469669342041016,
            0.4138275682926178,
            0.41229093074798584,
            0.40568143129348755,
            0.4053226709365845,
            0.4020565152168274,
            0.40005284547805786,
            0.39884740114212036,
            0.39719071984291077,
            0.39546293020248413,
            0.39342862367630005,
            0.3908267617225647,
            0.3900938332080841,
            0.3899296522140503,
            0.38805466890335083,
            0.38629624247550964,
            0.38536536693573,
            0.38486918807029724,
            0.38467109203338623,
            0.3826712369918823,
            0.3824595510959625,
            0.38146233558654785,
            0.3805711567401886,
            0.3787885904312134,
            0.3760268986225128,
            0.3738992214202881,
            0.37252628803253174,
            0.3719911277294159,
            0.36971163749694824,
            0.36964738368988037,
            0.36934083700180054,
            0.368591845035553,
            0.36723241209983826,
            0.36688387393951416,
            0.3655952513217926,
            0.3641170859336853,
            0.36326634883880615,
            0.3623451292514801,
            0.3617400825023651,
            0.3593961000442505,
            0.3593493103981018,
            0.35908830165863037,
            0.35838407278060913,
            0.35752373933792114,
            0.35684460401535034,
            0.3566107153892517,
            0.3560909926891327,
            0.355243980884552,
            0.3542535901069641,
            0.3535967469215393,
            0.3531705141067505
        ]
    ],
    "last_action_method": "return_last_retrieved_list",
    "curr_top_k_docIDs": [
        "283",
        "320",
        "400",
        "204",
        "315",
        "180",
        "280",
        "543",
        "497",
        "249",
        "251",
        "343",
        "199",
        "397",
        "102",
        "22",
        "105",
        "405",
        "520",
        "392",
        "70",
        "427",
        "457",
        "100",
        "245",
        "121",
        "490",
        "43",
        "237",
        "319",
        "328",
        "67",
        "428",
        "110",
        "295",
        "226",
        "492",
        "74",
        "227",
        "174",
        "63",
        "138",
        "339",
        "401",
        "229",
        "1",
        "342",
        "407",
        "78",
        "338",
        "368",
        "120",
        "46",
        "525",
        "402",
        "352",
        "187",
        "109",
        "55",
        "423"
    ],
    "terminate": true,
    "state_history": [
        {
            "queries": [
                "Top cities for music lovers"
            ],
            "iteration": 0
        },
        {
            "queries": [
                "Top cities for music lovers"
            ],
            "iteration": 0,
            "retrieved_lists": [
                [
                    "283",
                    "320",
                    "400",
                    "204",
                    "315",
                    "180",
                    "280",
                    "543",
                    "497",
                    "249",
                    "251",
                    "343",
                    "199",
                    "397",
                    "102",
                    "22",
                    "105",
                    "405",
                    "520",
                    "392",
                    "70",
                    "427",
                    "457",
                    "100",
                    "245",
                    "121",
                    "490",
                    "43",
                    "237",
                    "319",
                    "328",
                    "67",
                    "428",
                    "110",
                    "295",
                    "226",
                    "492",
                    "74",
                    "227",
                    "174",
                    "63",
                    "138",
                    "339",
                    "401",
                    "229",
                    "1",
                    "342",
                    "407",
                    "78",
                    "338",
                    "368",
                    "120",
                    "46",
                    "525",
                    "402",
                    "352",
                    "187",
                    "109",
                    "55",
                    "423"
                ]
            ],