{
    "queries": [
        "who invented the first computer game in 1962 and what was the name of the game"
    ],
    "iteration": 0,
    "retrieved_lists": [
        [
            "doc484134",
            "doc1127090",
            "doc273462",
            "doc2117324",
            "doc566680",
            "doc1355209",
            "doc1509619",
            "doc281617",
            "doc697144",
            "doc484165",
            "doc2630603",
            "doc2630611",
            "doc1330187",
            "doc66731",
            "doc1429081",
            "doc749708",
            "doc49070",
            "doc2625138",
            "doc57582",
            "doc65425",
            "doc589657",
            "doc126269",
            "doc2320374",
            "doc1017198",
            "doc2460476",
            "doc581715",
            "doc520757",
            "doc2630653",
            "doc484200",
            "doc1232187",
            "doc268588",
            "doc94491",
            "doc2580559",
            "doc1529165",
            "doc126263",
            "doc286863",
            "doc1442207",
            "doc766852",
            "doc353207",
            "doc209528",
            "doc566765",
            "doc1174617",
            "doc1355233",
            "doc1540699",
            "doc484206",
            "doc1141599",
            "doc1367764",
            "doc2117304",
            "doc934061",
            "doc2117173",
            "doc1367757",
            "doc2117282",
            "doc1499774",
            "doc1893455",
            "doc899519",
            "doc598875",
            "doc1355243",
            "doc72395",
            "doc2117321",
            "doc702429"
        ]
    ],
    "all_sim_scores": [
        [
            0.6370212435722351,
            0.6006280183792114,
            0.5399821996688843,
            0.5378280878067017,
            0.5294525623321533,
            0.5288835763931274,
            0.5147188901901245,
            0.504755973815918,
            0.5015735626220703,
            0.5013284683227539,
            0.4954296350479126,
            0.4931153655052185,
            0.4820190668106079,
            0.4766809940338135,
            0.4761112630367279,
            0.4754912555217743,
            0.47513216733932495,
            0.4706035554409027,
            0.4705016613006592,
            0.46590644121170044,
            0.4643380641937256,
            0.4637913703918457,
            0.4616258442401886,
            0.458415687084198,
            0.4581573009490967,
            0.4554087817668915,
            0.4531099796295166,
            0.4513019323348999,
            0.4487549066543579,
            0.4470585286617279,
            0.44555509090423584,
            0.444633424282074,
            0.4411523938179016,
            0.44060593843460083,
            0.44001635909080505,
            0.4389646649360657,
            0.4388314485549927,
            0.4386836290359497,
            0.437549889087677,
            0.43695923686027527,
            0.4356195628643036,
            0.4348980188369751,
            0.4339102506637573,
            0.43160754442214966,
            0.4302992522716522,
            0.4294854700565338,
            0.42853814363479614,
            0.4278692603111267,
            0.42786163091659546,
            0.42672502994537354,
            0.4261467456817627,
            0.42451369762420654,
            0.42409631609916687,
            0.423424631357193,
            0.4227637052536011,
            0.422277569770813,
            0.42095300555229187,
            0.42038407921791077,
            0.41983652114868164,
            0.4195581078529358
        ]
    ],
    "last_action_method": "return_last_retrieved_list",
    "curr_top_k_docIDs": [
        "doc484134",
        "doc1127090",
        "doc273462",
        "doc2117324",
        "doc566680",
        "doc1355209",
        "doc1509619",
        "doc281617",
        "doc697144",
        "doc484165",
        "doc2630603",
        "doc2630611",
        "doc1330187",
        "doc66731",
        "doc1429081",
        "doc749708",
        "doc49070",
        "doc2625138",
        "doc57582",
        "doc65425",
        "doc589657",
        "doc126269",
        "doc2320374",
        "doc1017198",
        "doc2460476",
        "doc581715",
        "doc520757",
        "doc2630653",
        "doc484200",
        "doc1232187",
        "doc268588",
        "doc94491",
        "doc2580559",
        "doc1529165",
        "doc126263",
        "doc286863",
        "doc1442207",
        "doc766852",
        "doc353207",
        "doc209528",
        "doc566765",
        "doc1174617",
        "doc1355233",
        "doc1540699",
        "doc484206",
        "doc1141599",
        "doc1367764",
        "doc2117304",
        "doc934061",
        "doc2117173",
        "doc1367757",
        "doc2117282",
        "doc1499774",
        "doc1893455",
        "doc899519",
        "doc598875",
        "doc1355243",
        "doc72395",
        "doc2117321",
        "doc702429"
    ],
    "terminate": true,
    "state_history": [
        {
            "queries": [
                "who invented the first computer game in 1962 and what was the name of the game"
            ],
            "iteration": 0
        },
        {
            "queries": [
                "who invented the first computer game in 1962 and what was the name of the game"
            ],
            "iteration": 0,
            "retrieved_lists": [
                [
                    "doc484134",
                    "doc1127090",
                    "doc273462",
                    "doc2117324",
                    "doc566680",
                    "doc1355209",
                    "doc1509619",
                    "doc281617",
                    "doc697144",
                    "doc484165",
                    "doc2630603",
                    "doc2630611",
                    "doc1330187",
                    "doc66731",
                    "doc1429081",
                    "doc749708",
                    "doc49070",
                    "doc2625138",
                    "doc57582",
                    "doc65425",
                    "doc589657",
                    "doc126269",
                    "doc2320374",
                    "doc1017198",
                    "doc2460476",
                    "doc581715",
                    "doc520757",
                    "doc2630653",
                    "doc484200",
                    "doc1232187",
                    "doc268588",
                    "doc94491",
                    "doc2580559",
                    "doc1529165",
                    "doc126263",
                    "doc286863",
                    "doc1442207",
                    "doc766852",
                    "doc353207",
                    "doc209528",
                    "doc566765",
                    "doc1174617",
                    "doc1355233",
                    "doc1540699",
                    "doc484206",
                    "doc1141599",
                    "doc1367764",
                    "doc2117304",
                    "doc934061",
                    "doc2117173",
                    "doc1367757",
                    "doc2117282",
                    "doc1499774",
                    "doc1893455",
                    "doc899519",
                    "doc598875",
                    "doc1355243",
                    "doc72395",
                    "doc2117321",
                    "doc702429"
                ]
            ],