{
    "queries": [
        "soy wax for candle making"
    ],
    "iteration": 0,
    "retrieved_lists": [
        [
            "666910",
            "234101",
            "1479971",
            "483461",
            "958157",
            "6175",
            "257801",
            "168094",
            "686678",
            "1122883"
        ]
    ],
    "all_sim_scores": [
        [
            0.8255221247673035,
            0.8080103397369385,
            0.8070988655090332,
            0.8068887591362,
            0.8066010475158691,
            0.8037005662918091,
            0.7987392544746399,
            0.7917337417602539,
            0.791028618812561,
            0.7763141393661499
        ]
    ],
    "last_action_method": "return_last_retrieved_list",
    "curr_top_k_docIDs": [
        "666910",
        "234101",
        "1479971",
        "483461",
        "958157",
        "6175",
        "257801",
        "168094",
        "686678",
        "1122883"
    ],
    "terminate": true,
    "state_history": [
        {
            "queries": [
                "soy wax for candle making"
            ],
            "iteration": 0
        },
        {
            "queries": [
                "soy wax for candle making"
            ],
            "iteration": 0,
            "retrieved_lists": [
                [
                    "666910",
                    "234101",
                    "1479971",
                    "483461",
                    "958157",
                    "6175",
                    "257801",
                    "168094",
                    "686678",
                    "1122883"
                ]
            ],
            "all_sim_scores": [
                [
                    0.8255221247673035,
                    0.8080103397369385,
                    0.8070988655090332,
                    0.8068887591362,
                    0.8066010475158691,
                    0.8037005662918091,
                    0.7987392544746399,
                    0.7917337417602539,
                    0.791028618812561,
                    0.7763141393661499
                ]
            ],
            "last_action_method": "rank"
        },
        {
            "queries": [
                "soy wax for candle making"
            ],
            "iteration": 0,
            "retrieved_lists": [
                [
                    "666910",
                    "234101",
                    "1479971",
                    "483461",
                    "958157",
                    "6175",
                    "257801",
                    "168094",
                    "686678",
                    "1122883"
                ]
            ],
            "all_sim_scores": [
                [
                    0.8255221247673035,
                    0.8080103397369385,
                    0.8070988655090332,
                    0.8068887591362,
                    0.8066010475158691,
                    0.8037005662918091,
                    0.7987392544746399,
                    0.7917337417602539,
                    0.791028618812561,
                    0.7763141393661499
                ]
            ],
            "last_action_method": "return_last_retrieved_list",
            "curr_top_k_docIDs": [
                "666910",
                "234101",
                "1479971",
                "483461",
                "958157",
                "6175",
                "257801",
                "168094",
                "686678",
                "1122883"
            ],
            "terminate": true
        }
    ]
}