{
    "queries": [
        "Educational cities for student trips"
    ],
    "iteration": 0,
    "retrieved_lists": [
        [
            "497",
            "199",
            "348",
            "347",
            "92",
            "392",
            "543",
            "320",
            "204",
            "226"
        ]
    ],
    "all_sim_scores": [
        [
            0.37471315264701843,
            0.3637290596961975,
            0.35723406076431274,
            0.35192105174064636,
            0.3481981158256531,
            0.3443588316440582,
            0.3329318165779114,
            0.3328094184398651,
            0.33187901973724365,
            0.331642746925354
        ]
    ],
    "last_action_method": "return_last_retrieved_list",
    "curr_top_k_docIDs": [
        "497",
        "199",
        "348",
        "347",
        "92",
        "392",
        "543",
        "320",
        "204",
        "226"
    ],
    "terminate": true,
    "state_history": [
        {
            "queries": [
                "Educational cities for student trips"
            ],
            "iteration": 0
        },
        {
            "queries": [
                "Educational cities for student trips"
            ],
            "iteration": 0,
            "retrieved_lists": [
                [
                    "497",
                    "199",
                    "348",
                    "347",
                    "92",
                    "392",
                    "543",
                    "320",
                    "204",
                    "226"
                ]
            ],
            "all_sim_scores": [
                [
                    0.37471315264701843,
                    0.3637290596961975,
                    0.35723406076431274,
                    0.35192105174064636,
                    0.3481981158256531,
                    0.3443588316440582,
                    0.3329318165779114,
                    0.3328094184398651,
                    0.33187901973724365,
                    0.331642746925354
                ]
            ],
            "last_action_method": "rank"
        },
        {
            "queries": [
                "Educational cities for student trips"
            ],
            "iteration": 0,
            "retrieved_lists": [
                [
                    "497",
                    "199",
                    "348",
                    "347",
                    "92",
                    "392",
                    "543",
                    "320",
                    "204",
                    "226"
                ]
            ],
            "all_sim_scores": [
                [
                    0.37471315264701843,
                    0.3637290596961975,
                    0.35723406076431274,
                    0.35192105174064636,
                    0.3481981158256531,
                    0.3443588316440582,
                    0.3329318165779114,
                    0.3328094184398651,
                    0.33187901973724365,
                    0.331642746925354
                ]
            ],
            "last_action_method": "return_last_retrieved_list",
            "curr_top_k_docIDs": [
                "497",
                "199",
                "348",
                "347",
                "92",
                "392",
                "543",
                "320",
                "204",
                "226"
            ],
            "terminate": true
        }
    ]
}