{
    "queries": [
        "what type of planet is neptune known as"
    ],
    "iteration": 0,
    "retrieved_lists": [
        [
            "doc36002",
            "doc36004",
            "doc2412992",
            "doc288336",
            "doc734541",
            "doc749342",
            "doc749373",
            "doc113838",
            "doc2657950",
            "doc274503",
            "doc2134752",
            "doc1261769",
            "doc749371",
            "doc456322",
            "doc488347",
            "doc142177",
            "doc1933804",
            "doc1379385",
            "doc1684392",
            "doc47427",
            "doc343382",
            "doc1602091",
            "doc1881990",
            "doc1210062",
            "doc2340832",
            "doc843611",
            "doc835069",
            "doc1890083",
            "doc1612396",
            "doc1159921",
            "doc1773557",
            "doc1506792",
            "doc247946",
            "doc2588764",
            "doc843640",
            "doc1255591",
            "doc382251",
            "doc2215462",
            "doc921865",
            "doc1095089",
            "doc1279898",
            "doc861985",
            "doc484837",
            "doc1689089",
            "doc1085244",
            "doc1867309",
            "doc2083746",
            "doc2146488",
            "doc257334",
            "doc1331962",
            "doc1491436",
            "doc227840",
            "doc2669004",
            "doc513433",
            "doc1513822",
            "doc834277",
            "doc2021301",
            "doc918755",
            "doc2236479",
            "doc2051333"
        ]
    ],
    "all_sim_scores": [
        [
            0.7587692737579346,
            0.6460074186325073,
            0.539588212966919,
            0.4879920184612274,
            0.435051292181015,
            0.4141595959663391,
            0.41137927770614624,
            0.4072372317314148,
            0.40342265367507935,
            0.39329543709754944,
            0.380422979593277,
            0.3706406354904175,
            0.3590388596057892,
            0.3576401472091675,
            0.34413835406303406,
            0.3410690426826477,
            0.327847957611084,
            0.3223547041416168,
            0.31848055124282837,
            0.29623693227767944,
            0.2900279760360718,
            0.2854710519313812,
            0.28494933247566223,
            0.2785719335079193,
            0.2759000360965729,
            0.274436354637146,
            0.27098050713539124,
            0.2696136236190796,
            0.26477885246276855,
            0.26207244396209717,
            0.25823575258255005,
            0.25734686851501465,
            0.2554364800453186,
            0.25219354033470154,
            0.24851132929325104,
            0.24815398454666138,
            0.24742864072322845,
            0.24397045373916626,
            0.23956388235092163,
            0.23791466653347015,
            0.23712539672851562,
            0.23625895380973816,
            0.23472648859024048,
            0.23136034607887268,
            0.22878095507621765,
            0.22860859334468842,
            0.2281240075826645,
            0.22572235763072968,
            0.22408008575439453,
            0.2235860526561737,
            0.2221285104751587,
            0.22183406352996826,
            0.22014012932777405,
            0.21904385089874268,
            0.21779733896255493,
            0.2168276011943817,
            0.2166973352432251,
            0.21582414209842682,
            0.2145245373249054,
            0.21411696076393127
        ]
    ],
    "last_action_method": "return_last_retrieved_list",
    "curr_top_k_docIDs": [
        "doc36002",
        "doc36004",
        "doc2412992",
        "doc288336",
        "doc734541",
        "doc749342",
        "doc749373",
        "doc113838",
        "doc2657950",
        "doc274503",
        "doc2134752",
        "doc1261769",
        "doc749371",
        "doc456322",
        "doc488347",
        "doc142177",
        "doc1933804",
        "doc1379385",
        "doc1684392",
        "doc47427",
        "doc343382",
        "doc1602091",
        "doc1881990",
        "doc1210062",
        "doc2340832",
        "doc843611",
        "doc835069",
        "doc1890083",
        "doc1612396",
        "doc1159921",
        "doc1773557",
        "doc1506792",
        "doc247946",
        "doc2588764",
        "doc843640",
        "doc1255591",
        "doc382251",
        "doc2215462",
        "doc921865",
        "doc1095089",
        "doc1279898",
        "doc861985",
        "doc484837",
        "doc1689089",
        "doc1085244",
        "doc1867309",
        "doc2083746",
        "doc2146488",
        "doc257334",
        "doc1331962",
        "doc1491436",
        "doc227840",
        "doc2669004",
        "doc513433",
        "doc1513822",
        "doc834277",
        "doc2021301",
        "doc918755",
        "doc2236479",
        "doc2051333"
    ],
    "terminate": true,
    "state_history": [
        {
            "queries": [
                "what type of planet is neptune known as"
            ],
            "iteration": 0
        },
        {
            "queries": [
                "what type of planet is neptune known as"
            ],
            "iteration": 0,
            "retrieved_lists": [
                [
                    "doc36002",
                    "doc36004",
                    "doc2412992",
                    "doc288336",
                    "doc734541",
                    "doc749342",
                    "doc749373",
                    "doc113838",
                    "doc2657950",
                    "doc274503",
                    "doc2134752",
                    "doc1261769",
                    "doc749371",
                    "doc456322",
                    "doc488347",
                    "doc142177",
                    "doc1933804",
                    "doc1379385",
                    "doc1684392",
                    "doc47427",
                    "doc343382",
                    "doc1602091",
                    "doc1881990",
                    "doc1210062",
                    "doc2340832",
                    "doc843611",
                    "doc835069",
                    "doc1890083",
                    "doc1612396",
                    "doc1159921",
                    "doc1773557",
                    "doc1506792",
                    "doc247946",
                    "doc2588764",
                    "doc843640",
                    "doc1255591",
                    "doc382251",
                    "doc2215462",
                    "doc921865",
                    "doc1095089",
                    "doc1279898",
                    "doc861985",
                    "doc484837",
                    "doc1689089",
                    "doc1085244",
                    "doc1867309",
                    "doc2083746",
                    "doc2146488",
                    "doc257334",
                    "doc1331962",
                    "doc1491436",
                    "doc227840",
                    "doc2669004",
                    "doc513433",
                    "doc1513822",
                    "doc834277",
                    "doc2021301",
                    "doc918755",
                    "doc2236479",
                    "doc2051333"
                ]
            ],