{
    "queries": [
        "Youth Friendly cities for travelers"
    ],
    "iteration": 0,
    "retrieved_lists": [
        [
            "497",
            "199",
            "320",
            "70",
            "96",
            "392",
            "92",
            "283",
            "61",
            "233"
        ]
    ],
    "all_sim_scores": [
        [
            0.4589669108390808,
            0.3788717985153198,
            0.37881267070770264,
            0.35622838139533997,
            0.34927254915237427,
            0.342466801404953,
            0.34125298261642456,
            0.3392452001571655,
            0.33872413635253906,
            0.33871325850486755
        ]
    ],
    "last_action_method": "return_last_retrieved_list",
    "curr_top_k_docIDs": [
        "497",
        "199",
        "320",
        "70",
        "96",
        "392",
        "92",
        "283",
        "61",
        "233"
    ],
    "terminate": true,
    "state_history": [
        {
            "queries": [
                "Youth Friendly cities for travelers"
            ],
            "iteration": 0
        },
        {
            "queries": [
                "Youth Friendly cities for travelers"
            ],
            "iteration": 0,
            "retrieved_lists": [
                [
                    "497",
                    "199",
                    "320",
                    "70",
                    "96",
                    "392",
                    "92",
                    "283",
                    "61",
                    "233"
                ]
            ],
            "all_sim_scores": [
                [
                    0.4589669108390808,
                    0.3788717985153198,
                    0.37881267070770264,
                    0.35622838139533997,
                    0.34927254915237427,
                    0.342466801404953,
                    0.34125298261642456,
                    0.3392452001571655,
                    0.33872413635253906,
                    0.33871325850486755
                ]
            ],
            "last_action_method": "rank"
        },
        {
            "queries": [
                "Youth Friendly cities for travelers"
            ],
            "iteration": 0,
            "retrieved_lists": [
                [
                    "497",
                    "199",
                    "320",
                    "70",
                    "96",
                    "392",
                    "92",
                    "283",
                    "61",
                    "233"
                ]
            ],
            "all_sim_scores": [
                [
                    0.4589669108390808,
                    0.3788717985153198,
                    0.37881267070770264,
                    0.35622838139533997,
                    0.34927254915237427,
                    0.342466801404953,
                    0.34125298261642456,
                    0.3392452001571655,
                    0.33872413635253906,
                    0.33871325850486755
                ]
            ],
            "last_action_method": "return_last_retrieved_list",
            "curr_top_k_docIDs": [
                "497",
                "199",
                "320",
                "70",
                "96",
                "392",
                "92",
                "283",
                "61",
                "233"
            ],
            "terminate": true
        }
    ]
}