{
    "queries": [
        "mickey mouse binky"
    ],
    "iteration": 0,
    "retrieved_lists": [
        [
            "1399042",
            "70779",
            "1319818",
            "140744",
            "563760",
            "615903",
            "918227",
            "548283",
            "24143",
            "1316600"
        ]
    ],
    "all_sim_scores": [
        [
            0.7638255953788757,
            0.7379788160324097,
            0.7211707830429077,
            0.717363715171814,
            0.6941602230072021,
            0.6918061971664429,
            0.6800260543823242,
            0.6720718145370483,
            0.6663662195205688,
            0.6473562121391296
        ]
    ],
    "last_action_method": "return_last_retrieved_list",
    "curr_top_k_docIDs": [
        "1399042",
        "70779",
        "1319818",
        "140744",
        "563760",
        "615903",
        "918227",
        "548283",
        "24143",
        "1316600"
    ],
    "terminate": true,
    "state_history": [
        {
            "queries": [
                "mickey mouse binky"
            ],
            "iteration": 0
        },
        {
            "queries": [
                "mickey mouse binky"
            ],
            "iteration": 0,
            "retrieved_lists": [
                [
                    "1399042",
                    "70779",
                    "1319818",
                    "140744",
                    "563760",
                    "615903",
                    "918227",
                    "548283",
                    "24143",
                    "1316600"
                ]
            ],
            "all_sim_scores": [
                [
                    0.7638255953788757,
                    0.7379788160324097,
                    0.7211707830429077,
                    0.717363715171814,
                    0.6941602230072021,
                    0.6918061971664429,
                    0.6800260543823242,
                    0.6720718145370483,
                    0.6663662195205688,
                    0.6473562121391296
                ]
            ],
            "last_action_method": "rank"
        },
        {
            "queries": [
                "mickey mouse binky"
            ],
            "iteration": 0,
            "retrieved_lists": [
                [
                    "1399042",
                    "70779",
                    "1319818",
                    "140744",
                    "563760",
                    "615903",
                    "918227",
                    "548283",
                    "24143",
                    "1316600"
                ]
            ],
            "all_sim_scores": [
                [
                    0.7638255953788757,
                    0.7379788160324097,
                    0.7211707830429077,
                    0.717363715171814,
                    0.6941602230072021,
                    0.6918061971664429,
                    0.6800260543823242,
                    0.6720718145370483,
                    0.6663662195205688,
                    0.6473562121391296
                ]
            ],
            "last_action_method": "return_last_retrieved_list",
            "curr_top_k_docIDs": [
                "1399042",
                "70779",
                "1319818",
                "140744",
                "563760",
                "615903",
                "918227",
                "548283",
                "24143",
                "1316600"
            ],
            "terminate": true
        }
    ]
}