{
    "queries": [
        "Top cities for shopping enthusiasts"
    ],
    "iteration": 0,
    "retrieved_lists": [
        [
            "497",
            "283",
            "320",
            "343",
            "237",
            "543",
            "400",
            "428",
            "22",
            "249",
            "226",
            "92",
            "199",
            "490",
            "310",
            "345",
            "300",
            "280",
            "120",
            "204",
            "63",
            "110",
            "105",
            "245",
            "368",
            "240",
            "409",
            "338",
            "193",
            "191",
            "330",
            "121",
            "342",
            "251",
            "457",
            "352",
            "332",
            "67",
            "99",
            "339",
            "160",
            "70",
            "450",
            "412",
            "93",
            "222",
            "336",
            "444",
            "234",
            "59",
            "537",
            "294",
            "502",
            "187",
            "401",
            "233",
            "432",
            "555",
            "427",
            "43"
        ]
    ],
    "all_sim_scores": [
        [
            0.4892914891242981,
            0.4450439214706421,
            0.43884021043777466,
            0.4237764775753021,
            0.41659218072891235,
            0.41395747661590576,
            0.4127900004386902,
            0.4113207161426544,
            0.40882593393325806,
            0.4031066596508026,
            0.3994308114051819,
            0.39314043521881104,
            0.3896912932395935,
            0.38027530908584595,
            0.38005101680755615,
            0.3791402280330658,
            0.3787493407726288,
            0.3772405982017517,
            0.37693220376968384,
            0.37428152561187744,
            0.37364333868026733,
            0.3730068504810333,
            0.3729347884654999,
            0.37288224697113037,
            0.372128427028656,
            0.3702489733695984,
            0.369947612285614,
            0.3689018487930298,
            0.3683806359767914,
            0.3674783706665039,
            0.3670617341995239,
            0.36621856689453125,
            0.3656868040561676,
            0.36560142040252686,
            0.36543774604797363,
            0.3632882237434387,
            0.3626863956451416,
            0.36218777298927307,
            0.3614059090614319,
            0.36026251316070557,
            0.3595468997955322,
            0.35720303654670715,
            0.3552091419696808,
            0.35499459505081177,
            0.35467278957366943,
            0.35371163487434387,
            0.3531785011291504,
            0.352967768907547,
            0.3524043560028076,
            0.3523249626159668,
            0.3522757887840271,
            0.3518361747264862,
            0.3514094948768616,
            0.3508261442184448,
            0.35047370195388794,
            0.35047316551208496,
            0.34990838170051575,
            0.3498985171318054,
            0.3492116630077362,
            0.348982036113739
        ]
    ],
    "last_action_method": "return_last_retrieved_list",
    "curr_top_k_docIDs": [
        "497",
        "283",
        "320",
        "343",
        "237",
        "543",
        "400",
        "428",
        "22",
        "249",
        "226",
        "92",
        "199",
        "490",
        "310",
        "345",
        "300",
        "280",
        "120",
        "204",
        "63",
        "110",
        "105",
        "245",
        "368",
        "240",
        "409",
        "338",
        "193",
        "191",
        "330",
        "121",
        "342",
        "251",
        "457",
        "352",
        "332",
        "67",
        "99",
        "339",
        "160",
        "70",
        "450",
        "412",
        "93",
        "222",
        "336",
        "444",
        "234",
        "59",
        "537",
        "294",
        "502",
        "187",
        "401",
        "233",
        "432",
        "555",
        "427",
        "43"
    ],
    "terminate": true,
    "state_history": [
        {
            "queries": [
                "Top cities for shopping enthusiasts"
            ],
            "iteration": 0
        },
        {
            "queries": [
                "Top cities for shopping enthusiasts"
            ],
            "iteration": 0,
            "retrieved_lists": [
                [
                    "497",
                    "283",
                    "320",
                    "343",
                    "237",
                    "543",
                    "400",
                    "428",
                    "22",
                    "249",
                    "226",
                    "92",
                    "199",
                    "490",
                    "310",
                    "345",
                    "300",
                    "280",
                    "120",
                    "204",
                    "63",
                    "110",
                    "105",
                    "245",
                    "368",
                    "240",
                    "409",
                    "338",
                    "193",
                    "191",
                    "330",
                    "121",
                    "342",
                    "251",
                    "457",
                    "352",
                    "332",
                    "67",
                    "99",
                    "339",
                    "160",
                    "70",
                    "450",
                    "412",
                    "93",
                    "222",
                    "336",
                    "444",
                    "234",
                    "59",
                    "537",
                    "294",
                    "502",
                    "187",
                    "401",
                    "233",
                    "432",
                    "555",
                    "427",
                    "43"
                ]
            ],