{
    "queries": [
        "Best cities for water activities"
    ],
    "iteration": 0,
    "retrieved_lists": [
        [
            "392",
            "320",
            "338",
            "199",
            "283",
            "188",
            "180",
            "400",
            "368",
            "319",
            "362",
            "303",
            "497",
            "520",
            "177",
            "352",
            "543",
            "401",
            "342",
            "490",
            "402",
            "418",
            "42",
            "438",
            "142",
            "428",
            "425",
            "415",
            "61",
            "403",
            "467",
            "99",
            "343",
            "409",
            "227",
            "116",
            "124",
            "231",
            "407",
            "280",
            "204",
            "57",
            "457",
            "294",
            "332",
            "405",
            "179",
            "185",
            "314",
            "6",
            "92",
            "331",
            "482",
            "96",
            "530",
            "539",
            "249",
            "121",
            "377",
            "398"
        ]
    ],
    "all_sim_scores": [
        [
            0.44201910495758057,
            0.38021010160446167,
            0.36926642060279846,
            0.3680703341960907,
            0.362287700176239,
            0.35638636350631714,
            0.35110151767730713,
            0.34961363673210144,
            0.34808650612831116,
            0.34670671820640564,
            0.34613505005836487,
            0.34408122301101685,
            0.3413541913032532,
            0.3412289321422577,
            0.340925008058548,
            0.3401452898979187,
            0.33726561069488525,
            0.3372139036655426,
            0.33450621366500854,
            0.3281094431877136,
            0.326520174741745,
            0.32502281665802,
            0.32411259412765503,
            0.3237420916557312,
            0.32284653186798096,
            0.3214189410209656,
            0.32085084915161133,
            0.3207775056362152,
            0.3202001750469208,
            0.31956323981285095,
            0.3173600733280182,
            0.3155837655067444,
            0.31555062532424927,
            0.3153155446052551,
            0.3137291371822357,
            0.31372302770614624,
            0.31172215938568115,
            0.31163328886032104,
            0.31104475259780884,
            0.3083670437335968,
            0.3082214593887329,
            0.3081657886505127,
            0.30690091848373413,
            0.3051376938819885,
            0.3051343560218811,
            0.3027261197566986,
            0.30265089869499207,
            0.3019821047782898,
            0.301593542098999,
            0.30112841725349426,
            0.3005112111568451,
            0.2997483015060425,
            0.29915040731430054,
            0.299015611410141,
            0.2985383868217468,
            0.2973891794681549,
            0.29686450958251953,
            0.29677334427833557,
            0.296759694814682,
            0.29615622758865356
        ]
    ],
    "last_action_method": "return_last_retrieved_list",
    "curr_top_k_docIDs": [
        "392",
        "320",
        "338",
        "199",
        "283",
        "188",
        "180",
        "400",
        "368",
        "319",
        "362",
        "303",
        "497",
        "520",
        "177",
        "352",
        "543",
        "401",
        "342",
        "490",
        "402",
        "418",
        "42",
        "438",
        "142",
        "428",
        "425",
        "415",
        "61",
        "403",
        "467",
        "99",
        "343",
        "409",
        "227",
        "116",
        "124",
        "231",
        "407",
        "280",
        "204",
        "57",
        "457",
        "294",
        "332",
        "405",
        "179",
        "185",
        "314",
        "6",
        "92",
        "331",
        "482",
        "96",
        "530",
        "539",
        "249",
        "121",
        "377",
        "398"
    ],
    "terminate": true,
    "state_history": [
        {
            "queries": [
                "Best cities for water activities"
            ],
            "iteration": 0
        },
        {
            "queries": [
                "Best cities for water activities"
            ],
            "iteration": 0,
            "retrieved_lists": [
                [
                    "392",
                    "320",
                    "338",
                    "199",
                    "283",
                    "188",
                    "180",
                    "400",
                    "368",
                    "319",
                    "362",
                    "303",
                    "497",
                    "520",
                    "177",
                    "352",
                    "543",
                    "401",
                    "342",
                    "490",
                    "402",
                    "418",
                    "42",
                    "438",
                    "142",
                    "428",
                    "425",
                    "415",
                    "61",
                    "403",
                    "467",
                    "99",
                    "343",
                    "409",
                    "227",
                    "116",
                    "124",
                    "231",
                    "407",
                    "280",
                    "204",
                    "57",
                    "457",
                    "294",
                    "332",
                    "405",
                    "179",
                    "185",
                    "314",
                    "6",
                    "92",
                    "331",
                    "482",
                    "96",
                    "530",
                    "539",
                    "249",
                    "121",
                    "377",
                    "398"
                ]
            ],