{
    "queries": [
        "Leading tech hub cities"
    ],
    "iteration": 0,
    "retrieved_lists": [
        [
            "485",
            "283",
            "349",
            "464",
            "204",
            "428",
            "497",
            "368",
            "187",
            "400"
        ]
    ],
    "all_sim_scores": [
        [
            0.44493359327316284,
            0.4231160283088684,
            0.4106546640396118,
            0.4056490361690521,
            0.40471500158309937,
            0.40420088171958923,
            0.39802321791648865,
            0.3925909996032715,
            0.39165550470352173,
            0.39047273993492126
        ]
    ],
    "last_action_method": "return_last_retrieved_list",
    "curr_top_k_docIDs": [
        "485",
        "283",
        "349",
        "464",
        "204",
        "428",
        "497",
        "368",
        "187",
        "400"
    ],
    "terminate": true,
    "state_history": [
        {
            "queries": [
                "Leading tech hub cities"
            ],
            "iteration": 0
        },
        {
            "queries": [
                "Leading tech hub cities"
            ],
            "iteration": 0,
            "retrieved_lists": [
                [
                    "485",
                    "283",
                    "349",
                    "464",
                    "204",
                    "428",
                    "497",
                    "368",
                    "187",
                    "400"
                ]
            ],
            "all_sim_scores": [
                [
                    0.44493359327316284,
                    0.4231160283088684,
                    0.4106546640396118,
                    0.4056490361690521,
                    0.40471500158309937,
                    0.40420088171958923,
                    0.39802321791648865,
                    0.3925909996032715,
                    0.39165550470352173,
                    0.39047273993492126
                ]
            ],
            "last_action_method": "rank"
        },
        {
            "queries": [
                "Leading tech hub cities"
            ],
            "iteration": 0,
            "retrieved_lists": [
                [
                    "485",
                    "283",
                    "349",
                    "464",
                    "204",
                    "428",
                    "497",
                    "368",
                    "187",
                    "400"
                ]
            ],
            "all_sim_scores": [
                [
                    0.44493359327316284,
                    0.4231160283088684,
                    0.4106546640396118,
                    0.4056490361690521,
                    0.40471500158309937,
                    0.40420088171958923,
                    0.39802321791648865,
                    0.3925909996032715,
                    0.39165550470352173,
                    0.39047273993492126
                ]
            ],
            "last_action_method": "return_last_retrieved_list",
            "curr_top_k_docIDs": [
                "485",
                "283",
                "349",
                "464",
                "204",
                "428",
                "497",
                "368",
                "187",
                "400"
            ],
            "terminate": true
        }
    ]
}