{
    "queries": [
        "olive green kitten heel women"
    ],
    "iteration": 0,
    "retrieved_lists": [
        [
            "308365",
            "902215",
            "428221",
            "1303896",
            "76130",
            "229305",
            "529924",
            "1294117",
            "1513921",
            "1279538"
        ]
    ],
    "all_sim_scores": [
        [
            0.6968358159065247,
            0.6922621726989746,
            0.6832130551338196,
            0.6651631593704224,
            0.6615999937057495,
            0.6448379158973694,
            0.638409435749054,
            0.6358698010444641,
            0.6345722079277039,
            0.6343896389007568
        ]
    ],
    "last_action_method": "return_last_retrieved_list",
    "curr_top_k_docIDs": [
        "308365",
        "902215",
        "428221",
        "1303896",
        "76130",
        "229305",
        "529924",
        "1294117",
        "1513921",
        "1279538"
    ],
    "terminate": true,
    "state_history": [
        {
            "queries": [
                "olive green kitten heel women"
            ],
            "iteration": 0
        },
        {
            "queries": [
                "olive green kitten heel women"
            ],
            "iteration": 0,
            "retrieved_lists": [
                [
                    "308365",
                    "902215",
                    "428221",
                    "1303896",
                    "76130",
                    "229305",
                    "529924",
                    "1294117",
                    "1513921",
                    "1279538"
                ]
            ],
            "all_sim_scores": [
                [
                    0.6968358159065247,
                    0.6922621726989746,
                    0.6832130551338196,
                    0.6651631593704224,
                    0.6615999937057495,
                    0.6448379158973694,
                    0.638409435749054,
                    0.6358698010444641,
                    0.6345722079277039,
                    0.6343896389007568
                ]
            ],
            "last_action_method": "rank"
        },
        {
            "queries": [
                "olive green kitten heel women"
            ],
            "iteration": 0,
            "retrieved_lists": [
                [
                    "308365",
                    "902215",
                    "428221",
                    "1303896",
                    "76130",
                    "229305",
                    "529924",
                    "1294117",
                    "1513921",
                    "1279538"
                ]
            ],
            "all_sim_scores": [
                [
                    0.6968358159065247,
                    0.6922621726989746,
                    0.6832130551338196,
                    0.6651631593704224,
                    0.6615999937057495,
                    0.6448379158973694,
                    0.638409435749054,
                    0.6358698010444641,
                    0.6345722079277039,
                    0.6343896389007568
                ]
            ],
            "last_action_method": "return_last_retrieved_list",
            "curr_top_k_docIDs": [
                "308365",
                "902215",
                "428221",
                "1303896",
                "76130",
                "229305",
                "529924",
                "1294117",
                "1513921",
                "1279538"
            ],
            "terminate": true
        }
    ]
}