{
    "queries": [
        "Most romantic cities for a honeymoon"
    ],
    "iteration": 0,
    "retrieved_lists": [
        [
            "237",
            "415",
            "520",
            "339",
            "124",
            "1",
            "303",
            "407",
            "320",
            "138"
        ]
    ],
    "all_sim_scores": [
        [
            0.42607933282852173,
            0.4212316870689392,
            0.38906314969062805,
            0.37545350193977356,
            0.3567711114883423,
            0.3540090322494507,
            0.3539944589138031,
            0.35067278146743774,
            0.3506358861923218,
            0.3498249351978302
        ]
    ],
    "last_action_method": "return_last_retrieved_list",
    "curr_top_k_docIDs": [
        "237",
        "415",
        "520",
        "339",
        "124",
        "1",
        "303",
        "407",
        "320",
        "138"
    ],
    "terminate": true,
    "state_history": [
        {
            "queries": [
                "Most romantic cities for a honeymoon"
            ],
            "iteration": 0
        },
        {
            "queries": [
                "Most romantic cities for a honeymoon"
            ],
            "iteration": 0,
            "retrieved_lists": [
                [
                    "237",
                    "415",
                    "520",
                    "339",
                    "124",
                    "1",
                    "303",
                    "407",
                    "320",
                    "138"
                ]
            ],
            "all_sim_scores": [
                [
                    0.42607933282852173,
                    0.4212316870689392,
                    0.38906314969062805,
                    0.37545350193977356,
                    0.3567711114883423,
                    0.3540090322494507,
                    0.3539944589138031,
                    0.35067278146743774,
                    0.3506358861923218,
                    0.3498249351978302
                ]
            ],
            "last_action_method": "rank"
        },
        {
            "queries": [
                "Most romantic cities for a honeymoon"
            ],
            "iteration": 0,
            "retrieved_lists": [
                [
                    "237",
                    "415",
                    "520",
                    "339",
                    "124",
                    "1",
                    "303",
                    "407",
                    "320",
                    "138"
                ]
            ],
            "all_sim_scores": [
                [
                    0.42607933282852173,
                    0.4212316870689392,
                    0.38906314969062805,
                    0.37545350193977356,
                    0.3567711114883423,
                    0.3540090322494507,
                    0.3539944589138031,
                    0.35067278146743774,
                    0.3506358861923218,
                    0.3498249351978302
                ]
            ],
            "last_action_method": "return_last_retrieved_list",
            "curr_top_k_docIDs": [
                "237",
                "415",
                "520",
                "339",
                "124",
                "1",
                "303",
                "407",
                "320",
                "138"
            ],
            "terminate": true
        }
    ]
}