{
    "queries": [
        "who plays the evil doctor in wonder woman"
    ],
    "iteration": 0,
    "retrieved_lists": [
        [
            "doc56368",
            "doc777092",
            "doc1135860",
            "doc347087",
            "doc2055675",
            "doc82969",
            "doc74866",
            "doc2600156",
            "doc1030292",
            "doc624295",
            "doc2567325",
            "doc376686",
            "doc2264156",
            "doc1389972",
            "doc319902",
            "doc1644845",
            "doc1389973",
            "doc48462",
            "doc529785",
            "doc376694",
            "doc1699133",
            "doc2274650",
            "doc2034295",
            "doc1379048",
            "doc2664282",
            "doc1736568",
            "doc2264203",
            "doc21661",
            "doc430564",
            "doc112748",
            "doc835923",
            "doc21668",
            "doc1853940",
            "doc644639",
            "doc1445822",
            "doc2601645",
            "doc1943618",
            "doc644634",
            "doc112709",
            "doc36267",
            "doc1119697",
            "doc1998166",
            "doc1035912",
            "doc2048892",
            "doc1226169",
            "doc112769",
            "doc112745",
            "doc835996",
            "doc1390916",
            "doc1549301",
            "doc1373861",
            "doc237250",
            "doc2568320",
            "doc341751",
            "doc1466016",
            "doc835985",
            "doc1903476",
            "doc21669",
            "doc2100611",
            "doc1919032"
        ]
    ],
    "all_sim_scores": [
        [
            0.5990617275238037,
            0.5553889274597168,
            0.5434941053390503,
            0.5382124781608582,
            0.5229130387306213,
            0.5206382274627686,
            0.5168107748031616,
            0.5158804655075073,
            0.5070664286613464,
            0.49937111139297485,
            0.4980354905128479,
            0.4895387887954712,
            0.48944538831710815,
            0.4855738580226898,
            0.48019877076148987,
            0.4760337769985199,
            0.4755658507347107,
            0.47369998693466187,
            0.4714532494544983,
            0.4684028625488281,
            0.4677950143814087,
            0.4655432105064392,
            0.4640809893608093,
            0.46000605821609497,
            0.45478710532188416,
            0.45272886753082275,
            0.44959789514541626,
            0.4485412538051605,
            0.4481806457042694,
            0.4474256634712219,
            0.4472818076610565,
            0.4424646496772766,
            0.4423426687717438,
            0.44023507833480835,
            0.4357292652130127,
            0.4356738030910492,
            0.4348965883255005,
            0.4345320463180542,
            0.43391770124435425,
            0.4336128234863281,
            0.43333131074905396,
            0.4313821494579315,
            0.43101438879966736,
            0.4307827055454254,
            0.42885512113571167,
            0.4280954599380493,
            0.4268106520175934,
            0.42448028922080994,
            0.42221325635910034,
            0.42128974199295044,
            0.41635018587112427,
            0.4147353768348694,
            0.41437095403671265,
            0.41377800703048706,
            0.4120580554008484,
            0.41166290640830994,
            0.4103519916534424,
            0.40954044461250305,
            0.4088820815086365,
            0.4076823890209198
        ]
    ],
    "last_action_method": "return_last_retrieved_list",
    "curr_top_k_docIDs": [
        "doc56368",
        "doc777092",
        "doc1135860",
        "doc347087",
        "doc2055675",
        "doc82969",
        "doc74866",
        "doc2600156",
        "doc1030292",
        "doc624295",
        "doc2567325",
        "doc376686",
        "doc2264156",
        "doc1389972",
        "doc319902",
        "doc1644845",
        "doc1389973",
        "doc48462",
        "doc529785",
        "doc376694",
        "doc1699133",
        "doc2274650",
        "doc2034295",
        "doc1379048",
        "doc2664282",
        "doc1736568",
        "doc2264203",
        "doc21661",
        "doc430564",
        "doc112748",
        "doc835923",
        "doc21668",
        "doc1853940",
        "doc644639",
        "doc1445822",
        "doc2601645",
        "doc1943618",
        "doc644634",
        "doc112709",
        "doc36267",
        "doc1119697",
        "doc1998166",
        "doc1035912",
        "doc2048892",
        "doc1226169",
        "doc112769",
        "doc112745",
        "doc835996",
        "doc1390916",
        "doc1549301",
        "doc1373861",
        "doc237250",
        "doc2568320",
        "doc341751",
        "doc1466016",
        "doc835985",
        "doc1903476",
        "doc21669",
        "doc2100611",
        "doc1919032"
    ],
    "terminate": true,
    "state_history": [
        {
            "queries": [
                "who plays the evil doctor in wonder woman"
            ],
            "iteration": 0
        },
        {
            "queries": [
                "who plays the evil doctor in wonder woman"
            ],
            "iteration": 0,
            "retrieved_lists": [
                [
                    "doc56368",
                    "doc777092",
                    "doc1135860",
                    "doc347087",
                    "doc2055675",
                    "doc82969",
                    "doc74866",
                    "doc2600156",
                    "doc1030292",
                    "doc624295",
                    "doc2567325",
                    "doc376686",
                    "doc2264156",
                    "doc1389972",
                    "doc319902",
                    "doc1644845",
                    "doc1389973",
                    "doc48462",
                    "doc529785",
                    "doc376694",
                    "doc1699133",
                    "doc2274650",
                    "doc2034295",
                    "doc1379048",
                    "doc2664282",
                    "doc1736568",
                    "doc2264203",
                    "doc21661",
                    "doc430564",
                    "doc112748",
                    "doc835923",
                    "doc21668",
                    "doc1853940",
                    "doc644639",
                    "doc1445822",
                    "doc2601645",
                    "doc1943618",
                    "doc644634",
                    "doc112709",
                    "doc36267",
                    "doc1119697",
                    "doc1998166",
                    "doc1035912",
                    "doc2048892",
                    "doc1226169",
                    "doc112769",
                    "doc112745",
                    "doc835996",
                    "doc1390916",
                    "doc1549301",
                    "doc1373861",
                    "doc237250",
                    "doc2568320",
                    "doc341751",
                    "doc1466016",
                    "doc835985",
                    "doc1903476",
                    "doc21669",
                    "doc2100611",
                    "doc1919032"
                ]
            ],