{
    "queries": [
        "Best cities for an anniversary celebration"
    ],
    "iteration": 0,
    "retrieved_lists": [
        [
            "320",
            "105",
            "187",
            "109",
            "179",
            "392",
            "43",
            "251",
            "328",
            "352",
            "377",
            "400",
            "319",
            "51",
            "120",
            "204",
            "95",
            "168",
            "492",
            "378",
            "237",
            "520",
            "284",
            "96",
            "399",
            "119",
            "310",
            "141",
            "283",
            "15",
            "331",
            "231",
            "121",
            "42",
            "74",
            "475",
            "99",
            "22",
            "343",
            "439",
            "355",
            "423",
            "385",
            "111",
            "44",
            "100",
            "490",
            "349",
            "482",
            "330",
            "307",
            "245",
            "16",
            "316",
            "530",
            "89",
            "71",
            "534",
            "338",
            "286"
        ]
    ],
    "all_sim_scores": [
        [
            0.6375430822372437,
            0.6372793912887573,
            0.6346280574798584,
            0.6304378509521484,
            0.6205065250396729,
            0.6203138828277588,
            0.6188948750495911,
            0.6166194677352905,
            0.6140948534011841,
            0.6131452918052673,
            0.6127656102180481,
            0.6112380623817444,
            0.6106546521186829,
            0.6103440523147583,
            0.6099744439125061,
            0.6089267730712891,
            0.6077510714530945,
            0.6058920621871948,
            0.603814423084259,
            0.6029437184333801,
            0.6023744344711304,
            0.5985553860664368,
            0.5979719161987305,
            0.597927451133728,
            0.5953257083892822,
            0.5929334163665771,
            0.5929055213928223,
            0.5919389724731445,
            0.5911222100257874,
            0.5909276008605957,
            0.5902049541473389,
            0.5894423723220825,
            0.589009165763855,
            0.5889771580696106,
            0.5886390209197998,
            0.5886054039001465,
            0.5884713530540466,
            0.587452232837677,
            0.5871585607528687,
            0.5868841409683228,
            0.586388349533081,
            0.5852497816085815,
            0.5851491689682007,
            0.5848112106323242,
            0.5844243764877319,
            0.584347128868103,
            0.5835005044937134,
            0.583457887172699,
            0.5832487344741821,
            0.583172619342804,
            0.5826376676559448,
            0.5815626382827759,
            0.5810418725013733,
            0.580787181854248,
            0.5796422958374023,
            0.5789674520492554,
            0.5779564380645752,
            0.5770756006240845,
            0.577061653137207,
            0.5768582820892334
        ]
    ],
    "last_action_method": "return_last_retrieved_list",
    "curr_top_k_docIDs": [
        "320",
        "105",
        "187",
        "109",
        "179",
        "392",
        "43",
        "251",
        "328",
        "352",
        "377",
        "400",
        "319",
        "51",
        "120",
        "204",
        "95",
        "168",
        "492",
        "378",
        "237",
        "520",
        "284",
        "96",
        "399",
        "119",
        "310",
        "141",
        "283",
        "15",
        "331",
        "231",
        "121",
        "42",
        "74",
        "475",
        "99",
        "22",
        "343",
        "439",
        "355",
        "423",
        "385",
        "111",
        "44",
        "100",
        "490",
        "349",
        "482",
        "330",
        "307",
        "245",
        "16",
        "316",
        "530",
        "89",
        "71",
        "534",
        "338",
        "286"
    ],
    "terminate": true,
    "state_history": [
        {
            "queries": [
                "Best cities for an anniversary celebration"
            ],
            "iteration": 0
        },
        {
            "queries": [
                "Best cities for an anniversary celebration"
            ],
            "iteration": 0,
            "retrieved_lists": [
                [
                    "320",
                    "105",
                    "187",
                    "109",
                    "179",
                    "392",
                    "43",
                    "251",
                    "328",
                    "352",
                    "377",
                    "400",
                    "319",
                    "51",
                    "120",
                    "204",
                    "95",
                    "168",
                    "492",
                    "378",
                    "237",
                    "520",
                    "284",
                    "96",
                    "399",
                    "119",
                    "310",
                    "141",
                    "283",
                    "15",
                    "331",
                    "231",
                    "121",
                    "42",
                    "74",
                    "475",
                    "99",
                    "22",
                    "343",
                    "439",
                    "355",
                    "423",
                    "385",
                    "111",
                    "44",
                    "100",
                    "490",
                    "349",
                    "482",
                    "330",
                    "307",
                    "245",
                    "16",
                    "316",
                    "530",
                    "89",
                    "71",
                    "534",
                    "338",
                    "286"
                ]
            ],