{
    "queries": [
        "Vibrant cities known for their tropical atmosphere"
    ],
    "iteration": 0,
    "retrieved_lists": [
        [
            "96",
            "338",
            "231",
            "122",
            "356",
            "177",
            "233",
            "116",
            "173",
            "61",
            "283",
            "64",
            "257",
            "270",
            "38",
            "57",
            "229",
            "490",
            "277",
            "454",
            "88",
            "92",
            "141",
            "232",
            "295",
            "191",
            "406",
            "31",
            "501",
            "398",
            "464",
            "259",
            "418",
            "428",
            "154",
            "437",
            "129",
            "380",
            "402",
            "482",
            "178",
            "124",
            "320",
            "185",
            "226",
            "330",
            "460",
            "425",
            "237",
            "201",
            "193",
            "521",
            "205",
            "18",
            "319",
            "279",
            "204",
            "83",
            "363",
            "513"
        ]
    ],
    "all_sim_scores": [
        [
            0.391208291053772,
            0.36618366837501526,
            0.34603697061538696,
            0.34503546357154846,
            0.3379840850830078,
            0.3334267735481262,
            0.32540643215179443,
            0.3218425512313843,
            0.3190844655036926,
            0.31387317180633545,
            0.3121020793914795,
            0.3091202676296234,
            0.305085688829422,
            0.3046865463256836,
            0.301856130361557,
            0.2964692711830139,
            0.2963094115257263,
            0.2937420606613159,
            0.29158341884613037,
            0.29004132747650146,
            0.2900310158729553,
            0.2862062156200409,
            0.28541111946105957,
            0.2848391532897949,
            0.2830781936645508,
            0.28188556432724,
            0.28007441759109497,
            0.27848491072654724,
            0.2780565023422241,
            0.2775152325630188,
            0.2769539952278137,
            0.27652496099472046,
            0.2762545049190521,
            0.2734352946281433,
            0.27272552251815796,
            0.2726253271102905,
            0.2717992067337036,
            0.2664182782173157,
            0.2651224136352539,
            0.2649579346179962,
            0.2636558711528778,
            0.26246386766433716,
            0.26133838295936584,
            0.26070401072502136,
            0.260015606880188,
            0.25962650775909424,
            0.2593550384044647,
            0.2569204568862915,
            0.25678837299346924,
            0.25672149658203125,
            0.25652867555618286,
            0.25647491216659546,
            0.2563912868499756,
            0.2560059428215027,
            0.25378134846687317,
            0.25282323360443115,
            0.25281772017478943,
            0.25151342153549194,
            0.2514614760875702,
            0.25090622901916504
        ]
    ],
    "last_action_method": "return_last_retrieved_list",
    "curr_top_k_docIDs": [
        "96",
        "338",
        "231",
        "122",
        "356",
        "177",
        "233",
        "116",
        "173",
        "61",
        "283",
        "64",
        "257",
        "270",
        "38",
        "57",
        "229",
        "490",
        "277",
        "454",
        "88",
        "92",
        "141",
        "232",
        "295",
        "191",
        "406",
        "31",
        "501",
        "398",
        "464",
        "259",
        "418",
        "428",
        "154",
        "437",
        "129",
        "380",
        "402",
        "482",
        "178",
        "124",
        "320",
        "185",
        "226",
        "330",
        "460",
        "425",
        "237",
        "201",
        "193",
        "521",
        "205",
        "18",
        "319",
        "279",
        "204",
        "83",
        "363",
        "513"
    ],
    "terminate": true,
    "state_history": [
        {
            "queries": [
                "Vibrant cities known for their tropical atmosphere"
            ],
            "iteration": 0
        },
        {
            "queries": [
                "Vibrant cities known for their tropical atmosphere"
            ],
            "iteration": 0,
            "retrieved_lists": [
                [
                    "96",
                    "338",
                    "231",
                    "122",
                    "356",
                    "177",
                    "233",
                    "116",
                    "173",
                    "61",
                    "283",
                    "64",
                    "257",
                    "270",
                    "38",
                    "57",
                    "229",
                    "490",
                    "277",
                    "454",
                    "88",
                    "92",
                    "141",
                    "232",
                    "295",
                    "191",
                    "406",
                    "31",
                    "501",
                    "398",
                    "464",
                    "259",
                    "418",
                    "428",
                    "154",
                    "437",
                    "129",
                    "380",
                    "402",
                    "482",
                    "178",
                    "124",
                    "320",
                    "185",
                    "226",
                    "330",
                    "460",
                    "425",
                    "237",
                    "201",
                    "193",
                    "521",
                    "205",
                    "18",
                    "319",
                    "279",
                    "204",
                    "83",
                    "363",
                    "513"
                ]
            ],