{
    "queries": [
        "who is given credit for the gnu initiative"
    ],
    "iteration": 0,
    "retrieved_lists": [
        [
            "doc1443840",
            "doc28244",
            "doc28243",
            "doc1443814",
            "doc1443875",
            "doc2095383",
            "doc1802839",
            "doc1945489",
            "doc1182941",
            "doc683954",
            "doc1274745",
            "doc28261",
            "doc348899",
            "doc2661328",
            "doc1772915",
            "doc991780",
            "doc1443869",
            "doc705198",
            "doc2169558",
            "doc1127673",
            "doc1115677",
            "doc532511",
            "doc2509813",
            "doc1701934",
            "doc316334",
            "doc705173",
            "doc991793",
            "doc1073361",
            "doc855041",
            "doc1950207",
            "doc312624",
            "doc642360",
            "doc171811",
            "doc2078832",
            "doc2359791",
            "doc2334655",
            "doc523527",
            "doc1196620",
            "doc1349163",
            "doc1879342",
            "doc1897989",
            "doc1337802",
            "doc1745695",
            "doc1929349",
            "doc2411515",
            "doc2143438",
            "doc1334113",
            "doc164726",
            "doc1415107",
            "doc68279",
            "doc1495595",
            "doc2142132",
            "doc2475853",
            "doc862169",
            "doc683960",
            "doc77459",
            "doc1802815",
            "doc1696548",
            "doc1112336",
            "doc2198951"
        ]
    ],
    "all_sim_scores": [
        [
            0.5186020731925964,
            0.4963492751121521,
            0.46725839376449585,
            0.4428754150867462,
            0.41461533308029175,
            0.4136892259120941,
            0.41111427545547485,
            0.40751469135284424,
            0.39004671573638916,
            0.3879765272140503,
            0.38209599256515503,
            0.37787628173828125,
            0.3778526186943054,
            0.3775074779987335,
            0.37392890453338623,
            0.3710089921951294,
            0.3678905963897705,
            0.3590671122074127,
            0.3586612343788147,
            0.3574218153953552,
            0.3494550585746765,
            0.3475188612937927,
            0.34653398394584656,
            0.34395313262939453,
            0.3434474766254425,
            0.3421146869659424,
            0.3410986661911011,
            0.33968865871429443,
            0.33888816833496094,
            0.3381624221801758,
            0.3376796245574951,
            0.3371015787124634,
            0.3361894488334656,
            0.33572423458099365,
            0.33552220463752747,
            0.33470338582992554,
            0.3325159549713135,
            0.33098360896110535,
            0.33072054386138916,
            0.3299766778945923,
            0.3296813368797302,
            0.3274232745170593,
            0.3271477222442627,
            0.32686537504196167,
            0.32682162523269653,
            0.3266260623931885,
            0.325801819562912,
            0.325603723526001,
            0.3245975077152252,
            0.3237866163253784,
            0.32257822155952454,
            0.3212868273258209,
            0.32053864002227783,
            0.32043537497520447,
            0.3202027678489685,
            0.31866520643234253,
            0.31819605827331543,
            0.3178955018520355,
            0.3178114891052246,
            0.31561893224716187
        ]
    ],
    "last_action_method": "return_last_retrieved_list",
    "curr_top_k_docIDs": [
        "doc1443840",
        "doc28244",
        "doc28243",
        "doc1443814",
        "doc1443875",
        "doc2095383",
        "doc1802839",
        "doc1945489",
        "doc1182941",
        "doc683954",
        "doc1274745",
        "doc28261",
        "doc348899",
        "doc2661328",
        "doc1772915",
        "doc991780",
        "doc1443869",
        "doc705198",
        "doc2169558",
        "doc1127673",
        "doc1115677",
        "doc532511",
        "doc2509813",
        "doc1701934",
        "doc316334",
        "doc705173",
        "doc991793",
        "doc1073361",
        "doc855041",
        "doc1950207",
        "doc312624",
        "doc642360",
        "doc171811",
        "doc2078832",
        "doc2359791",
        "doc2334655",
        "doc523527",
        "doc1196620",
        "doc1349163",
        "doc1879342",
        "doc1897989",
        "doc1337802",
        "doc1745695",
        "doc1929349",
        "doc2411515",
        "doc2143438",
        "doc1334113",
        "doc164726",
        "doc1415107",
        "doc68279",
        "doc1495595",
        "doc2142132",
        "doc2475853",
        "doc862169",
        "doc683960",
        "doc77459",
        "doc1802815",
        "doc1696548",
        "doc1112336",
        "doc2198951"
    ],
    "terminate": true,
    "state_history": [
        {
            "queries": [
                "who is given credit for the gnu initiative"
            ],
            "iteration": 0
        },
        {
            "queries": [
                "who is given credit for the gnu initiative"
            ],
            "iteration": 0,
            "retrieved_lists": [
                [
                    "doc1443840",
                    "doc28244",
                    "doc28243",
                    "doc1443814",
                    "doc1443875",
                    "doc2095383",
                    "doc1802839",
                    "doc1945489",
                    "doc1182941",
                    "doc683954",
                    "doc1274745",
                    "doc28261",
                    "doc348899",
                    "doc2661328",
                    "doc1772915",
                    "doc991780",
                    "doc1443869",
                    "doc705198",
                    "doc2169558",
                    "doc1127673",
                    "doc1115677",
                    "doc532511",
                    "doc2509813",
                    "doc1701934",
                    "doc316334",
                    "doc705173",
                    "doc991793",
                    "doc1073361",
                    "doc855041",
                    "doc1950207",
                    "doc312624",
                    "doc642360",
                    "doc171811",
                    "doc2078832",
                    "doc2359791",
                    "doc2334655",
                    "doc523527",
                    "doc1196620",
                    "doc1349163",
                    "doc1879342",
                    "doc1897989",
                    "doc1337802",
                    "doc1745695",
                    "doc1929349",
                    "doc2411515",
                    "doc2143438",
                    "doc1334113",
                    "doc164726",
                    "doc1415107",
                    "doc68279",
                    "doc1495595",
                    "doc2142132",
                    "doc2475853",
                    "doc862169",
                    "doc683960",
                    "doc77459",
                    "doc1802815",
                    "doc1696548",
                    "doc1112336",
                    "doc2198951"
                ]
            ],