{
    "queries": [
        "I want to relax on beautiful beaches"
    ],
    "iteration": 0,
    "retrieved_lists": [
        [
            "8",
            "303",
            "346",
            "31",
            "366",
            "156",
            "91",
            "479",
            "185",
            "294",
            "316",
            "347",
            "158",
            "54",
            "19",
            "408",
            "399",
            "154",
            "437",
            "276",
            "113",
            "302",
            "539",
            "92",
            "114",
            "137",
            "219",
            "203",
            "322",
            "264"
        ]
    ],
    "all_sim_scores": [
        [
            0.6486829519271851,
            0.6400911211967468,
            0.6304832696914673,
            0.620621919631958,
            0.6175293922424316,
            0.6169636249542236,
            0.6145779490470886,
            0.6091322898864746,
            0.6076908111572266,
            0.6046092510223389,
            0.5990408062934875,
            0.5928638577461243,
            0.5904477834701538,
            0.5891005396842957,
            0.588833749294281,
            0.5880600214004517,
            0.5861506462097168,
            0.5853886008262634,
            0.5852885246276855,
            0.5827584862709045,
            0.5801835060119629,
            0.5788740515708923,
            0.5781776309013367,
            0.5772191286087036,
            0.576380729675293,
            0.5735505819320679,
            0.5720438957214355,
            0.5719466805458069,
            0.5712034106254578,
            0.5702041387557983
        ]
    ],
    "last_action_method": "check_max_q_reforms",
    "prompts": [
        "Return the best ordering of 10 of the document ids below given the query.\nFollow the output format example exactly and return only a python list of docIDs with exactly 10 IDs.\nDo not output city names.\n\nExample\n***\nQuery: tropical vacation destinations\n\nDocuments:\nDOCID: 1\t|\t TEXT: London\nDOCID: 4   |    TEXT: Cancun\nDOCID: 2456\t|\tTEXT: Myrtle Beach\n\nOutput: [\"4\", \"2456\", \"1\"]\n***\n\nInputs:\n***\nQuery: I want to relax on beautiful beaches\n\nDocuments:\n\nDOCID: 8\t|\tTEXT: Acapulco\n\nDOCID: 303\t|\tTEXT: Myrtle Beach\n\nDOCID: 346\t|\tTEXT: Phuket\n\nDOCID: 31\t|\tTEXT: Aruba\n\nDOCID: 366\t|\tTEXT: Punta Cana\n\nDOCID: 156\t|\tTEXT: Gold Coast\n\nDOCID: 91\t|\tTEXT: Canc\u00fan\n\nDOCID: 479\t|\tTEXT: Tenerife\n\nDOCID: 185\t|\tTEXT: Ibiza\n\nDOCID: 294\t|\tTEXT: Monterey (California)\n\nDOCID: 316\t|\tTEXT: Nassau\n\nDOCID: 347\t|\tTEXT: Phuket Town\n\nDOCID: 158\t|\tTEXT: Gran Canaria\n\nDOCID: 54\t|\tTEXT: Barbados\n\nDOCID: 19\t|\tTEXT: Alicante\n\nDOCID: 408\t|\tTEXT: Santa Barbara\n\nDOCID: 399\t|\tTEXT: San Diego\n\nDOCID: 154\t|\tTEXT: George Town (Malaysia)\n\nDOCID: 437\t|\tTEXT: Singapore\n\nDOCID: 276\t|\tTEXT: Mauritius\n\nDOCID: 113\t|\tTEXT: Cozumel\n\nDOCID: 302\t|\tTEXT: Muscat\n\nDOCID: 539\t|\tTEXT: West Palm Beach\n\nDOCID: 92\t|\tTEXT: Cape Town\n\nDOCID: 114\t|\tTEXT: Cura\u00e7ao\n\nDOCID: 137\t|\tTEXT: Fiji\n\nDOCID: 219\t|\tTEXT: Ko Samui\n\nDOCID: 203\t|\tTEXT: Kailua-Kona\n\nDOCID: 322\t|\tTEXT: Nice\n\nDOCID: 264\t|\tTEXT: Maldives\n\n***\n\nOutput:"
    ],
    "responses": [
        "```python\n[\"346\", \"91\", \"31\", \"366\", \"156\", \"54\", \"114\", \"137\", \"219\", \"264\"]\n```\n"
    ],
    "curr_top_k_docIDs": [
        "346",
        "91",
        "31",
        "366",
        "156",
        "54",
        "114",
        "137",
        "219",
        "264"
    ],
    "terminate": true,
    "state_history": [
        {
            "queries": [
                "I want to relax on beautiful beaches"
            ],
            "iteration": 0
        },
        {
            "queries": [
                "I want to relax on beautiful beaches"
            ],
            "iteration": 0,
            "retrieved_lists": [
                [
                    "8",
                    "303",
                    "346",
                    "31",
                    "366",
                    "156",
                    "91",
                    "479",
                    "185",
                    "294",
                    "316",
                    "347",
                    "158",
                    "54",
                    "19",
                    "408",
                    "399",
                    "154",
                    "437",
                    "276",
                    "113",
                    "302",
                    "539",
                    "92",
                    "114",
                    "137",
                    "219",
                    "203",
                    "322",
                    "264"
                ]
            ],
            "all_sim_scores": [
                [
                    0.6486829519271851,
                    0.6400911211967468,
                    0.6304832696914673,
                    0.620621919631958,
                    0.6175293922424316,
                    0.6169636249542236,
                    0.6145779490470886,
                    0.6091322898864746,
                    0.6076908111572266,
                    0.6046092510223389,
                    0.5990408062934875,
                    0.5928638577461243,
                    0.5904477834701538,
                    0.5891005396842957,
                    0.588833749294281,
                    0.5880600214004517,
                    0.5861506462097168,
                    0.5853886008262634,
                    0.5852885246276855,
                    0.5827584862709045,
                    0.5801835060119629,
                    0.5788740515708923,
                    0.5781776309013367,
                    0.5772191286087036,
                    0.576380729675293,
                    0.5735505819320679,
                    0.5720438957214355,
                    0.5719466805458069,
                    0.5712034106254578,
                    0.5702041387557983
                ]
            ],
            "last_action_method": "rank"
        },
        {
            "queries": [
                "I want to relax on beautiful beaches"
            ],
            "iteration": 0,
            "retrieved_lists": [
                [
                    "8",
                    "303",
                    "346",
                    "31",
                    "366",
                    "156",
                    "91",
                    "479",
                    "185",
                    "294",
                    "316",
                    "347",
                    "158",
                    "54",
                    "19",
                    "408",
                    "399",
                    "154",
                    "437",
                    "276",
                    "113",
                    "302",
                    "539",
                    "92",
                    "114",
                    "137",
                    "219",
                    "203",
                    "322",
                    "264"
                ]
            ],