{
    "queries": [
        "Ideal cities for a digital detox"
    ],
    "iteration": 0,
    "retrieved_lists": [
        [
            "251",
            "400",
            "320",
            "237",
            "399",
            "201",
            "516",
            "52",
            "141",
            "105"
        ]
    ],
    "all_sim_scores": [
        [
            0.6346624493598938,
            0.6328401565551758,
            0.6255843639373779,
            0.6216466426849365,
            0.6202020049095154,
            0.6180746555328369,
            0.6173474788665771,
            0.6172776222229004,
            0.6165895462036133,
            0.6124680638313293
        ]
    ],
    "last_action_method": "return_last_retrieved_list",
    "curr_top_k_docIDs": [
        "251",
        "400",
        "320",
        "237",
        "399",
        "201",
        "516",
        "52",
        "141",
        "105"
    ],
    "terminate": true,
    "state_history": [
        {
            "queries": [
                "Ideal cities for a digital detox"
            ],
            "iteration": 0
        },
        {
            "queries": [
                "Ideal cities for a digital detox"
            ],
            "iteration": 0,
            "retrieved_lists": [
                [
                    "251",
                    "400",
                    "320",
                    "237",
                    "399",
                    "201",
                    "516",
                    "52",
                    "141",
                    "105"
                ]
            ],
            "all_sim_scores": [
                [
                    0.6346624493598938,
                    0.6328401565551758,
                    0.6255843639373779,
                    0.6216466426849365,
                    0.6202020049095154,
                    0.6180746555328369,
                    0.6173474788665771,
                    0.6172776222229004,
                    0.6165895462036133,
                    0.6124680638313293
                ]
            ],
            "last_action_method": "rank"
        },
        {
            "queries": [
                "Ideal cities for a digital detox"
            ],
            "iteration": 0,
            "retrieved_lists": [
                [
                    "251",
                    "400",
                    "320",
                    "237",
                    "399",
                    "201",
                    "516",
                    "52",
                    "141",
                    "105"
                ]
            ],
            "all_sim_scores": [
                [
                    0.6346624493598938,
                    0.6328401565551758,
                    0.6255843639373779,
                    0.6216466426849365,
                    0.6202020049095154,
                    0.6180746555328369,
                    0.6173474788665771,
                    0.6172776222229004,
                    0.6165895462036133,
                    0.6124680638313293
                ]
            ],
            "last_action_method": "return_last_retrieved_list",
            "curr_top_k_docIDs": [
                "251",
                "400",
                "320",
                "237",
                "399",
                "201",
                "516",
                "52",
                "141",
                "105"
            ],
            "terminate": true
        }
    ]
}