{
    "queries": [
        "who wrote how do you do it by gerry and the pacemakers"
    ],
    "iteration": 0,
    "retrieved_lists": [
        [
            "doc340953",
            "doc71222",
            "doc341222",
            "doc2206733",
            "doc1361949",
            "doc1944824",
            "doc388537",
            "doc2634577",
            "doc311787",
            "doc1737047",
            "doc1737091",
            "doc1737080",
            "doc1045210",
            "doc495780",
            "doc171845",
            "doc646400",
            "doc1747366",
            "doc1621658",
            "doc2008405",
            "doc820991",
            "doc1122096",
            "doc2475936",
            "doc1937217",
            "doc901212",
            "doc607088",
            "doc1881879",
            "doc2241982",
            "doc912745",
            "doc896767",
            "doc2084105",
            "doc323313",
            "doc715813",
            "doc892783",
            "doc1736930",
            "doc574279",
            "doc2448656",
            "doc2301727",
            "doc108265",
            "doc364885",
            "doc2364166",
            "doc704163",
            "doc1801792",
            "doc985436",
            "doc614043",
            "doc2586309",
            "doc1363125",
            "doc2417347",
            "doc2075882",
            "doc203340",
            "doc804303",
            "doc371416",
            "doc962828",
            "doc123206",
            "doc1966002",
            "doc2103268",
            "doc1671834",
            "doc2182888",
            "doc389670",
            "doc2544140",
            "doc209060"
        ]
    ],
    "all_sim_scores": [
        [
            0.47519105672836304,
            0.464987576007843,
            0.44422560930252075,
            0.42261120676994324,
            0.4165004789829254,
            0.4109896421432495,
            0.3982384502887726,
            0.39728081226348877,
            0.397034615278244,
            0.3934749662876129,
            0.3934749662876129,
            0.3934749662876129,
            0.38550835847854614,
            0.38463735580444336,
            0.38238173723220825,
            0.3809918761253357,
            0.38090601563453674,
            0.3764902949333191,
            0.37522995471954346,
            0.37522459030151367,
            0.3751640319824219,
            0.37433797121047974,
            0.37294915318489075,
            0.37080955505371094,
            0.3657955527305603,
            0.36576950550079346,
            0.36557215452194214,
            0.36347681283950806,
            0.36146649718284607,
            0.3590667247772217,
            0.3590098023414612,
            0.35659289360046387,
            0.3555648922920227,
            0.3544437289237976,
            0.3529258966445923,
            0.3527676463127136,
            0.3521117866039276,
            0.35082459449768066,
            0.34973108768463135,
            0.34717386960983276,
            0.34679168462753296,
            0.346709668636322,
            0.34604763984680176,
            0.3457798361778259,
            0.34549278020858765,
            0.34502512216567993,
            0.3447147011756897,
            0.3440134823322296,
            0.34370410442352295,
            0.34303390979766846,
            0.34261929988861084,
            0.3421855568885803,
            0.34170907735824585,
            0.34151768684387207,
            0.34135523438453674,
            0.340719610452652,
            0.3406868875026703,
            0.3402063548564911,
            0.33773842453956604,
            0.3371727466583252
        ]
    ],
    "last_action_method": "return_last_retrieved_list",
    "curr_top_k_docIDs": [
        "doc340953",
        "doc71222",
        "doc341222",
        "doc2206733",
        "doc1361949",
        "doc1944824",
        "doc388537",
        "doc2634577",
        "doc311787",
        "doc1737047",
        "doc1737091",
        "doc1737080",
        "doc1045210",
        "doc495780",
        "doc171845",
        "doc646400",
        "doc1747366",
        "doc1621658",
        "doc2008405",
        "doc820991",
        "doc1122096",
        "doc2475936",
        "doc1937217",
        "doc901212",
        "doc607088",
        "doc1881879",
        "doc2241982",
        "doc912745",
        "doc896767",
        "doc2084105",
        "doc323313",
        "doc715813",
        "doc892783",
        "doc1736930",
        "doc574279",
        "doc2448656",
        "doc2301727",
        "doc108265",
        "doc364885",
        "doc2364166",
        "doc704163",
        "doc1801792",
        "doc985436",
        "doc614043",
        "doc2586309",
        "doc1363125",
        "doc2417347",
        "doc2075882",
        "doc203340",
        "doc804303",
        "doc371416",
        "doc962828",
        "doc123206",
        "doc1966002",
        "doc2103268",
        "doc1671834",
        "doc2182888",
        "doc389670",
        "doc2544140",
        "doc209060"
    ],
    "terminate": true,
    "state_history": [
        {
            "queries": [
                "who wrote how do you do it by gerry and the pacemakers"
            ],
            "iteration": 0
        },
        {
            "queries": [
                "who wrote how do you do it by gerry and the pacemakers"
            ],
            "iteration": 0,
            "retrieved_lists": [
                [
                    "doc340953",
                    "doc71222",
                    "doc341222",
                    "doc2206733",
                    "doc1361949",
                    "doc1944824",
                    "doc388537",
                    "doc2634577",
                    "doc311787",
                    "doc1737047",
                    "doc1737091",
                    "doc1737080",
                    "doc1045210",
                    "doc495780",
                    "doc171845",
                    "doc646400",
                    "doc1747366",
                    "doc1621658",
                    "doc2008405",
                    "doc820991",
                    "doc1122096",
                    "doc2475936",
                    "doc1937217",
                    "doc901212",
                    "doc607088",
                    "doc1881879",
                    "doc2241982",
                    "doc912745",
                    "doc896767",
                    "doc2084105",
                    "doc323313",
                    "doc715813",
                    "doc892783",
                    "doc1736930",
                    "doc574279",
                    "doc2448656",
                    "doc2301727",
                    "doc108265",
                    "doc364885",
                    "doc2364166",
                    "doc704163",
                    "doc1801792",
                    "doc985436",
                    "doc614043",
                    "doc2586309",
                    "doc1363125",
                    "doc2417347",
                    "doc2075882",
                    "doc203340",
                    "doc804303",
                    "doc371416",
                    "doc962828",
                    "doc123206",
                    "doc1966002",
                    "doc2103268",
                    "doc1671834",
                    "doc2182888",
                    "doc389670",
                    "doc2544140",
                    "doc209060"
                ]
            ],