{
    "queries": [
        "Beautiful cities near water bodies"
    ],
    "iteration": 0,
    "retrieved_lists": [
        [
            "392",
            "520",
            "338",
            "342",
            "199",
            "490",
            "264",
            "1",
            "362",
            "124",
            "283",
            "177",
            "42",
            "61",
            "331",
            "116",
            "136",
            "6",
            "303",
            "334",
            "467",
            "350",
            "398",
            "428",
            "280",
            "368",
            "377",
            "498",
            "320",
            "188",
            "92",
            "347",
            "178",
            "233",
            "380",
            "96",
            "400",
            "332",
            "245",
            "138",
            "482",
            "107",
            "319",
            "255",
            "339",
            "193",
            "58",
            "153",
            "407",
            "457",
            "530",
            "249",
            "269",
            "340",
            "147",
            "226",
            "57",
            "231",
            "259",
            "543"
        ]
    ],
    "all_sim_scores": [
        [
            0.4439173638820648,
            0.3903936743736267,
            0.389090359210968,
            0.37442147731781006,
            0.37153834104537964,
            0.36826056241989136,
            0.35741645097732544,
            0.3527589440345764,
            0.35155487060546875,
            0.350632905960083,
            0.34882909059524536,
            0.34802740812301636,
            0.3454418182373047,
            0.3449416756629944,
            0.34459471702575684,
            0.34372973442077637,
            0.34269994497299194,
            0.3417169451713562,
            0.34124755859375,
            0.3412123918533325,
            0.34113559126853943,
            0.33866822719573975,
            0.33574169874191284,
            0.33506572246551514,
            0.3327360153198242,
            0.3327048420906067,
            0.3326232433319092,
            0.331211656332016,
            0.33082056045532227,
            0.32998645305633545,
            0.3288384675979614,
            0.3281025290489197,
            0.3272860646247864,
            0.32662755250930786,
            0.3244760036468506,
            0.3243240714073181,
            0.3241288661956787,
            0.32338008284568787,
            0.3229115605354309,
            0.3224712610244751,
            0.3199140429496765,
            0.31922927498817444,
            0.3188239634037018,
            0.31833499670028687,
            0.3175147771835327,
            0.3172743320465088,
            0.31674909591674805,
            0.3161003291606903,
            0.31602251529693604,
            0.3149105906486511,
            0.3144688606262207,
            0.31386685371398926,
            0.3134806454181671,
            0.31200194358825684,
            0.3116319477558136,
            0.3110087513923645,
            0.3106016516685486,
            0.3104040026664734,
            0.31011685729026794,
            0.3100862503051758
        ]
    ],
    "last_action_method": "return_last_retrieved_list",
    "curr_top_k_docIDs": [
        "392",
        "520",
        "338",
        "342",
        "199",
        "490",
        "264",
        "1",
        "362",
        "124",
        "283",
        "177",
        "42",
        "61",
        "331",
        "116",
        "136",
        "6",
        "303",
        "334",
        "467",
        "350",
        "398",
        "428",
        "280",
        "368",
        "377",
        "498",
        "320",
        "188",
        "92",
        "347",
        "178",
        "233",
        "380",
        "96",
        "400",
        "332",
        "245",
        "138",
        "482",
        "107",
        "319",
        "255",
        "339",
        "193",
        "58",
        "153",
        "407",
        "457",
        "530",
        "249",
        "269",
        "340",
        "147",
        "226",
        "57",
        "231",
        "259",
        "543"
    ],
    "terminate": true,
    "state_history": [
        {
            "queries": [
                "Beautiful cities near water bodies"
            ],
            "iteration": 0
        },
        {
            "queries": [
                "Beautiful cities near water bodies"
            ],
            "iteration": 0,
            "retrieved_lists": [
                [
                    "392",
                    "520",
                    "338",
                    "342",
                    "199",
                    "490",
                    "264",
                    "1",
                    "362",
                    "124",
                    "283",
                    "177",
                    "42",
                    "61",
                    "331",
                    "116",
                    "136",
                    "6",
                    "303",
                    "334",
                    "467",
                    "350",
                    "398",
                    "428",
                    "280",
                    "368",
                    "377",
                    "498",
                    "320",
                    "188",
                    "92",
                    "347",
                    "178",
                    "233",
                    "380",
                    "96",
                    "400",
                    "332",
                    "245",
                    "138",
                    "482",
                    "107",
                    "319",
                    "255",
                    "339",
                    "193",
                    "58",
                    "153",
                    "407",
                    "457",
                    "530",
                    "249",
                    "269",
                    "340",
                    "147",
                    "226",
                    "57",
                    "231",
                    "259",
                    "543"
                ]
            ],