{
    "queries": [
        "Family friendly cities for vacations"
    ],
    "iteration": 0,
    "retrieved_lists": [
        [
            "399",
            "330",
            "303",
            "120",
            "141",
            "338",
            "320",
            "187",
            "408",
            "43"
        ]
    ],
    "all_sim_scores": [
        [
            0.6622685790061951,
            0.6590622067451477,
            0.6501235365867615,
            0.6446851491928101,
            0.6409789323806763,
            0.6404362320899963,
            0.6385905146598816,
            0.6380342841148376,
            0.637126624584198,
            0.6356139183044434
        ]
    ],
    "last_action_method": "return_last_retrieved_list",
    "curr_top_k_docIDs": [
        "399",
        "330",
        "303",
        "120",
        "141",
        "338",
        "320",
        "187",
        "408",
        "43"
    ],
    "terminate": true,
    "state_history": [
        {
            "queries": [
                "Family friendly cities for vacations"
            ],
            "iteration": 0
        },
        {
            "queries": [
                "Family friendly cities for vacations"
            ],
            "iteration": 0,
            "retrieved_lists": [
                [
                    "399",
                    "330",
                    "303",
                    "120",
                    "141",
                    "338",
                    "320",
                    "187",
                    "408",
                    "43"
                ]
            ],
            "all_sim_scores": [
                [
                    0.6622685790061951,
                    0.6590622067451477,
                    0.6501235365867615,
                    0.6446851491928101,
                    0.6409789323806763,
                    0.6404362320899963,
                    0.6385905146598816,
                    0.6380342841148376,
                    0.637126624584198,
                    0.6356139183044434
                ]
            ],
            "last_action_method": "rank"
        },
        {
            "queries": [
                "Family friendly cities for vacations"
            ],
            "iteration": 0,
            "retrieved_lists": [
                [
                    "399",
                    "330",
                    "303",
                    "120",
                    "141",
                    "338",
                    "320",
                    "187",
                    "408",
                    "43"
                ]
            ],
            "all_sim_scores": [
                [
                    0.6622685790061951,
                    0.6590622067451477,
                    0.6501235365867615,
                    0.6446851491928101,
                    0.6409789323806763,
                    0.6404362320899963,
                    0.6385905146598816,
                    0.6380342841148376,
                    0.637126624584198,
                    0.6356139183044434
                ]
            ],
            "last_action_method": "return_last_retrieved_list",
            "curr_top_k_docIDs": [
                "399",
                "330",
                "303",
                "120",
                "141",
                "338",
                "320",
                "187",
                "408",
                "43"
            ],
            "terminate": true
        }
    ]
}