{
    "queries": [
        "Most beautiful island cities to explore"
    ],
    "iteration": 0,
    "retrieved_lists": [
        [
            "388",
            "149",
            "136",
            "369",
            "316",
            "276",
            "96",
            "216",
            "403",
            "415"
        ]
    ],
    "all_sim_scores": [
        [
            0.4794546961784363,
            0.46477922797203064,
            0.4539915919303894,
            0.4411988854408264,
            0.41499805450439453,
            0.41438889503479004,
            0.39346081018447876,
            0.38743942975997925,
            0.38076573610305786,
            0.37589871883392334
        ]
    ],
    "last_action_method": "return_last_retrieved_list",
    "curr_top_k_docIDs": [
        "388",
        "149",
        "136",
        "369",
        "316",
        "276",
        "96",
        "216",
        "403",
        "415"
    ],
    "terminate": true,
    "state_history": [
        {
            "queries": [
                "Most beautiful island cities to explore"
            ],
            "iteration": 0
        },
        {
            "queries": [
                "Most beautiful island cities to explore"
            ],
            "iteration": 0,
            "retrieved_lists": [
                [
                    "388",
                    "149",
                    "136",
                    "369",
                    "316",
                    "276",
                    "96",
                    "216",
                    "403",
                    "415"
                ]
            ],
            "all_sim_scores": [
                [
                    0.4794546961784363,
                    0.46477922797203064,
                    0.4539915919303894,
                    0.4411988854408264,
                    0.41499805450439453,
                    0.41438889503479004,
                    0.39346081018447876,
                    0.38743942975997925,
                    0.38076573610305786,
                    0.37589871883392334
                ]
            ],
            "last_action_method": "rank"
        },
        {
            "queries": [
                "Most beautiful island cities to explore"
            ],
            "iteration": 0,
            "retrieved_lists": [
                [
                    "388",
                    "149",
                    "136",
                    "369",
                    "316",
                    "276",
                    "96",
                    "216",
                    "403",
                    "415"
                ]
            ],
            "all_sim_scores": [
                [
                    0.4794546961784363,
                    0.46477922797203064,
                    0.4539915919303894,
                    0.4411988854408264,
                    0.41499805450439453,
                    0.41438889503479004,
                    0.39346081018447876,
                    0.38743942975997925,
                    0.38076573610305786,
                    0.37589871883392334
                ]
            ],
            "last_action_method": "return_last_retrieved_list",
            "curr_top_k_docIDs": [
                "388",
                "149",
                "136",
                "369",
                "316",
                "276",
                "96",
                "216",
                "403",
                "415"
            ],
            "terminate": true
        }
    ]
}