{
    "queries": [
        "Recommended cities for company teambuilding"
    ],
    "iteration": 0,
    "retrieved_lists": [
        [
            "52",
            "120",
            "401",
            "423",
            "109",
            "392",
            "365",
            "385",
            "71",
            "251",
            "486",
            "432",
            "119",
            "201",
            "157",
            "371",
            "320",
            "378",
            "187",
            "204",
            "400",
            "352",
            "399",
            "105",
            "307",
            "43",
            "349",
            "338",
            "468",
            "96",
            "308",
            "328",
            "180",
            "265",
            "425",
            "565",
            "44",
            "61",
            "100",
            "330",
            "532",
            "492",
            "286",
            "439",
            "542",
            "300",
            "122",
            "121",
            "283",
            "516",
            "367",
            "49",
            "102",
            "46",
            "74",
            "222",
            "404",
            "141",
            "402",
            "78"
        ]
    ],
    "all_sim_scores": [
        [
            0.6260272264480591,
            0.6210837960243225,
            0.6207533478736877,
            0.6153189539909363,
            0.6103271842002869,
            0.6054123640060425,
            0.6048393249511719,
            0.6046404242515564,
            0.603944718837738,
            0.6028076410293579,
            0.5997494459152222,
            0.5995253920555115,
            0.598995566368103,
            0.5985919237136841,
            0.5973713994026184,
            0.596881628036499,
            0.5965699553489685,
            0.5953959226608276,
            0.5952359437942505,
            0.5950272679328918,
            0.594579815864563,
            0.593728244304657,
            0.5932527780532837,
            0.5914269685745239,
            0.5903249979019165,
            0.589911937713623,
            0.5883604288101196,
            0.5872611999511719,
            0.5871723890304565,
            0.5851402282714844,
            0.5826758146286011,
            0.5822807550430298,
            0.5816774964332581,
            0.5811638832092285,
            0.5795094966888428,
            0.5794815421104431,
            0.5786214470863342,
            0.5785174369812012,
            0.5783748626708984,
            0.5770531296730042,
            0.5764650106430054,
            0.5762231349945068,
            0.5761690139770508,
            0.5756130218505859,
            0.5756036043167114,
            0.5754576921463013,
            0.5743097066879272,
            0.5738183259963989,
            0.573250412940979,
            0.5731792449951172,
            0.5721340179443359,
            0.5718393921852112,
            0.5708158612251282,
            0.570667028427124,
            0.5698875188827515,
            0.5692360997200012,
            0.5681639313697815,
            0.5680335760116577,
            0.567237138748169,
            0.5669483542442322
        ]
    ],
    "last_action_method": "return_last_retrieved_list",
    "curr_top_k_docIDs": [
        "52",
        "120",
        "401",
        "423",
        "109",
        "392",
        "365",
        "385",
        "71",
        "251",
        "486",
        "432",
        "119",
        "201",
        "157",
        "371",
        "320",
        "378",
        "187",
        "204",
        "400",
        "352",
        "399",
        "105",
        "307",
        "43",
        "349",
        "338",
        "468",
        "96",
        "308",
        "328",
        "180",
        "265",
        "425",
        "565",
        "44",
        "61",
        "100",
        "330",
        "532",
        "492",
        "286",
        "439",
        "542",
        "300",
        "122",
        "121",
        "283",
        "516",
        "367",
        "49",
        "102",
        "46",
        "74",
        "222",
        "404",
        "141",
        "402",
        "78"
    ],
    "terminate": true,
    "state_history": [
        {
            "queries": [
                "Recommended cities for company teambuilding"
            ],
            "iteration": 0
        },
        {
            "queries": [
                "Recommended cities for company teambuilding"
            ],
            "iteration": 0,
            "retrieved_lists": [
                [
                    "52",
                    "120",
                    "401",
                    "423",
                    "109",
                    "392",
                    "365",
                    "385",
                    "71",
                    "251",
                    "486",
                    "432",
                    "119",
                    "201",
                    "157",
                    "371",
                    "320",
                    "378",
                    "187",
                    "204",
                    "400",
                    "352",
                    "399",
                    "105",
                    "307",
                    "43",
                    "349",
                    "338",
                    "468",
                    "96",
                    "308",
                    "328",
                    "180",
                    "265",
                    "425",
                    "565",
                    "44",
                    "61",
                    "100",
                    "330",
                    "532",
                    "492",
                    "286",
                    "439",
                    "542",
                    "300",
                    "122",
                    "121",
                    "283",
                    "516",
                    "367",
                    "49",
                    "102",
                    "46",
                    "74",
                    "222",
                    "404",
                    "141",
                    "402",
                    "78"
                ]
            ],