{
    "queries": [
        "Ideal cities for a digital detox"
    ],
    "iteration": 0,
    "retrieved_lists": [
        [
            "320",
            "400",
            "283",
            "204",
            "343",
            "180",
            "490",
            "15",
            "310",
            "105"
        ]
    ],
    "all_sim_scores": [
        [
            0.3697241544723511,
            0.36009564995765686,
            0.34919458627700806,
            0.319812148809433,
            0.3130849003791809,
            0.30682387948036194,
            0.3063277304172516,
            0.305105596780777,
            0.3046092689037323,
            0.3042187988758087
        ]
    ],
    "last_action_method": "return_last_retrieved_list",
    "curr_top_k_docIDs": [
        "320",
        "400",
        "283",
        "204",
        "343",
        "180",
        "490",
        "15",
        "310",
        "105"
    ],
    "terminate": true,
    "state_history": [
        {
            "queries": [
                "Ideal cities for a digital detox"
            ],
            "iteration": 0
        },
        {
            "queries": [
                "Ideal cities for a digital detox"
            ],
            "iteration": 0,
            "retrieved_lists": [
                [
                    "320",
                    "400",
                    "283",
                    "204",
                    "343",
                    "180",
                    "490",
                    "15",
                    "310",
                    "105"
                ]
            ],
            "all_sim_scores": [
                [
                    0.3697241544723511,
                    0.36009564995765686,
                    0.34919458627700806,
                    0.319812148809433,
                    0.3130849003791809,
                    0.30682387948036194,
                    0.3063277304172516,
                    0.305105596780777,
                    0.3046092689037323,
                    0.3042187988758087
                ]
            ],
            "last_action_method": "rank"
        },
        {
            "queries": [
                "Ideal cities for a digital detox"
            ],
            "iteration": 0,
            "retrieved_lists": [
                [
                    "320",
                    "400",
                    "283",
                    "204",
                    "343",
                    "180",
                    "490",
                    "15",
                    "310",
                    "105"
                ]
            ],
            "all_sim_scores": [
                [
                    0.3697241544723511,
                    0.36009564995765686,
                    0.34919458627700806,
                    0.319812148809433,
                    0.3130849003791809,
                    0.30682387948036194,
                    0.3063277304172516,
                    0.305105596780777,
                    0.3046092689037323,
                    0.3042187988758087
                ]
            ],
            "last_action_method": "return_last_retrieved_list",
            "curr_top_k_docIDs": [
                "320",
                "400",
                "283",
                "204",
                "343",
                "180",
                "490",
                "15",
                "310",
                "105"
            ],
            "terminate": true
        }
    ]
}